[0m11:53:36.857005 [debug] [MainThread]: Sending event: {'category': 'dbt', 'action': 'invocation', 'label': 'start', 'context': [<snowplow_tracker.self_describing_json.SelfDescribingJson object at 0x00000246DF2C1880>, <snowplow_tracker.self_describing_json.SelfDescribingJson object at 0x00000246DDEC8B30>, <snowplow_tracker.self_describing_json.SelfDescribingJson object at 0x00000246DF9D22A0>]}


============================== 11:53:36.861009 | ac1517db-35cd-4163-bd89-47e9373a7ceb ==============================
[0m11:53:36.861009 [info ] [MainThread]: Running with dbt=1.12.4
[0m11:53:36.862000 [debug] [MainThread]: running dbt with arguments {'version_check': 'True', 'no_print': 'None', 'maximum_seed_size_mib': '1', 'warn_error_options': 'WarnErrorOptionsV2(error=[], warn=[], silence=[])', 'target_path': 'None', 'static_parser': 'True', 'printer_width': '80', 'write_json': 'True', 'introspect': 'True', 'log_cache_events': 'False', 'empty': 'None', 'cache_selected_only': 'False', 'fail_fast': 'False', 'debug': 'False', 'log_format': 'default', 'partial_parse': 'True', 'send_anonymous_usage_stats': 'True', 'quiet': 'False', 'warn_error': 'None', 'profiles_dir': 'C:\\Users\\Zaheer Alam\\.dbt', 'use_colors': 'True', 'hints_enabled': 'True', 'indirect_selection': 'eager', 'use_experimental_parser': 'False', 'invocation_command': 'dbt ', 'log_path': 'c:\\Users\\Zaheer Alam\\Desktop\\all files\\AWS_DBT_Snowflake\\aws_dbt_snowflake_project\\logs'}
[0m11:53:37.026856 [debug] [MainThread]: Sending event: {'category': 'dbt', 'action': 'project_id', 'label': 'ac1517db-35cd-4163-bd89-47e9373a7ceb', 'context': [<snowplow_tracker.self_describing_json.SelfDescribingJson object at 0x00000246E19B9E50>]}
[0m11:53:37.388479 [info ] [MainThread]: Warning: No packages were found in packages.yml
[0m11:53:37.389494 [info ] [MainThread]: Warning: No packages were found in packages.yml
[0m11:53:37.390499 [debug] [MainThread]: Command `cli deps` succeeded at 11:53:37.390499 after 0.69 seconds
[0m11:53:37.391490 [debug] [MainThread]: Sending event: {'category': 'dbt', 'action': 'invocation', 'label': 'end', 'context': [<snowplow_tracker.self_describing_json.SelfDescribingJson object at 0x00000246E1C8CBF0>, <snowplow_tracker.self_describing_json.SelfDescribingJson object at 0x00000246E1C8C290>, <snowplow_tracker.self_describing_json.SelfDescribingJson object at 0x00000246E1BFED80>]}
[0m11:53:37.391490 [debug] [MainThread]: Flushing usage events
[0m11:53:39.056639 [debug] [MainThread]: An error was encountered while trying to flush usage events
[0m12:10:34.467209 [debug] [MainThread]: Sending event: {'category': 'dbt', 'action': 'invocation', 'label': 'start', 'context': [<snowplow_tracker.self_describing_json.SelfDescribingJson object at 0x0000011B34D1C1A0>, <snowplow_tracker.self_describing_json.SelfDescribingJson object at 0x0000011B33049E80>, <snowplow_tracker.self_describing_json.SelfDescribingJson object at 0x0000011B33273830>]}


============================== 12:10:34.477238 | a35c1d2b-932d-48e7-a979-914174a850a8 ==============================
[0m12:10:34.477238 [info ] [MainThread]: Running with dbt=1.12.4
[0m12:10:34.477238 [debug] [MainThread]: running dbt with arguments {'maximum_seed_size_mib': '1', 'no_print': 'None', 'version_check': 'True', 'target_path': 'None', 'warn_error_options': 'WarnErrorOptionsV2(error=[], warn=[], silence=[])', 'static_parser': 'True', 'printer_width': '80', 'write_json': 'True', 'introspect': 'True', 'log_cache_events': 'False', 'empty': 'False', 'cache_selected_only': 'False', 'fail_fast': 'False', 'debug': 'False', 'log_format': 'default', 'partial_parse': 'True', 'send_anonymous_usage_stats': 'True', 'quiet': 'False', 'warn_error': 'None', 'profiles_dir': 'C:\\Users\\Zaheer Alam\\.dbt', 'indirect_selection': 'eager', 'hints_enabled': 'True', 'invocation_command': 'dbt run --select models/demo', 'use_experimental_parser': 'False', 'use_colors': 'True', 'log_path': 'C:\\Users\\Zaheer Alam\\Desktop\\all files\\AWS_DBT_Snowflake\\aws_dbt_snowflake_project\\logs'}
[0m12:10:35.124833 [debug] [MainThread]: Snowflake adapter: Setting snowflake.connector to ERROR (file logging only)
[0m12:10:35.124833 [debug] [MainThread]: Snowflake adapter: Setting botocore to ERROR (file logging only)
[0m12:10:35.125832 [debug] [MainThread]: Snowflake adapter: Setting boto3 to ERROR (file logging only)
[0m12:10:35.416790 [debug] [MainThread]: Sending event: {'category': 'dbt', 'action': 'project_id', 'label': 'a35c1d2b-932d-48e7-a979-914174a850a8', 'context': [<snowplow_tracker.self_describing_json.SelfDescribingJson object at 0x0000011B3077C0B0>]}
[0m12:10:35.481781 [debug] [MainThread]: Sending event: {'category': 'dbt', 'action': 'adapter_info', 'label': 'a35c1d2b-932d-48e7-a979-914174a850a8', 'context': [<snowplow_tracker.self_describing_json.SelfDescribingJson object at 0x0000011B35B665D0>]}
[0m12:10:35.481781 [info ] [MainThread]: Registered adapter: snowflake=1.12.0
[0m12:10:35.796096 [debug] [MainThread]: checksum: 5898aabf08c9bfee8ee956a138979f76ca666292702eae8cc33b5009f8451796, vars: {}, profile: aws_dbt_snowflake_project, target: dev, version: 1.12.4
[0m12:10:35.911065 [debug] [MainThread]: Partial parsing enabled: 0 files deleted, 0 files added, 0 files changed.
[0m12:10:35.916075 [debug] [MainThread]: Nothing changed, skipping partial parsing.
[0m12:10:35.916075 [debug] [MainThread]: Partial parsing enabled, no changes found, skipping parsing
[0m12:10:35.921095 [warn ] [MainThread]: [[33mWARNING[0m]: Configuration paths exist in your dbt_project.yml file which do not apply to any resources.
There are 1 unused configuration paths:
- models.aws_dbt_snowflake_project.example
[0m12:10:35.926096 [debug] [MainThread]: Sending event: {'category': 'dbt', 'action': 'load_project', 'label': 'a35c1d2b-932d-48e7-a979-914174a850a8', 'context': [<snowplow_tracker.self_describing_json.SelfDescribingJson object at 0x0000011B3639C380>]}
[0m12:10:36.019582 [debug] [MainThread]: Wrote artifact WritableManifest to C:\Users\Zaheer Alam\Desktop\all files\AWS_DBT_Snowflake\aws_dbt_snowflake_project\target\manifest.json
[0m12:10:36.034573 [debug] [MainThread]: Wrote artifact SemanticManifest to C:\Users\Zaheer Alam\Desktop\all files\AWS_DBT_Snowflake\aws_dbt_snowflake_project\target\semantic_manifest.json
[0m12:10:36.417046 [debug] [MainThread]: Wrote artifact OsiDocument to C:\Users\Zaheer Alam\Desktop\all files\AWS_DBT_Snowflake\aws_dbt_snowflake_project\target\osi_document.json
[0m12:10:36.502051 [debug] [MainThread]: Sending event: {'category': 'dbt', 'action': 'resource_counts', 'label': 'a35c1d2b-932d-48e7-a979-914174a850a8', 'context': [<snowplow_tracker.self_describing_json.SelfDescribingJson object at 0x0000011B367C4A40>]}
[0m12:10:36.502051 [info ] [MainThread]: Found 1 model, 545 macros
[0m12:10:36.502051 [debug] [MainThread]: Sending event: {'category': 'dbt', 'action': 'runnable_timing', 'label': 'a35c1d2b-932d-48e7-a979-914174a850a8', 'context': [<snowplow_tracker.self_describing_json.SelfDescribingJson object at 0x0000011B379F4BF0>]}
[0m12:10:36.507049 [info ] [MainThread]: 
[0m12:10:36.507049 [info ] [MainThread]: Concurrency: 1 threads (target='dev')
[0m12:10:36.507049 [info ] [MainThread]: 
[0m12:10:36.507049 [debug] [MainThread]: Acquiring new snowflake connection 'master'
[0m12:10:36.507049 [debug] [ThreadPool]: Acquiring new snowflake connection 'list_AIRBNB'
[0m12:10:36.527830 [debug] [ThreadPool]: Using snowflake connection "list_AIRBNB"
[0m12:10:36.528910 [debug] [ThreadPool]: On list_AIRBNB: show terse schemas in database AIRBNB
    limit 10000
/* {"app": "dbt", "dbt_version": "1.12.4", "profile_name": "aws_dbt_snowflake_project", "target_name": "dev", "connection_name": "list_AIRBNB"} */
[0m12:10:36.528910 [debug] [ThreadPool]: Opening a new connection, currently in state init
[0m12:10:37.831843 [debug] [ThreadPool]: SQL status: SUCCESS 3 in 1.305 seconds
[0m12:10:37.836866 [debug] [ThreadPool]: Re-using an available connection from the pool (formerly list_AIRBNB, now create_AIRBNB_dbt_schema)
[0m12:10:37.839283 [debug] [ThreadPool]: Creating schema "database: "AIRBNB"
schema: "dbt_schema"
"
[0m12:10:37.844319 [debug] [ThreadPool]: Using snowflake connection "create_AIRBNB_dbt_schema"
[0m12:10:37.844319 [debug] [ThreadPool]: On create_AIRBNB_dbt_schema: create schema if not exists AIRBNB.dbt_schema
/* {"app": "dbt", "dbt_version": "1.12.4", "profile_name": "aws_dbt_snowflake_project", "target_name": "dev", "connection_name": "create_AIRBNB_dbt_schema"} */
[0m12:10:38.022893 [debug] [ThreadPool]: SQL status: SUCCESS 1 in 0.177 seconds
[0m12:10:38.025292 [debug] [ThreadPool]: Acquiring new snowflake connection 'list_AIRBNB_dbt_schema'
[0m12:10:38.041122 [debug] [ThreadPool]: Using snowflake connection "list_AIRBNB_dbt_schema"
[0m12:10:38.041122 [debug] [ThreadPool]: On list_AIRBNB_dbt_schema: show objects in AIRBNB.dbt_schema
    limit 10000
    

/* {"app": "dbt", "dbt_version": "1.12.4", "profile_name": "aws_dbt_snowflake_project", "target_name": "dev", "connection_name": "list_AIRBNB_dbt_schema"} */;
[0m12:10:38.041122 [debug] [ThreadPool]: Opening a new connection, currently in state init
[0m12:10:38.839758 [debug] [ThreadPool]: SQL status: SUCCESS 0 in 0.801 seconds
[0m12:10:38.849545 [debug] [ThreadPool]: Using snowflake connection "list_AIRBNB_dbt_schema"
[0m12:10:38.849545 [debug] [ThreadPool]: On list_AIRBNB_dbt_schema: show user functions in AIRBNB.dbt_schema
/* {"app": "dbt", "dbt_version": "1.12.4", "profile_name": "aws_dbt_snowflake_project", "target_name": "dev", "connection_name": "list_AIRBNB_dbt_schema"} */
[0m12:10:39.054212 [debug] [ThreadPool]: SQL status: SUCCESS 0 in 0.202 seconds
[0m12:10:39.054212 [debug] [MainThread]: Sending event: {'category': 'dbt', 'action': 'runnable_timing', 'label': 'a35c1d2b-932d-48e7-a979-914174a850a8', 'context': [<snowplow_tracker.self_describing_json.SelfDescribingJson object at 0x0000011B36784F20>]}
[0m12:10:39.075463 [debug] [Thread-2 (]: Began running node model.aws_dbt_snowflake_project.demo
[0m12:10:39.075463 [info ] [Thread-2 (]: 1 of 1 START sql view model dbt_schema.demo .................................... [RUN]
[0m12:10:39.080458 [debug] [Thread-2 (]: Acquiring new snowflake connection 'model.aws_dbt_snowflake_project.demo'
[0m12:10:39.080458 [debug] [Thread-2 (]: Began compiling node model.aws_dbt_snowflake_project.demo
[0m12:10:39.085469 [debug] [Thread-2 (]: Writing injected SQL for node "model.aws_dbt_snowflake_project.demo"
[0m12:10:39.090534 [debug] [Thread-2 (]: Began executing node model.aws_dbt_snowflake_project.demo
[0m12:10:39.122320 [debug] [Thread-2 (]: Writing runtime sql for node "model.aws_dbt_snowflake_project.demo"
[0m12:10:39.122320 [debug] [Thread-2 (]: Using snowflake connection "model.aws_dbt_snowflake_project.demo"
[0m12:10:39.122320 [debug] [Thread-2 (]: On model.aws_dbt_snowflake_project.demo: create or replace   view AIRBNB.dbt_schema.demo
  
  
  
  
  as (
    SELECT * FROM AIRBNB.STAGING.LISTINGS LIMIT 10
/* {"app": "dbt", "dbt_version": "1.12.4", "profile_name": "aws_dbt_snowflake_project", "target_name": "dev", "node_id": "model.aws_dbt_snowflake_project.demo"} */;
[0m12:10:39.122320 [debug] [Thread-2 (]: Opening a new connection, currently in state init
[0m12:10:40.074063 [debug] [Thread-2 (]: Snowflake adapter: Snowflake query id: 01c6f8d0-000d-f904-0002-18660002100e
[0m12:10:40.074063 [debug] [Thread-2 (]: Snowflake adapter: Snowflake error: 001003 (42000): SQL compilation error:
syntax error line 8 at position 163 unexpected ';'.
[0m12:10:40.079081 [debug] [Thread-2 (]: Database Error in model demo (models\demo\demo.sql)
  001003 (42000): SQL compilation error:
  syntax error line 8 at position 163 unexpected ';'.
  compiled code at target\run\aws_dbt_snowflake_project\models\demo\demo.sql
[0m12:10:40.089072 [debug] [Thread-2 (]: Sending event: {'category': 'dbt', 'action': 'run_model', 'label': 'a35c1d2b-932d-48e7-a979-914174a850a8', 'context': [<snowplow_tracker.self_describing_json.SelfDescribingJson object at 0x0000011B37BA80B0>]}
[0m12:10:40.089072 [error] [Thread-2 (]: 1 of 1 ERROR creating sql view model dbt_schema.demo ........................... [[31mERROR[0m in 1.00s]
[0m12:10:40.094073 [debug] [Thread-2 (]: Finished running node model.aws_dbt_snowflake_project.demo
[0m12:10:40.094073 [debug] [Thread-5 (]: Marking all children of 'model.aws_dbt_snowflake_project.demo' to be skipped because of status 'error'.  Reason: Database Error in model demo (models\demo\demo.sql)
  001003 (42000): SQL compilation error:
  syntax error line 8 at position 163 unexpected ';'.
  compiled code at target\run\aws_dbt_snowflake_project\models\demo\demo.sql.
[0m12:10:40.094073 [debug] [MainThread]: Connection 'master' was properly closed.
[0m12:10:40.094073 [debug] [MainThread]: Connection 'create_AIRBNB_dbt_schema' was left open.
[0m12:10:40.094073 [debug] [MainThread]: On create_AIRBNB_dbt_schema: Close
[0m12:10:40.346720 [debug] [MainThread]: Connection 'list_AIRBNB_dbt_schema' was left open.
[0m12:10:40.346720 [debug] [MainThread]: On list_AIRBNB_dbt_schema: Close
[0m12:10:40.594845 [debug] [MainThread]: Connection 'model.aws_dbt_snowflake_project.demo' was left open.
[0m12:10:40.594845 [debug] [MainThread]: On model.aws_dbt_snowflake_project.demo: Close
[0m12:10:40.853235 [info ] [MainThread]: 
[0m12:10:40.854235 [info ] [MainThread]: Finished running 1 view model in 0 hours 0 minutes and 4.35 seconds (4.35s).
[0m12:10:40.855234 [debug] [MainThread]: Command end result
[0m12:10:40.897402 [debug] [MainThread]: Wrote artifact WritableManifest to C:\Users\Zaheer Alam\Desktop\all files\AWS_DBT_Snowflake\aws_dbt_snowflake_project\target\manifest.json
[0m12:10:40.902410 [debug] [MainThread]: Wrote artifact SemanticManifest to C:\Users\Zaheer Alam\Desktop\all files\AWS_DBT_Snowflake\aws_dbt_snowflake_project\target\semantic_manifest.json
[0m12:10:40.909144 [debug] [MainThread]: Wrote artifact OsiDocument to C:\Users\Zaheer Alam\Desktop\all files\AWS_DBT_Snowflake\aws_dbt_snowflake_project\target\osi_document.json
[0m12:10:40.915989 [debug] [MainThread]: Wrote artifact RunExecutionResult to C:\Users\Zaheer Alam\Desktop\all files\AWS_DBT_Snowflake\aws_dbt_snowflake_project\target\run_results.json
[0m12:10:40.915989 [info ] [MainThread]: 
[0m12:10:40.915989 [info ] [MainThread]: [31mCompleted with 1 error, 0 partial successes, and 0 warnings:[0m
[0m12:10:40.915989 [info ] [MainThread]: 
[0m12:10:40.915989 [error] [MainThread]: [[31mERROR[0m]: in model demo (models\demo\demo.sql)
[0m12:10:40.920961 [error] [MainThread]:   Database Error in model demo (models\demo\demo.sql)
  001003 (42000): SQL compilation error:
  syntax error line 8 at position 163 unexpected ';'.
  compiled code at target\run\aws_dbt_snowflake_project\models\demo\demo.sql
[0m12:10:40.920961 [info ] [MainThread]: 
[0m12:10:40.920961 [info ] [MainThread]:   compiled code at target\compiled\aws_dbt_snowflake_project\models\demo\demo.sql
[0m12:10:40.920961 [info ] [MainThread]: 
[0m12:10:40.920961 [info ] [MainThread]: Done. PASS=0 WARN=0 ERROR=1 SKIP=0 NO-OP=0 REUSED=0 TOTAL=1
[0m12:10:40.920961 [debug] [MainThread]: Command `dbt run` failed at 12:10:40.920961 after 6.67 seconds
[0m12:10:40.920961 [debug] [MainThread]: Sending event: {'category': 'dbt', 'action': 'invocation', 'label': 'end', 'context': [<snowplow_tracker.self_describing_json.SelfDescribingJson object at 0x0000011B32A0ECF0>, <snowplow_tracker.self_describing_json.SelfDescribingJson object at 0x0000011B330A4320>, <snowplow_tracker.self_describing_json.SelfDescribingJson object at 0x0000011B379E3830>]}
[0m12:10:40.920961 [debug] [MainThread]: Flushing usage events
[0m12:10:42.386832 [debug] [MainThread]: An error was encountered while trying to flush usage events
[0m12:11:53.645154 [debug] [MainThread]: Sending event: {'category': 'dbt', 'action': 'invocation', 'label': 'start', 'context': [<snowplow_tracker.self_describing_json.SelfDescribingJson object at 0x0000015CDA49FE30>, <snowplow_tracker.self_describing_json.SelfDescribingJson object at 0x0000015CD6E299A0>, <snowplow_tracker.self_describing_json.SelfDescribingJson object at 0x0000015CDA1F6660>]}


============================== 12:11:53.645154 | d4686024-5649-473f-967c-e6818c9b2232 ==============================
[0m12:11:53.645154 [info ] [MainThread]: Running with dbt=1.12.4
[0m12:11:53.650169 [debug] [MainThread]: running dbt with arguments {'version_check': 'True', 'no_print': 'None', 'maximum_seed_size_mib': '1', 'target_path': 'None', 'static_parser': 'True', 'warn_error_options': 'WarnErrorOptionsV2(error=[], warn=[], silence=[])', 'printer_width': '80', 'write_json': 'True', 'empty': 'False', 'log_cache_events': 'False', 'introspect': 'True', 'cache_selected_only': 'False', 'log_format': 'default', 'debug': 'False', 'fail_fast': 'False', 'partial_parse': 'True', 'send_anonymous_usage_stats': 'True', 'quiet': 'False', 'warn_error': 'None', 'profiles_dir': 'C:\\Users\\Zaheer Alam\\.dbt', 'use_colors': 'True', 'hints_enabled': 'True', 'indirect_selection': 'eager', 'use_experimental_parser': 'False', 'invocation_command': 'dbt run --select models/demo', 'log_path': 'C:\\Users\\Zaheer Alam\\Desktop\\all files\\AWS_DBT_Snowflake\\aws_dbt_snowflake_project\\logs'}
[0m12:11:54.084688 [debug] [MainThread]: Snowflake adapter: Setting snowflake.connector to ERROR (file logging only)
[0m12:11:54.084688 [debug] [MainThread]: Snowflake adapter: Setting botocore to ERROR (file logging only)
[0m12:11:54.084688 [debug] [MainThread]: Snowflake adapter: Setting boto3 to ERROR (file logging only)
[0m12:11:54.337091 [debug] [MainThread]: Sending event: {'category': 'dbt', 'action': 'project_id', 'label': 'd4686024-5649-473f-967c-e6818c9b2232', 'context': [<snowplow_tracker.self_describing_json.SelfDescribingJson object at 0x0000015CDCE1D820>]}
[0m12:11:54.398126 [debug] [MainThread]: Sending event: {'category': 'dbt', 'action': 'adapter_info', 'label': 'd4686024-5649-473f-967c-e6818c9b2232', 'context': [<snowplow_tracker.self_describing_json.SelfDescribingJson object at 0x0000015CDD0375F0>]}
[0m12:11:54.398126 [info ] [MainThread]: Registered adapter: snowflake=1.12.0
[0m12:11:54.695534 [debug] [MainThread]: checksum: 5898aabf08c9bfee8ee956a138979f76ca666292702eae8cc33b5009f8451796, vars: {}, profile: aws_dbt_snowflake_project, target: dev, version: 1.12.4
[0m12:11:54.833932 [debug] [MainThread]: Partial parsing enabled: 0 files deleted, 0 files added, 0 files changed.
[0m12:11:54.833932 [debug] [MainThread]: Nothing changed, skipping partial parsing.
[0m12:11:54.833932 [debug] [MainThread]: Partial parsing enabled, no changes found, skipping parsing
[0m12:11:54.845888 [warn ] [MainThread]: [[33mWARNING[0m]: Configuration paths exist in your dbt_project.yml file which do not apply to any resources.
There are 1 unused configuration paths:
- models.aws_dbt_snowflake_project.example
[0m12:11:54.852884 [debug] [MainThread]: Sending event: {'category': 'dbt', 'action': 'load_project', 'label': 'd4686024-5649-473f-967c-e6818c9b2232', 'context': [<snowplow_tracker.self_describing_json.SelfDescribingJson object at 0x0000015CDBE5A900>]}
[0m12:11:54.965303 [debug] [MainThread]: Wrote artifact WritableManifest to C:\Users\Zaheer Alam\Desktop\all files\AWS_DBT_Snowflake\aws_dbt_snowflake_project\target\manifest.json
[0m12:11:54.965303 [debug] [MainThread]: Wrote artifact SemanticManifest to C:\Users\Zaheer Alam\Desktop\all files\AWS_DBT_Snowflake\aws_dbt_snowflake_project\target\semantic_manifest.json
[0m12:11:55.000035 [debug] [MainThread]: Wrote artifact OsiDocument to C:\Users\Zaheer Alam\Desktop\all files\AWS_DBT_Snowflake\aws_dbt_snowflake_project\target\osi_document.json
[0m12:11:55.011458 [debug] [MainThread]: Sending event: {'category': 'dbt', 'action': 'resource_counts', 'label': 'd4686024-5649-473f-967c-e6818c9b2232', 'context': [<snowplow_tracker.self_describing_json.SelfDescribingJson object at 0x0000015CDD8D6600>]}
[0m12:11:55.011458 [info ] [MainThread]: Found 1 model, 545 macros
[0m12:11:55.011458 [debug] [MainThread]: Sending event: {'category': 'dbt', 'action': 'runnable_timing', 'label': 'd4686024-5649-473f-967c-e6818c9b2232', 'context': [<snowplow_tracker.self_describing_json.SelfDescribingJson object at 0x0000015CDD6F5EB0>]}
[0m12:11:55.011458 [info ] [MainThread]: 
[0m12:11:55.016450 [info ] [MainThread]: Concurrency: 1 threads (target='dev')
[0m12:11:55.016450 [info ] [MainThread]: 
[0m12:11:55.016450 [debug] [MainThread]: Acquiring new snowflake connection 'master'
[0m12:11:55.016450 [debug] [ThreadPool]: Acquiring new snowflake connection 'list_AIRBNB'
[0m12:11:55.034926 [debug] [ThreadPool]: Using snowflake connection "list_AIRBNB"
[0m12:11:55.035925 [debug] [ThreadPool]: On list_AIRBNB: show terse schemas in database AIRBNB
    limit 10000
/* {"app": "dbt", "dbt_version": "1.12.4", "profile_name": "aws_dbt_snowflake_project", "target_name": "dev", "connection_name": "list_AIRBNB"} */
[0m12:11:55.036461 [debug] [ThreadPool]: Opening a new connection, currently in state init
[0m12:11:56.094261 [debug] [ThreadPool]: SQL status: SUCCESS 4 in 1.058 seconds
[0m12:11:56.098260 [debug] [ThreadPool]: Acquiring new snowflake connection 'list_AIRBNB_dbt_schema'
[0m12:11:56.111266 [debug] [ThreadPool]: Using snowflake connection "list_AIRBNB_dbt_schema"
[0m12:11:56.111266 [debug] [ThreadPool]: On list_AIRBNB_dbt_schema: show objects in AIRBNB.dbt_schema
    limit 10000
    

/* {"app": "dbt", "dbt_version": "1.12.4", "profile_name": "aws_dbt_snowflake_project", "target_name": "dev", "connection_name": "list_AIRBNB_dbt_schema"} */;
[0m12:11:56.111266 [debug] [ThreadPool]: Opening a new connection, currently in state init
[0m12:11:57.033704 [debug] [ThreadPool]: SQL status: SUCCESS 0 in 0.924 seconds
[0m12:11:57.040069 [debug] [ThreadPool]: Using snowflake connection "list_AIRBNB_dbt_schema"
[0m12:11:57.045080 [debug] [ThreadPool]: On list_AIRBNB_dbt_schema: show user functions in AIRBNB.dbt_schema
/* {"app": "dbt", "dbt_version": "1.12.4", "profile_name": "aws_dbt_snowflake_project", "target_name": "dev", "connection_name": "list_AIRBNB_dbt_schema"} */
[0m12:11:57.261555 [debug] [ThreadPool]: SQL status: SUCCESS 0 in 0.216 seconds
[0m12:11:57.264556 [debug] [MainThread]: Sending event: {'category': 'dbt', 'action': 'runnable_timing', 'label': 'd4686024-5649-473f-967c-e6818c9b2232', 'context': [<snowplow_tracker.self_describing_json.SelfDescribingJson object at 0x0000015CDEB67140>]}
[0m12:11:57.270988 [debug] [Thread-2 (]: Began running node model.aws_dbt_snowflake_project.demo
[0m12:11:57.271797 [info ] [Thread-2 (]: 1 of 1 START sql view model dbt_schema.demo .................................... [RUN]
[0m12:11:57.272010 [debug] [Thread-2 (]: Acquiring new snowflake connection 'model.aws_dbt_snowflake_project.demo'
[0m12:11:57.273027 [debug] [Thread-2 (]: Began compiling node model.aws_dbt_snowflake_project.demo
[0m12:11:57.278550 [debug] [Thread-2 (]: Writing injected SQL for node "model.aws_dbt_snowflake_project.demo"
[0m12:11:57.279549 [debug] [Thread-2 (]: Began executing node model.aws_dbt_snowflake_project.demo
[0m12:11:57.305411 [debug] [Thread-2 (]: Writing runtime sql for node "model.aws_dbt_snowflake_project.demo"
[0m12:11:57.305411 [debug] [Thread-2 (]: Using snowflake connection "model.aws_dbt_snowflake_project.demo"
[0m12:11:57.310418 [debug] [Thread-2 (]: On model.aws_dbt_snowflake_project.demo: create or replace   view AIRBNB.dbt_schema.demo
  
  
  
  
  as (
    SELECT * FROM AIRBNB.STAGING.LISTINGS
  )
/* {"app": "dbt", "dbt_version": "1.12.4", "profile_name": "aws_dbt_snowflake_project", "target_name": "dev", "node_id": "model.aws_dbt_snowflake_project.demo"} */;
[0m12:11:57.310418 [debug] [Thread-2 (]: Opening a new connection, currently in state init
[0m12:11:58.258914 [debug] [Thread-2 (]: SQL status: SUCCESS 1 in 0.950 seconds
[0m12:11:58.288978 [debug] [Thread-2 (]: Sending event: {'category': 'dbt', 'action': 'run_model', 'label': 'd4686024-5649-473f-967c-e6818c9b2232', 'context': [<snowplow_tracker.self_describing_json.SelfDescribingJson object at 0x0000015CDD894C80>]}
[0m12:11:58.288978 [info ] [Thread-2 (]: 1 of 1 OK created sql view model dbt_schema.demo ............................... [[32mSUCCESS 1[0m in 1.02s]
[0m12:11:58.288978 [debug] [Thread-2 (]: Finished running node model.aws_dbt_snowflake_project.demo
[0m12:11:58.293953 [debug] [MainThread]: Connection 'master' was properly closed.
[0m12:11:58.293953 [debug] [MainThread]: Connection 'list_AIRBNB' was left open.
[0m12:11:58.293953 [debug] [MainThread]: On list_AIRBNB: Close
[0m12:11:58.545138 [debug] [MainThread]: Connection 'list_AIRBNB_dbt_schema' was left open.
[0m12:11:58.545138 [debug] [MainThread]: On list_AIRBNB_dbt_schema: Close
[0m12:11:58.823545 [debug] [MainThread]: Connection 'model.aws_dbt_snowflake_project.demo' was left open.
[0m12:11:58.824545 [debug] [MainThread]: On model.aws_dbt_snowflake_project.demo: Close
[0m12:11:59.080756 [info ] [MainThread]: 
[0m12:11:59.085767 [info ] [MainThread]: Finished running 1 view model in 0 hours 0 minutes and 4.06 seconds (4.06s).
[0m12:11:59.085767 [debug] [MainThread]: Command end result
[0m12:11:59.130276 [debug] [MainThread]: Wrote artifact WritableManifest to C:\Users\Zaheer Alam\Desktop\all files\AWS_DBT_Snowflake\aws_dbt_snowflake_project\target\manifest.json
[0m12:11:59.135276 [debug] [MainThread]: Wrote artifact SemanticManifest to C:\Users\Zaheer Alam\Desktop\all files\AWS_DBT_Snowflake\aws_dbt_snowflake_project\target\semantic_manifest.json
[0m12:11:59.136708 [debug] [MainThread]: Wrote artifact OsiDocument to C:\Users\Zaheer Alam\Desktop\all files\AWS_DBT_Snowflake\aws_dbt_snowflake_project\target\osi_document.json
[0m12:11:59.146701 [debug] [MainThread]: Wrote artifact RunExecutionResult to C:\Users\Zaheer Alam\Desktop\all files\AWS_DBT_Snowflake\aws_dbt_snowflake_project\target\run_results.json
[0m12:11:59.146701 [info ] [MainThread]: 
[0m12:11:59.151704 [info ] [MainThread]: [32mCompleted successfully[0m
[0m12:11:59.152615 [info ] [MainThread]: 
[0m12:11:59.153401 [info ] [MainThread]: Done. PASS=1 WARN=0 ERROR=0 SKIP=0 NO-OP=0 REUSED=0 TOTAL=1
[0m12:11:59.153401 [debug] [MainThread]: Command `dbt run` succeeded at 12:11:59.153401 after 5.67 seconds
[0m12:11:59.158396 [debug] [MainThread]: Sending event: {'category': 'dbt', 'action': 'invocation', 'label': 'end', 'context': [<snowplow_tracker.self_describing_json.SelfDescribingJson object at 0x0000015CDA0BC560>, <snowplow_tracker.self_describing_json.SelfDescribingJson object at 0x0000015CDA07A1E0>, <snowplow_tracker.self_describing_json.SelfDescribingJson object at 0x0000015CDA078C20>]}
[0m12:11:59.158396 [debug] [MainThread]: Flushing usage events
[0m12:12:00.625669 [debug] [MainThread]: An error was encountered while trying to flush usage events
[0m12:45:28.358583 [debug] [MainThread]: Sending event: {'category': 'dbt', 'action': 'invocation', 'label': 'start', 'context': [<snowplow_tracker.self_describing_json.SelfDescribingJson object at 0x00000186C103ABA0>, <snowplow_tracker.self_describing_json.SelfDescribingJson object at 0x00000186C3B06420>, <snowplow_tracker.self_describing_json.SelfDescribingJson object at 0x00000186C3B04710>]}


============================== 12:45:28.363582 | 03c8e841-38e2-41fe-9d2f-2928cbe9da41 ==============================
[0m12:45:28.363582 [info ] [MainThread]: Running with dbt=1.12.4
[0m12:45:28.364576 [debug] [MainThread]: running dbt with arguments {'version_check': 'True', 'no_print': 'None', 'static_parser': 'True', 'warn_error_options': 'WarnErrorOptionsV2(error=[], warn=[], silence=[])', 'maximum_seed_size_mib': '1', 'target_path': 'None', 'printer_width': '80', 'write_json': 'True', 'empty': 'False', 'log_cache_events': 'False', 'introspect': 'True', 'cache_selected_only': 'False', 'fail_fast': 'False', 'debug': 'False', 'log_format': 'default', 'profiles_dir': 'C:\\Users\\Zaheer Alam\\.dbt', 'send_anonymous_usage_stats': 'True', 'quiet': 'False', 'warn_error': 'None', 'partial_parse': 'True', 'invocation_command': 'dbt compile', 'hints_enabled': 'True', 'use_colors': 'True', 'use_experimental_parser': 'False', 'indirect_selection': 'eager', 'log_path': 'C:\\Users\\Zaheer Alam\\Desktop\\all files\\AWS_DBT_Snowflake\\aws_dbt_snowflake_project\\logs'}
[0m12:45:29.004451 [debug] [MainThread]: Snowflake adapter: Setting snowflake.connector to ERROR (file logging only)
[0m12:45:29.005453 [debug] [MainThread]: Snowflake adapter: Setting botocore to ERROR (file logging only)
[0m12:45:29.005453 [debug] [MainThread]: Snowflake adapter: Setting boto3 to ERROR (file logging only)
[0m12:45:29.282581 [debug] [MainThread]: Sending event: {'category': 'dbt', 'action': 'project_id', 'label': '03c8e841-38e2-41fe-9d2f-2928cbe9da41', 'context': [<snowplow_tracker.self_describing_json.SelfDescribingJson object at 0x00000186C6C575C0>]}
[0m12:45:29.350869 [debug] [MainThread]: Sending event: {'category': 'dbt', 'action': 'adapter_info', 'label': '03c8e841-38e2-41fe-9d2f-2928cbe9da41', 'context': [<snowplow_tracker.self_describing_json.SelfDescribingJson object at 0x00000186C57797C0>]}
[0m12:45:29.352415 [info ] [MainThread]: Registered adapter: snowflake=1.12.0
[0m12:45:29.665933 [debug] [MainThread]: checksum: 5898aabf08c9bfee8ee956a138979f76ca666292702eae8cc33b5009f8451796, vars: {}, profile: aws_dbt_snowflake_project, target: dev, version: 1.12.4
[0m12:45:29.892815 [debug] [MainThread]: Partial parsing enabled: 0 files deleted, 0 files added, 0 files changed.
[0m12:45:29.893051 [debug] [MainThread]: Nothing changed, skipping partial parsing.
[0m12:45:29.893051 [debug] [MainThread]: Partial parsing enabled, no changes found, skipping parsing
[0m12:45:29.898080 [warn ] [MainThread]: [[33mWARNING[0m]: Configuration paths exist in your dbt_project.yml file which do not apply to any resources.
There are 1 unused configuration paths:
- models.aws_dbt_snowflake_project.example
[0m12:45:29.903917 [debug] [MainThread]: Sending event: {'category': 'dbt', 'action': 'load_project', 'label': '03c8e841-38e2-41fe-9d2f-2928cbe9da41', 'context': [<snowplow_tracker.self_describing_json.SelfDescribingJson object at 0x00000186C6FC36E0>]}
[0m12:45:30.020193 [debug] [MainThread]: Wrote artifact WritableManifest to C:\Users\Zaheer Alam\Desktop\all files\AWS_DBT_Snowflake\aws_dbt_snowflake_project\target\manifest.json
[0m12:45:30.040205 [debug] [MainThread]: Wrote artifact SemanticManifest to C:\Users\Zaheer Alam\Desktop\all files\AWS_DBT_Snowflake\aws_dbt_snowflake_project\target\semantic_manifest.json
[0m12:45:30.085219 [debug] [MainThread]: Wrote artifact OsiDocument to C:\Users\Zaheer Alam\Desktop\all files\AWS_DBT_Snowflake\aws_dbt_snowflake_project\target\osi_document.json
[0m12:45:30.100197 [debug] [MainThread]: Sending event: {'category': 'dbt', 'action': 'resource_counts', 'label': '03c8e841-38e2-41fe-9d2f-2928cbe9da41', 'context': [<snowplow_tracker.self_describing_json.SelfDescribingJson object at 0x00000186C853C830>]}
[0m12:45:30.105203 [info ] [MainThread]: Found 3 models, 3 sources, 545 macros
[0m12:45:30.105203 [debug] [MainThread]: Sending event: {'category': 'dbt', 'action': 'runnable_timing', 'label': '03c8e841-38e2-41fe-9d2f-2928cbe9da41', 'context': [<snowplow_tracker.self_describing_json.SelfDescribingJson object at 0x00000186C729AA50>]}
[0m12:45:30.105203 [info ] [MainThread]: 
[0m12:45:30.105203 [info ] [MainThread]: Concurrency: 1 threads (target='dev')
[0m12:45:30.105203 [info ] [MainThread]: 
[0m12:45:30.105203 [debug] [MainThread]: Acquiring new snowflake connection 'master'
[0m12:45:30.110221 [debug] [ThreadPool]: Acquiring new snowflake connection 'list_AIRBNB_dbt_schema'
[0m12:45:30.143521 [debug] [ThreadPool]: Using snowflake connection "list_AIRBNB_dbt_schema"
[0m12:45:30.143521 [debug] [ThreadPool]: On list_AIRBNB_dbt_schema: show objects in AIRBNB.dbt_schema
    limit 10000
    

/* {"app": "dbt", "dbt_version": "1.12.4", "profile_name": "aws_dbt_snowflake_project", "target_name": "dev", "connection_name": "list_AIRBNB_dbt_schema"} */;
[0m12:45:30.144541 [debug] [ThreadPool]: Opening a new connection, currently in state init
[0m12:45:31.665618 [debug] [ThreadPool]: SQL status: SUCCESS 1 in 1.521 seconds
[0m12:45:31.672974 [debug] [ThreadPool]: Using snowflake connection "list_AIRBNB_dbt_schema"
[0m12:45:31.672974 [debug] [ThreadPool]: On list_AIRBNB_dbt_schema: show user functions in AIRBNB.dbt_schema
/* {"app": "dbt", "dbt_version": "1.12.4", "profile_name": "aws_dbt_snowflake_project", "target_name": "dev", "connection_name": "list_AIRBNB_dbt_schema"} */
[0m12:45:31.864791 [debug] [ThreadPool]: SQL status: SUCCESS 0 in 0.190 seconds
[0m12:45:31.868700 [debug] [MainThread]: Sending event: {'category': 'dbt', 'action': 'runnable_timing', 'label': '03c8e841-38e2-41fe-9d2f-2928cbe9da41', 'context': [<snowplow_tracker.self_describing_json.SelfDescribingJson object at 0x00000186C6EE79E0>]}
[0m12:45:31.878708 [debug] [Thread-2 (]: Began running node model.aws_dbt_snowflake_project.bronze_bookings
[0m12:45:31.878708 [debug] [Thread-2 (]: Acquiring new snowflake connection 'model.aws_dbt_snowflake_project.bronze_bookings'
[0m12:45:31.878708 [debug] [Thread-2 (]: Began compiling node model.aws_dbt_snowflake_project.bronze_bookings
[0m12:45:31.887493 [debug] [Thread-2 (]: Writing injected SQL for node "model.aws_dbt_snowflake_project.bronze_bookings"
[0m12:45:31.890495 [debug] [Thread-2 (]: Began executing node model.aws_dbt_snowflake_project.bronze_bookings
[0m12:45:31.891500 [debug] [Thread-2 (]: Finished running node model.aws_dbt_snowflake_project.bronze_bookings
[0m12:45:31.891500 [debug] [Thread-2 (]: Began running node model.aws_dbt_snowflake_project.bronze_hosts
[0m12:45:31.892494 [debug] [Thread-2 (]: Re-using an available connection from the pool (formerly model.aws_dbt_snowflake_project.bronze_bookings, now model.aws_dbt_snowflake_project.bronze_hosts)
[0m12:45:31.892494 [debug] [Thread-2 (]: Began compiling node model.aws_dbt_snowflake_project.bronze_hosts
[0m12:45:31.894496 [debug] [Thread-2 (]: Writing injected SQL for node "model.aws_dbt_snowflake_project.bronze_hosts"
[0m12:45:31.895498 [debug] [Thread-2 (]: Began executing node model.aws_dbt_snowflake_project.bronze_hosts
[0m12:45:31.896497 [debug] [Thread-2 (]: Finished running node model.aws_dbt_snowflake_project.bronze_hosts
[0m12:45:31.897496 [debug] [Thread-2 (]: Began running node model.aws_dbt_snowflake_project.bronze_listings
[0m12:45:31.897496 [debug] [Thread-2 (]: Re-using an available connection from the pool (formerly model.aws_dbt_snowflake_project.bronze_hosts, now model.aws_dbt_snowflake_project.bronze_listings)
[0m12:45:31.898495 [debug] [Thread-2 (]: Began compiling node model.aws_dbt_snowflake_project.bronze_listings
[0m12:45:31.900639 [debug] [Thread-2 (]: Writing injected SQL for node "model.aws_dbt_snowflake_project.bronze_listings"
[0m12:45:31.904654 [debug] [Thread-2 (]: Began executing node model.aws_dbt_snowflake_project.bronze_listings
[0m12:45:31.906654 [debug] [Thread-2 (]: Finished running node model.aws_dbt_snowflake_project.bronze_listings
[0m12:45:31.908653 [debug] [MainThread]: Connection 'master' was properly closed.
[0m12:45:31.909647 [debug] [MainThread]: Connection 'list_AIRBNB_dbt_schema' was left open.
[0m12:45:31.910649 [debug] [MainThread]: On list_AIRBNB_dbt_schema: Close
[0m12:45:32.153821 [debug] [MainThread]: Connection 'model.aws_dbt_snowflake_project.bronze_listings' was properly closed.
[0m12:45:32.153821 [debug] [MainThread]: Command end result
[0m12:45:32.194456 [debug] [MainThread]: Wrote artifact WritableManifest to C:\Users\Zaheer Alam\Desktop\all files\AWS_DBT_Snowflake\aws_dbt_snowflake_project\target\manifest.json
[0m12:45:32.199430 [debug] [MainThread]: Wrote artifact SemanticManifest to C:\Users\Zaheer Alam\Desktop\all files\AWS_DBT_Snowflake\aws_dbt_snowflake_project\target\semantic_manifest.json
[0m12:45:32.204439 [debug] [MainThread]: Wrote artifact OsiDocument to C:\Users\Zaheer Alam\Desktop\all files\AWS_DBT_Snowflake\aws_dbt_snowflake_project\target\osi_document.json
[0m12:45:32.209437 [debug] [MainThread]: Wrote artifact RunExecutionResult to C:\Users\Zaheer Alam\Desktop\all files\AWS_DBT_Snowflake\aws_dbt_snowflake_project\target\run_results.json
[0m12:45:32.214433 [debug] [MainThread]: Command `dbt compile` succeeded at 12:45:32.214433 after 4.06 seconds
[0m12:45:32.214433 [debug] [MainThread]: Sending event: {'category': 'dbt', 'action': 'invocation', 'label': 'end', 'context': [<snowplow_tracker.self_describing_json.SelfDescribingJson object at 0x00000186C1C57DA0>, <snowplow_tracker.self_describing_json.SelfDescribingJson object at 0x00000186C5517260>, <snowplow_tracker.self_describing_json.SelfDescribingJson object at 0x00000186C5515460>]}
[0m12:45:32.214433 [debug] [MainThread]: Flushing usage events
[0m12:45:33.678207 [debug] [MainThread]: An error was encountered while trying to flush usage events
[0m12:46:15.321608 [debug] [MainThread]: Sending event: {'category': 'dbt', 'action': 'invocation', 'label': 'start', 'context': [<snowplow_tracker.self_describing_json.SelfDescribingJson object at 0x00000251AF6FB1D0>, <snowplow_tracker.self_describing_json.SelfDescribingJson object at 0x00000251B24AFDD0>, <snowplow_tracker.self_describing_json.SelfDescribingJson object at 0x00000251B28D9970>]}


============================== 12:46:15.326602 | 90dd4cf7-da17-4350-a52b-20b9c532d9fe ==============================
[0m12:46:15.326602 [info ] [MainThread]: Running with dbt=1.12.4
[0m12:46:15.326602 [debug] [MainThread]: running dbt with arguments {'maximum_seed_size_mib': '1', 'no_print': 'None', 'version_check': 'True', 'target_path': 'None', 'warn_error_options': 'WarnErrorOptionsV2(error=[], warn=[], silence=[])', 'static_parser': 'True', 'printer_width': '80', 'write_json': 'True', 'introspect': 'True', 'log_cache_events': 'False', 'empty': 'False', 'cache_selected_only': 'False', 'fail_fast': 'False', 'debug': 'False', 'log_format': 'default', 'profiles_dir': 'C:\\Users\\Zaheer Alam\\.dbt', 'send_anonymous_usage_stats': 'True', 'quiet': 'False', 'warn_error': 'None', 'partial_parse': 'True', 'use_colors': 'True', 'hints_enabled': 'True', 'invocation_command': 'dbt run', 'use_experimental_parser': 'False', 'indirect_selection': 'eager', 'log_path': 'C:\\Users\\Zaheer Alam\\Desktop\\all files\\AWS_DBT_Snowflake\\aws_dbt_snowflake_project\\logs'}
[0m12:46:15.761925 [debug] [MainThread]: Snowflake adapter: Setting snowflake.connector to ERROR (file logging only)
[0m12:46:15.765491 [debug] [MainThread]: Snowflake adapter: Setting botocore to ERROR (file logging only)
[0m12:46:15.765491 [debug] [MainThread]: Snowflake adapter: Setting boto3 to ERROR (file logging only)
[0m12:46:16.024179 [debug] [MainThread]: Sending event: {'category': 'dbt', 'action': 'project_id', 'label': '90dd4cf7-da17-4350-a52b-20b9c532d9fe', 'context': [<snowplow_tracker.self_describing_json.SelfDescribingJson object at 0x00000251B5EE67E0>]}
[0m12:46:16.089710 [debug] [MainThread]: Sending event: {'category': 'dbt', 'action': 'adapter_info', 'label': '90dd4cf7-da17-4350-a52b-20b9c532d9fe', 'context': [<snowplow_tracker.self_describing_json.SelfDescribingJson object at 0x00000251B0247F80>]}
[0m12:46:16.089710 [info ] [MainThread]: Registered adapter: snowflake=1.12.0
[0m12:46:16.397232 [debug] [MainThread]: checksum: 5898aabf08c9bfee8ee956a138979f76ca666292702eae8cc33b5009f8451796, vars: {}, profile: aws_dbt_snowflake_project, target: dev, version: 1.12.4
[0m12:46:16.630518 [debug] [MainThread]: Partial parsing enabled: 0 files deleted, 0 files added, 0 files changed.
[0m12:46:16.630518 [debug] [MainThread]: Nothing changed, skipping partial parsing.
[0m12:46:16.631508 [debug] [MainThread]: Partial parsing enabled, no changes found, skipping parsing
[0m12:46:16.636517 [warn ] [MainThread]: [[33mWARNING[0m]: Configuration paths exist in your dbt_project.yml file which do not apply to any resources.
There are 1 unused configuration paths:
- models.aws_dbt_snowflake_project.example
[0m12:46:16.643505 [debug] [MainThread]: Sending event: {'category': 'dbt', 'action': 'load_project', 'label': '90dd4cf7-da17-4350-a52b-20b9c532d9fe', 'context': [<snowplow_tracker.self_describing_json.SelfDescribingJson object at 0x00000251B5ED8E90>]}
[0m12:46:16.759252 [debug] [MainThread]: Wrote artifact WritableManifest to C:\Users\Zaheer Alam\Desktop\all files\AWS_DBT_Snowflake\aws_dbt_snowflake_project\target\manifest.json
[0m12:46:16.764232 [debug] [MainThread]: Wrote artifact SemanticManifest to C:\Users\Zaheer Alam\Desktop\all files\AWS_DBT_Snowflake\aws_dbt_snowflake_project\target\semantic_manifest.json
[0m12:46:16.795197 [debug] [MainThread]: Wrote artifact OsiDocument to C:\Users\Zaheer Alam\Desktop\all files\AWS_DBT_Snowflake\aws_dbt_snowflake_project\target\osi_document.json
[0m12:46:16.819342 [debug] [MainThread]: Sending event: {'category': 'dbt', 'action': 'resource_counts', 'label': '90dd4cf7-da17-4350-a52b-20b9c532d9fe', 'context': [<snowplow_tracker.self_describing_json.SelfDescribingJson object at 0x00000251B7689DF0>]}
[0m12:46:16.819342 [info ] [MainThread]: Found 3 models, 3 sources, 545 macros
[0m12:46:16.819342 [debug] [MainThread]: Sending event: {'category': 'dbt', 'action': 'runnable_timing', 'label': '90dd4cf7-da17-4350-a52b-20b9c532d9fe', 'context': [<snowplow_tracker.self_describing_json.SelfDescribingJson object at 0x00000251B5A35A00>]}
[0m12:46:16.824347 [info ] [MainThread]: 
[0m12:46:16.824347 [info ] [MainThread]: Concurrency: 1 threads (target='dev')
[0m12:46:16.824347 [info ] [MainThread]: 
[0m12:46:16.824347 [debug] [MainThread]: Acquiring new snowflake connection 'master'
[0m12:46:16.829348 [debug] [ThreadPool]: Acquiring new snowflake connection 'list_AIRBNB'
[0m12:46:16.849182 [debug] [ThreadPool]: Using snowflake connection "list_AIRBNB"
[0m12:46:16.849182 [debug] [ThreadPool]: On list_AIRBNB: show terse schemas in database AIRBNB
    limit 10000
/* {"app": "dbt", "dbt_version": "1.12.4", "profile_name": "aws_dbt_snowflake_project", "target_name": "dev", "connection_name": "list_AIRBNB"} */
[0m12:46:16.849182 [debug] [ThreadPool]: Opening a new connection, currently in state init
[0m12:46:17.915367 [debug] [ThreadPool]: SQL status: SUCCESS 4 in 1.066 seconds
[0m12:46:17.920392 [debug] [ThreadPool]: Acquiring new snowflake connection 'list_AIRBNB_dbt_schema'
[0m12:46:17.935391 [debug] [ThreadPool]: Using snowflake connection "list_AIRBNB_dbt_schema"
[0m12:46:17.935391 [debug] [ThreadPool]: On list_AIRBNB_dbt_schema: show objects in AIRBNB.dbt_schema
    limit 10000
    

/* {"app": "dbt", "dbt_version": "1.12.4", "profile_name": "aws_dbt_snowflake_project", "target_name": "dev", "connection_name": "list_AIRBNB_dbt_schema"} */;
[0m12:46:17.935391 [debug] [ThreadPool]: Opening a new connection, currently in state init
[0m12:46:18.784185 [debug] [ThreadPool]: SQL status: SUCCESS 1 in 0.852 seconds
[0m12:46:18.796128 [debug] [ThreadPool]: Using snowflake connection "list_AIRBNB_dbt_schema"
[0m12:46:18.796128 [debug] [ThreadPool]: On list_AIRBNB_dbt_schema: show user functions in AIRBNB.dbt_schema
/* {"app": "dbt", "dbt_version": "1.12.4", "profile_name": "aws_dbt_snowflake_project", "target_name": "dev", "connection_name": "list_AIRBNB_dbt_schema"} */
[0m12:46:18.969273 [debug] [ThreadPool]: SQL status: SUCCESS 0 in 0.174 seconds
[0m12:46:18.974302 [debug] [MainThread]: Sending event: {'category': 'dbt', 'action': 'runnable_timing', 'label': '90dd4cf7-da17-4350-a52b-20b9c532d9fe', 'context': [<snowplow_tracker.self_describing_json.SelfDescribingJson object at 0x00000251B5BB12B0>]}
[0m12:46:18.979310 [debug] [Thread-2 (]: Began running node model.aws_dbt_snowflake_project.bronze_bookings
[0m12:46:18.979310 [info ] [Thread-2 (]: 1 of 3 START sql view model dbt_schema.bronze_bookings ......................... [RUN]
[0m12:46:18.979310 [debug] [Thread-2 (]: Acquiring new snowflake connection 'model.aws_dbt_snowflake_project.bronze_bookings'
[0m12:46:18.979310 [debug] [Thread-2 (]: Began compiling node model.aws_dbt_snowflake_project.bronze_bookings
[0m12:46:18.989317 [debug] [Thread-2 (]: Writing injected SQL for node "model.aws_dbt_snowflake_project.bronze_bookings"
[0m12:46:18.989317 [debug] [Thread-2 (]: Began executing node model.aws_dbt_snowflake_project.bronze_bookings
[0m12:46:19.022376 [debug] [Thread-2 (]: Writing runtime sql for node "model.aws_dbt_snowflake_project.bronze_bookings"
[0m12:46:19.024726 [debug] [Thread-2 (]: Using snowflake connection "model.aws_dbt_snowflake_project.bronze_bookings"
[0m12:46:19.024726 [debug] [Thread-2 (]: On model.aws_dbt_snowflake_project.bronze_bookings: create or replace   view AIRBNB.dbt_schema.bronze_bookings
  
  
  
  
  as (
    select * from AIRBNB.staging.bookings
  )
/* {"app": "dbt", "dbt_version": "1.12.4", "profile_name": "aws_dbt_snowflake_project", "target_name": "dev", "node_id": "model.aws_dbt_snowflake_project.bronze_bookings"} */;
[0m12:46:19.024726 [debug] [Thread-2 (]: Opening a new connection, currently in state init
[0m12:46:20.052216 [debug] [Thread-2 (]: SQL status: SUCCESS 1 in 1.030 seconds
[0m12:46:20.082055 [debug] [Thread-2 (]: Sending event: {'category': 'dbt', 'action': 'run_model', 'label': '90dd4cf7-da17-4350-a52b-20b9c532d9fe', 'context': [<snowplow_tracker.self_describing_json.SelfDescribingJson object at 0x00000251B77B27B0>]}
[0m12:46:20.087060 [info ] [Thread-2 (]: 1 of 3 OK created sql view model dbt_schema.bronze_bookings .................... [[32mSUCCESS 1[0m in 1.10s]
[0m12:46:20.087060 [debug] [Thread-2 (]: Finished running node model.aws_dbt_snowflake_project.bronze_bookings
[0m12:46:20.087060 [debug] [Thread-2 (]: Began running node model.aws_dbt_snowflake_project.bronze_hosts
[0m12:46:20.087060 [info ] [Thread-2 (]: 2 of 3 START sql view model dbt_schema.bronze_hosts ............................ [RUN]
[0m12:46:20.087060 [debug] [Thread-2 (]: Re-using an available connection from the pool (formerly model.aws_dbt_snowflake_project.bronze_bookings, now model.aws_dbt_snowflake_project.bronze_hosts)
[0m12:46:20.087060 [debug] [Thread-2 (]: Began compiling node model.aws_dbt_snowflake_project.bronze_hosts
[0m12:46:20.092068 [debug] [Thread-2 (]: Writing injected SQL for node "model.aws_dbt_snowflake_project.bronze_hosts"
[0m12:46:20.092068 [debug] [Thread-2 (]: Began executing node model.aws_dbt_snowflake_project.bronze_hosts
[0m12:46:20.092068 [debug] [Thread-2 (]: Writing runtime sql for node "model.aws_dbt_snowflake_project.bronze_hosts"
[0m12:46:20.107898 [debug] [Thread-2 (]: Using snowflake connection "model.aws_dbt_snowflake_project.bronze_hosts"
[0m12:46:20.107898 [debug] [Thread-2 (]: On model.aws_dbt_snowflake_project.bronze_hosts: create or replace   view AIRBNB.dbt_schema.bronze_hosts
  
  
  
  
  as (
    select * from AIRBNB.staging.hosts
  )
/* {"app": "dbt", "dbt_version": "1.12.4", "profile_name": "aws_dbt_snowflake_project", "target_name": "dev", "node_id": "model.aws_dbt_snowflake_project.bronze_hosts"} */;
[0m12:46:20.370570 [debug] [Thread-2 (]: SQL status: SUCCESS 1 in 0.264 seconds
[0m12:46:20.375554 [debug] [Thread-2 (]: Sending event: {'category': 'dbt', 'action': 'run_model', 'label': '90dd4cf7-da17-4350-a52b-20b9c532d9fe', 'context': [<snowplow_tracker.self_describing_json.SelfDescribingJson object at 0x00000251B605F140>]}
[0m12:46:20.375554 [info ] [Thread-2 (]: 2 of 3 OK created sql view model dbt_schema.bronze_hosts ....................... [[32mSUCCESS 1[0m in 0.29s]
[0m12:46:20.375554 [debug] [Thread-2 (]: Finished running node model.aws_dbt_snowflake_project.bronze_hosts
[0m12:46:20.380568 [debug] [Thread-2 (]: Began running node model.aws_dbt_snowflake_project.bronze_listings
[0m12:46:20.380568 [info ] [Thread-2 (]: 3 of 3 START sql view model dbt_schema.bronze_listings ......................... [RUN]
[0m12:46:20.380568 [debug] [Thread-2 (]: Re-using an available connection from the pool (formerly model.aws_dbt_snowflake_project.bronze_hosts, now model.aws_dbt_snowflake_project.bronze_listings)
[0m12:46:20.380568 [debug] [Thread-2 (]: Began compiling node model.aws_dbt_snowflake_project.bronze_listings
[0m12:46:20.380568 [debug] [Thread-2 (]: Writing injected SQL for node "model.aws_dbt_snowflake_project.bronze_listings"
[0m12:46:20.385580 [debug] [Thread-2 (]: Began executing node model.aws_dbt_snowflake_project.bronze_listings
[0m12:46:20.389523 [debug] [Thread-2 (]: Writing runtime sql for node "model.aws_dbt_snowflake_project.bronze_listings"
[0m12:46:20.391513 [debug] [Thread-2 (]: Using snowflake connection "model.aws_dbt_snowflake_project.bronze_listings"
[0m12:46:20.391513 [debug] [Thread-2 (]: On model.aws_dbt_snowflake_project.bronze_listings: create or replace   view AIRBNB.dbt_schema.bronze_listings
  
  
  
  
  as (
    select * from AIRBNB.staging.listings
  )
/* {"app": "dbt", "dbt_version": "1.12.4", "profile_name": "aws_dbt_snowflake_project", "target_name": "dev", "node_id": "model.aws_dbt_snowflake_project.bronze_listings"} */;
[0m12:46:20.685741 [debug] [Thread-2 (]: SQL status: SUCCESS 1 in 0.295 seconds
[0m12:46:20.690578 [debug] [Thread-2 (]: Sending event: {'category': 'dbt', 'action': 'run_model', 'label': '90dd4cf7-da17-4350-a52b-20b9c532d9fe', 'context': [<snowplow_tracker.self_describing_json.SelfDescribingJson object at 0x00000251B60DA000>]}
[0m12:46:20.690578 [info ] [Thread-2 (]: 3 of 3 OK created sql view model dbt_schema.bronze_listings .................... [[32mSUCCESS 1[0m in 0.31s]
[0m12:46:20.690578 [debug] [Thread-2 (]: Finished running node model.aws_dbt_snowflake_project.bronze_listings
[0m12:46:20.690578 [debug] [MainThread]: Connection 'master' was properly closed.
[0m12:46:20.690578 [debug] [MainThread]: Connection 'list_AIRBNB' was left open.
[0m12:46:20.695559 [debug] [MainThread]: On list_AIRBNB: Close
[0m12:46:20.941190 [debug] [MainThread]: Connection 'list_AIRBNB_dbt_schema' was left open.
[0m12:46:20.941190 [debug] [MainThread]: On list_AIRBNB_dbt_schema: Close
[0m12:46:21.189256 [debug] [MainThread]: Connection 'model.aws_dbt_snowflake_project.bronze_listings' was left open.
[0m12:46:21.189256 [debug] [MainThread]: On model.aws_dbt_snowflake_project.bronze_listings: Close
[0m12:46:21.457371 [info ] [MainThread]: 
[0m12:46:21.457371 [info ] [MainThread]: Finished running 3 view models in 0 hours 0 minutes and 4.63 seconds (4.63s).
[0m12:46:21.457371 [debug] [MainThread]: Command end result
[0m12:46:21.501035 [debug] [MainThread]: Wrote artifact WritableManifest to C:\Users\Zaheer Alam\Desktop\all files\AWS_DBT_Snowflake\aws_dbt_snowflake_project\target\manifest.json
[0m12:46:21.509517 [debug] [MainThread]: Wrote artifact SemanticManifest to C:\Users\Zaheer Alam\Desktop\all files\AWS_DBT_Snowflake\aws_dbt_snowflake_project\target\semantic_manifest.json
[0m12:46:21.514529 [debug] [MainThread]: Wrote artifact OsiDocument to C:\Users\Zaheer Alam\Desktop\all files\AWS_DBT_Snowflake\aws_dbt_snowflake_project\target\osi_document.json
[0m12:46:21.520950 [debug] [MainThread]: Wrote artifact RunExecutionResult to C:\Users\Zaheer Alam\Desktop\all files\AWS_DBT_Snowflake\aws_dbt_snowflake_project\target\run_results.json
[0m12:46:21.520950 [info ] [MainThread]: 
[0m12:46:21.520950 [info ] [MainThread]: [32mCompleted successfully[0m
[0m12:46:21.520950 [info ] [MainThread]: 
[0m12:46:21.520950 [info ] [MainThread]: Done. PASS=3 WARN=0 ERROR=0 SKIP=0 NO-OP=0 REUSED=0 TOTAL=3
[0m12:46:21.525967 [debug] [MainThread]: Command `dbt run` succeeded at 12:46:21.525967 after 6.35 seconds
[0m12:46:21.525967 [debug] [MainThread]: Sending event: {'category': 'dbt', 'action': 'invocation', 'label': 'end', 'context': [<snowplow_tracker.self_describing_json.SelfDescribingJson object at 0x00000251B0945C10>, <snowplow_tracker.self_describing_json.SelfDescribingJson object at 0x00000251B583D9A0>, <snowplow_tracker.self_describing_json.SelfDescribingJson object at 0x00000251B2C735F0>]}
[0m12:46:21.525967 [debug] [MainThread]: Flushing usage events
[0m12:46:22.961221 [debug] [MainThread]: An error was encountered while trying to flush usage events
[0m13:13:43.175565 [debug] [MainThread]: Sending event: {'category': 'dbt', 'action': 'invocation', 'label': 'start', 'context': [<snowplow_tracker.self_describing_json.SelfDescribingJson object at 0x000001C99E732840>, <snowplow_tracker.self_describing_json.SelfDescribingJson object at 0x000001C99E730C20>, <snowplow_tracker.self_describing_json.SelfDescribingJson object at 0x000001C99E7333E0>]}


============================== 13:13:43.185011 | 54ed4eb0-c65d-4500-b794-37266f78a877 ==============================
[0m13:13:43.185011 [info ] [MainThread]: Running with dbt=1.12.4
[0m13:13:43.190039 [debug] [MainThread]: running dbt with arguments {'static_parser': 'True', 'no_print': 'None', 'version_check': 'True', 'warn_error_options': 'WarnErrorOptionsV2(error=[], warn=[], silence=[])', 'target_path': 'None', 'maximum_seed_size_mib': '1', 'printer_width': '80', 'write_json': 'True', 'empty': 'False', 'log_cache_events': 'False', 'introspect': 'True', 'cache_selected_only': 'False', 'log_format': 'default', 'debug': 'False', 'fail_fast': 'False', 'profiles_dir': 'C:\\Users\\Zaheer Alam\\.dbt', 'send_anonymous_usage_stats': 'True', 'quiet': 'False', 'warn_error': 'None', 'partial_parse': 'True', 'use_colors': 'True', 'hints_enabled': 'True', 'indirect_selection': 'eager', 'use_experimental_parser': 'False', 'invocation_command': 'dbt run', 'log_path': 'C:\\Users\\Zaheer Alam\\Desktop\\all files\\AWS_DBT_Snowflake\\aws_dbt_snowflake_project\\logs'}
[0m13:13:44.617675 [debug] [MainThread]: Snowflake adapter: Setting snowflake.connector to ERROR (file logging only)
[0m13:13:44.617675 [debug] [MainThread]: Snowflake adapter: Setting botocore to ERROR (file logging only)
[0m13:13:44.617675 [debug] [MainThread]: Snowflake adapter: Setting boto3 to ERROR (file logging only)
[0m13:13:47.208704 [debug] [MainThread]: Sending event: {'category': 'dbt', 'action': 'project_id', 'label': '54ed4eb0-c65d-4500-b794-37266f78a877', 'context': [<snowplow_tracker.self_describing_json.SelfDescribingJson object at 0x000001C9A15C45F0>]}
[0m13:13:47.274016 [debug] [MainThread]: Sending event: {'category': 'dbt', 'action': 'adapter_info', 'label': '54ed4eb0-c65d-4500-b794-37266f78a877', 'context': [<snowplow_tracker.self_describing_json.SelfDescribingJson object at 0x000001C9A1966480>]}
[0m13:13:47.276988 [info ] [MainThread]: Registered adapter: snowflake=1.12.0
[0m13:13:47.699017 [debug] [MainThread]: checksum: 5898aabf08c9bfee8ee956a138979f76ca666292702eae8cc33b5009f8451796, vars: {}, profile: aws_dbt_snowflake_project, target: dev, version: 1.12.4
[0m13:13:47.931328 [debug] [MainThread]: Partial parsing enabled: 0 files deleted, 0 files added, 0 files changed.
[0m13:13:47.931328 [debug] [MainThread]: Nothing changed, skipping partial parsing.
[0m13:13:47.931328 [debug] [MainThread]: Partial parsing enabled, no changes found, skipping parsing
[0m13:13:47.938170 [warn ] [MainThread]: [[33mWARNING[0m]: Configuration paths exist in your dbt_project.yml file which do not apply to any resources.
There are 1 unused configuration paths:
- models.aws_dbt_snowflake_project.example
[0m13:13:47.944742 [debug] [MainThread]: Sending event: {'category': 'dbt', 'action': 'load_project', 'label': '54ed4eb0-c65d-4500-b794-37266f78a877', 'context': [<snowplow_tracker.self_describing_json.SelfDescribingJson object at 0x000001C9A030D430>]}
[0m13:13:48.068577 [debug] [MainThread]: Wrote artifact WritableManifest to C:\Users\Zaheer Alam\Desktop\all files\AWS_DBT_Snowflake\aws_dbt_snowflake_project\target\manifest.json
[0m13:13:48.085335 [debug] [MainThread]: Wrote artifact SemanticManifest to C:\Users\Zaheer Alam\Desktop\all files\AWS_DBT_Snowflake\aws_dbt_snowflake_project\target\semantic_manifest.json
[0m13:13:48.151180 [debug] [MainThread]: Wrote artifact OsiDocument to C:\Users\Zaheer Alam\Desktop\all files\AWS_DBT_Snowflake\aws_dbt_snowflake_project\target\osi_document.json
[0m13:13:48.174531 [debug] [MainThread]: Sending event: {'category': 'dbt', 'action': 'resource_counts', 'label': '54ed4eb0-c65d-4500-b794-37266f78a877', 'context': [<snowplow_tracker.self_describing_json.SelfDescribingJson object at 0x000001C9A310A000>]}
[0m13:13:48.175539 [info ] [MainThread]: Found 3 models, 3 sources, 545 macros
[0m13:13:48.176533 [debug] [MainThread]: Sending event: {'category': 'dbt', 'action': 'runnable_timing', 'label': '54ed4eb0-c65d-4500-b794-37266f78a877', 'context': [<snowplow_tracker.self_describing_json.SelfDescribingJson object at 0x000001C9A30824E0>]}
[0m13:13:48.178959 [info ] [MainThread]: 
[0m13:13:48.180316 [info ] [MainThread]: Concurrency: 1 threads (target='dev')
[0m13:13:48.181253 [info ] [MainThread]: 
[0m13:13:48.181775 [debug] [MainThread]: Acquiring new snowflake connection 'master'
[0m13:13:48.186378 [debug] [ThreadPool]: Acquiring new snowflake connection 'list_AIRBNB'
[0m13:13:48.205878 [debug] [ThreadPool]: Using snowflake connection "list_AIRBNB"
[0m13:13:48.205878 [debug] [ThreadPool]: On list_AIRBNB: show terse schemas in database AIRBNB
    limit 10000
/* {"app": "dbt", "dbt_version": "1.12.4", "profile_name": "aws_dbt_snowflake_project", "target_name": "dev", "connection_name": "list_AIRBNB"} */
[0m13:13:48.206879 [debug] [ThreadPool]: Opening a new connection, currently in state init
[0m13:13:49.531948 [debug] [ThreadPool]: SQL status: SUCCESS 4 in 1.328 seconds
[0m13:13:49.539661 [debug] [ThreadPool]: Acquiring new snowflake connection 'list_AIRBNB_dbt_schema'
[0m13:13:49.556448 [debug] [ThreadPool]: Using snowflake connection "list_AIRBNB_dbt_schema"
[0m13:13:49.556448 [debug] [ThreadPool]: On list_AIRBNB_dbt_schema: show objects in AIRBNB.dbt_schema
    limit 10000
    

/* {"app": "dbt", "dbt_version": "1.12.4", "profile_name": "aws_dbt_snowflake_project", "target_name": "dev", "connection_name": "list_AIRBNB_dbt_schema"} */;
[0m13:13:49.556448 [debug] [ThreadPool]: Opening a new connection, currently in state init
[0m13:13:50.490864 [debug] [ThreadPool]: SQL status: SUCCESS 4 in 0.935 seconds
[0m13:13:50.495862 [debug] [ThreadPool]: Using snowflake connection "list_AIRBNB_dbt_schema"
[0m13:13:50.495862 [debug] [ThreadPool]: On list_AIRBNB_dbt_schema: show user functions in AIRBNB.dbt_schema
/* {"app": "dbt", "dbt_version": "1.12.4", "profile_name": "aws_dbt_snowflake_project", "target_name": "dev", "connection_name": "list_AIRBNB_dbt_schema"} */
[0m13:13:50.843115 [debug] [ThreadPool]: SQL status: SUCCESS 0 in 0.345 seconds
[0m13:13:50.848187 [debug] [MainThread]: Sending event: {'category': 'dbt', 'action': 'runnable_timing', 'label': '54ed4eb0-c65d-4500-b794-37266f78a877', 'context': [<snowplow_tracker.self_describing_json.SelfDescribingJson object at 0x000001C9A1631250>]}
[0m13:13:50.870203 [debug] [Thread-2 (]: Began running node model.aws_dbt_snowflake_project.bronze_bookings
[0m13:13:50.870203 [info ] [Thread-2 (]: 1 of 3 START sql view model dbt_schema.bronze_bookings ......................... [RUN]
[0m13:13:50.871581 [debug] [Thread-2 (]: Acquiring new snowflake connection 'model.aws_dbt_snowflake_project.bronze_bookings'
[0m13:13:50.871581 [debug] [Thread-2 (]: Began compiling node model.aws_dbt_snowflake_project.bronze_bookings
[0m13:13:50.881626 [debug] [Thread-2 (]: Writing injected SQL for node "model.aws_dbt_snowflake_project.bronze_bookings"
[0m13:13:50.885249 [debug] [Thread-2 (]: Began executing node model.aws_dbt_snowflake_project.bronze_bookings
[0m13:13:50.911428 [debug] [Thread-2 (]: Writing runtime sql for node "model.aws_dbt_snowflake_project.bronze_bookings"
[0m13:13:50.916614 [debug] [Thread-2 (]: Using snowflake connection "model.aws_dbt_snowflake_project.bronze_bookings"
[0m13:13:50.916614 [debug] [Thread-2 (]: On model.aws_dbt_snowflake_project.bronze_bookings: create or replace   view AIRBNB.dbt_schema.bronze_bookings
  
  
  
  
  as (
    select * from AIRBNB.staging.bookings
  )
/* {"app": "dbt", "dbt_version": "1.12.4", "profile_name": "aws_dbt_snowflake_project", "target_name": "dev", "node_id": "model.aws_dbt_snowflake_project.bronze_bookings"} */;
[0m13:13:50.916614 [debug] [Thread-2 (]: Opening a new connection, currently in state init
[0m13:13:51.926721 [debug] [Thread-2 (]: SQL status: SUCCESS 1 in 1.007 seconds
[0m13:13:51.965374 [debug] [Thread-2 (]: Sending event: {'category': 'dbt', 'action': 'run_model', 'label': '54ed4eb0-c65d-4500-b794-37266f78a877', 'context': [<snowplow_tracker.self_describing_json.SelfDescribingJson object at 0x000001C99DFCE900>]}
[0m13:13:51.965374 [info ] [Thread-2 (]: 1 of 3 OK created sql view model dbt_schema.bronze_bookings .................... [[32mSUCCESS 1[0m in 1.08s]
[0m13:13:51.968128 [debug] [Thread-2 (]: Finished running node model.aws_dbt_snowflake_project.bronze_bookings
[0m13:13:51.968128 [debug] [Thread-2 (]: Began running node model.aws_dbt_snowflake_project.bronze_hosts
[0m13:13:51.968128 [info ] [Thread-2 (]: 2 of 3 START sql view model dbt_schema.bronze_hosts ............................ [RUN]
[0m13:13:51.970945 [debug] [Thread-2 (]: Re-using an available connection from the pool (formerly model.aws_dbt_snowflake_project.bronze_bookings, now model.aws_dbt_snowflake_project.bronze_hosts)
[0m13:13:51.970945 [debug] [Thread-2 (]: Began compiling node model.aws_dbt_snowflake_project.bronze_hosts
[0m13:13:51.970945 [debug] [Thread-2 (]: Writing injected SQL for node "model.aws_dbt_snowflake_project.bronze_hosts"
[0m13:13:51.970945 [debug] [Thread-2 (]: Began executing node model.aws_dbt_snowflake_project.bronze_hosts
[0m13:13:51.975964 [debug] [Thread-2 (]: Writing runtime sql for node "model.aws_dbt_snowflake_project.bronze_hosts"
[0m13:13:51.975964 [debug] [Thread-2 (]: Using snowflake connection "model.aws_dbt_snowflake_project.bronze_hosts"
[0m13:13:51.975964 [debug] [Thread-2 (]: On model.aws_dbt_snowflake_project.bronze_hosts: create or replace   view AIRBNB.dbt_schema.bronze_hosts
  
  
  
  
  as (
    select * from AIRBNB.staging.hosts
  )
/* {"app": "dbt", "dbt_version": "1.12.4", "profile_name": "aws_dbt_snowflake_project", "target_name": "dev", "node_id": "model.aws_dbt_snowflake_project.bronze_hosts"} */;
[0m13:13:52.249150 [debug] [Thread-2 (]: SQL status: SUCCESS 1 in 0.272 seconds
[0m13:13:52.254195 [debug] [Thread-2 (]: Sending event: {'category': 'dbt', 'action': 'run_model', 'label': '54ed4eb0-c65d-4500-b794-37266f78a877', 'context': [<snowplow_tracker.self_describing_json.SelfDescribingJson object at 0x000001C9A326F080>]}
[0m13:13:52.254195 [info ] [Thread-2 (]: 2 of 3 OK created sql view model dbt_schema.bronze_hosts ....................... [[32mSUCCESS 1[0m in 0.28s]
[0m13:13:52.254195 [debug] [Thread-2 (]: Finished running node model.aws_dbt_snowflake_project.bronze_hosts
[0m13:13:52.259202 [debug] [Thread-2 (]: Began running node model.aws_dbt_snowflake_project.bronze_listings
[0m13:13:52.259202 [info ] [Thread-2 (]: 3 of 3 START sql view model dbt_schema.bronze_listings ......................... [RUN]
[0m13:13:52.259202 [debug] [Thread-2 (]: Re-using an available connection from the pool (formerly model.aws_dbt_snowflake_project.bronze_hosts, now model.aws_dbt_snowflake_project.bronze_listings)
[0m13:13:52.259202 [debug] [Thread-2 (]: Began compiling node model.aws_dbt_snowflake_project.bronze_listings
[0m13:13:52.259202 [debug] [Thread-2 (]: Writing injected SQL for node "model.aws_dbt_snowflake_project.bronze_listings"
[0m13:13:52.264216 [debug] [Thread-2 (]: Began executing node model.aws_dbt_snowflake_project.bronze_listings
[0m13:13:52.264216 [debug] [Thread-2 (]: Writing runtime sql for node "model.aws_dbt_snowflake_project.bronze_listings"
[0m13:13:52.269225 [debug] [Thread-2 (]: Using snowflake connection "model.aws_dbt_snowflake_project.bronze_listings"
[0m13:13:52.269225 [debug] [Thread-2 (]: On model.aws_dbt_snowflake_project.bronze_listings: create or replace   view AIRBNB.dbt_schema.bronze_listings
  
  
  
  
  as (
    select * from AIRBNB.staging.listings
  )
/* {"app": "dbt", "dbt_version": "1.12.4", "profile_name": "aws_dbt_snowflake_project", "target_name": "dev", "node_id": "model.aws_dbt_snowflake_project.bronze_listings"} */;
[0m13:13:52.561593 [debug] [Thread-2 (]: SQL status: SUCCESS 1 in 0.293 seconds
[0m13:13:52.566477 [debug] [Thread-2 (]: Sending event: {'category': 'dbt', 'action': 'run_model', 'label': '54ed4eb0-c65d-4500-b794-37266f78a877', 'context': [<snowplow_tracker.self_describing_json.SelfDescribingJson object at 0x000001C9A3185E20>]}
[0m13:13:52.566477 [info ] [Thread-2 (]: 3 of 3 OK created sql view model dbt_schema.bronze_listings .................... [[32mSUCCESS 1[0m in 0.31s]
[0m13:13:52.566477 [debug] [Thread-2 (]: Finished running node model.aws_dbt_snowflake_project.bronze_listings
[0m13:13:52.571502 [debug] [MainThread]: Connection 'master' was properly closed.
[0m13:13:52.571502 [debug] [MainThread]: Connection 'list_AIRBNB' was left open.
[0m13:13:52.571502 [debug] [MainThread]: On list_AIRBNB: Close
[0m13:13:52.821423 [debug] [MainThread]: Connection 'list_AIRBNB_dbt_schema' was left open.
[0m13:13:52.821423 [debug] [MainThread]: On list_AIRBNB_dbt_schema: Close
[0m13:13:53.088329 [debug] [MainThread]: Connection 'model.aws_dbt_snowflake_project.bronze_listings' was left open.
[0m13:13:53.089915 [debug] [MainThread]: On model.aws_dbt_snowflake_project.bronze_listings: Close
[0m13:13:53.351323 [info ] [MainThread]: 
[0m13:13:53.351323 [info ] [MainThread]: Finished running 3 view models in 0 hours 0 minutes and 5.17 seconds (5.17s).
[0m13:13:53.356370 [debug] [MainThread]: Command end result
[0m13:13:53.398591 [debug] [MainThread]: Wrote artifact WritableManifest to C:\Users\Zaheer Alam\Desktop\all files\AWS_DBT_Snowflake\aws_dbt_snowflake_project\target\manifest.json
[0m13:13:53.402592 [debug] [MainThread]: Wrote artifact SemanticManifest to C:\Users\Zaheer Alam\Desktop\all files\AWS_DBT_Snowflake\aws_dbt_snowflake_project\target\semantic_manifest.json
[0m13:13:53.407354 [debug] [MainThread]: Wrote artifact OsiDocument to C:\Users\Zaheer Alam\Desktop\all files\AWS_DBT_Snowflake\aws_dbt_snowflake_project\target\osi_document.json
[0m13:13:53.414145 [debug] [MainThread]: Wrote artifact RunExecutionResult to C:\Users\Zaheer Alam\Desktop\all files\AWS_DBT_Snowflake\aws_dbt_snowflake_project\target\run_results.json
[0m13:13:53.414145 [info ] [MainThread]: 
[0m13:13:53.414145 [info ] [MainThread]: [32mCompleted successfully[0m
[0m13:13:53.414145 [info ] [MainThread]: 
[0m13:13:53.414145 [info ] [MainThread]: Done. PASS=3 WARN=0 ERROR=0 SKIP=0 NO-OP=0 REUSED=0 TOTAL=3
[0m13:13:53.419138 [debug] [MainThread]: Command `dbt run` succeeded at 13:13:53.419138 after 10.41 seconds
[0m13:13:53.419138 [debug] [MainThread]: Sending event: {'category': 'dbt', 'action': 'invocation', 'label': 'end', 'context': [<snowplow_tracker.self_describing_json.SelfDescribingJson object at 0x000001C9A02E83B0>, <snowplow_tracker.self_describing_json.SelfDescribingJson object at 0x000001C9A1E0B110>, <snowplow_tracker.self_describing_json.SelfDescribingJson object at 0x000001C9A02BD9A0>]}
[0m13:13:53.419138 [debug] [MainThread]: Flushing usage events
[0m13:13:54.975718 [debug] [MainThread]: An error was encountered while trying to flush usage events
[0m13:24:11.972760 [debug] [MainThread]: Sending event: {'category': 'dbt', 'action': 'invocation', 'label': 'start', 'context': [<snowplow_tracker.self_describing_json.SelfDescribingJson object at 0x000002BB818F35C0>, <snowplow_tracker.self_describing_json.SelfDescribingJson object at 0x000002BB812625A0>, <snowplow_tracker.self_describing_json.SelfDescribingJson object at 0x000002BB81263260>]}


============================== 13:24:11.977783 | 0d47da9f-b2c9-4d57-84bb-0fe06db3cfaa ==============================
[0m13:24:11.977783 [info ] [MainThread]: Running with dbt=1.12.4
[0m13:24:11.977783 [debug] [MainThread]: running dbt with arguments {'version_check': 'True', 'no_print': 'None', 'static_parser': 'True', 'target_path': 'None', 'maximum_seed_size_mib': '1', 'warn_error_options': 'WarnErrorOptionsV2(error=[], warn=[], silence=[])', 'printer_width': '80', 'write_json': 'True', 'empty': 'False', 'log_cache_events': 'False', 'introspect': 'True', 'cache_selected_only': 'False', 'fail_fast': 'False', 'debug': 'False', 'log_format': 'default', 'profiles_dir': 'C:\\Users\\Zaheer Alam\\.dbt', 'send_anonymous_usage_stats': 'True', 'quiet': 'False', 'warn_error': 'None', 'partial_parse': 'True', 'invocation_command': 'dbt run', 'hints_enabled': 'True', 'use_colors': 'True', 'use_experimental_parser': 'False', 'indirect_selection': 'eager', 'log_path': 'C:\\Users\\Zaheer Alam\\Desktop\\all files\\AWS_DBT_Snowflake\\aws_dbt_snowflake_project\\logs'}
[0m13:24:12.493673 [debug] [MainThread]: Snowflake adapter: Setting snowflake.connector to ERROR (file logging only)
[0m13:24:12.493673 [debug] [MainThread]: Snowflake adapter: Setting botocore to ERROR (file logging only)
[0m13:24:12.493673 [debug] [MainThread]: Snowflake adapter: Setting boto3 to ERROR (file logging only)
[0m13:24:12.756716 [debug] [MainThread]: Sending event: {'category': 'dbt', 'action': 'project_id', 'label': '0d47da9f-b2c9-4d57-84bb-0fe06db3cfaa', 'context': [<snowplow_tracker.self_describing_json.SelfDescribingJson object at 0x000002BB84BB4B60>]}
[0m13:24:12.818657 [debug] [MainThread]: Sending event: {'category': 'dbt', 'action': 'adapter_info', 'label': '0d47da9f-b2c9-4d57-84bb-0fe06db3cfaa', 'context': [<snowplow_tracker.self_describing_json.SelfDescribingJson object at 0x000002BB8472DC10>]}
[0m13:24:12.823680 [info ] [MainThread]: Registered adapter: snowflake=1.12.0
[0m13:24:13.118317 [debug] [MainThread]: checksum: 5898aabf08c9bfee8ee956a138979f76ca666292702eae8cc33b5009f8451796, vars: {}, profile: aws_dbt_snowflake_project, target: dev, version: 1.12.4
[0m13:24:13.258107 [debug] [MainThread]: Partial parsing enabled: 0 files deleted, 0 files added, 0 files changed.
[0m13:24:13.263085 [debug] [MainThread]: Nothing changed, skipping partial parsing.
[0m13:24:13.263085 [debug] [MainThread]: Partial parsing enabled, no changes found, skipping parsing
[0m13:24:13.268073 [debug] [MainThread]: Sending event: {'category': 'dbt', 'action': 'load_project', 'label': '0d47da9f-b2c9-4d57-84bb-0fe06db3cfaa', 'context': [<snowplow_tracker.self_describing_json.SelfDescribingJson object at 0x000002BBFEF79FA0>]}
[0m13:24:13.390903 [debug] [MainThread]: Wrote artifact WritableManifest to C:\Users\Zaheer Alam\Desktop\all files\AWS_DBT_Snowflake\aws_dbt_snowflake_project\target\manifest.json
[0m13:24:13.395904 [debug] [MainThread]: Wrote artifact SemanticManifest to C:\Users\Zaheer Alam\Desktop\all files\AWS_DBT_Snowflake\aws_dbt_snowflake_project\target\semantic_manifest.json
[0m13:24:13.430528 [debug] [MainThread]: Wrote artifact OsiDocument to C:\Users\Zaheer Alam\Desktop\all files\AWS_DBT_Snowflake\aws_dbt_snowflake_project\target\osi_document.json
[0m13:24:13.441940 [debug] [MainThread]: Sending event: {'category': 'dbt', 'action': 'resource_counts', 'label': '0d47da9f-b2c9-4d57-84bb-0fe06db3cfaa', 'context': [<snowplow_tracker.self_describing_json.SelfDescribingJson object at 0x000002BB84F37020>]}
[0m13:24:13.445043 [info ] [MainThread]: Found 3 models, 3 sources, 545 macros
[0m13:24:13.445555 [debug] [MainThread]: Sending event: {'category': 'dbt', 'action': 'runnable_timing', 'label': '0d47da9f-b2c9-4d57-84bb-0fe06db3cfaa', 'context': [<snowplow_tracker.self_describing_json.SelfDescribingJson object at 0x000002BB84C4D850>]}
[0m13:24:13.445555 [info ] [MainThread]: 
[0m13:24:13.445555 [info ] [MainThread]: Concurrency: 1 threads (target='dev')
[0m13:24:13.445555 [info ] [MainThread]: 
[0m13:24:13.449826 [debug] [MainThread]: Acquiring new snowflake connection 'master'
[0m13:24:13.455947 [debug] [ThreadPool]: Acquiring new snowflake connection 'list_AIRBNB'
[0m13:24:13.473097 [debug] [ThreadPool]: Using snowflake connection "list_AIRBNB"
[0m13:24:13.473097 [debug] [ThreadPool]: On list_AIRBNB: show terse schemas in database AIRBNB
    limit 10000
/* {"app": "dbt", "dbt_version": "1.12.4", "profile_name": "aws_dbt_snowflake_project", "target_name": "dev", "connection_name": "list_AIRBNB"} */
[0m13:24:13.473097 [debug] [ThreadPool]: Opening a new connection, currently in state init
[0m13:24:16.677891 [debug] [ThreadPool]: SQL status: SUCCESS 4 in 3.207 seconds
[0m13:24:16.682673 [debug] [ThreadPool]: Re-using an available connection from the pool (formerly list_AIRBNB, now create_AIRBNB_dbt_schema_bronze)
[0m13:24:16.695614 [debug] [ThreadPool]: Creating schema "database: "AIRBNB"
schema: "dbt_schema_bronze"
"
[0m13:24:16.700653 [debug] [ThreadPool]: Using snowflake connection "create_AIRBNB_dbt_schema_bronze"
[0m13:24:16.700653 [debug] [ThreadPool]: On create_AIRBNB_dbt_schema_bronze: create schema if not exists AIRBNB.dbt_schema_bronze
/* {"app": "dbt", "dbt_version": "1.12.4", "profile_name": "aws_dbt_snowflake_project", "target_name": "dev", "connection_name": "create_AIRBNB_dbt_schema_bronze"} */
[0m13:24:18.370075 [debug] [ThreadPool]: SQL status: SUCCESS 1 in 1.667 seconds
[0m13:24:18.372207 [debug] [ThreadPool]: Acquiring new snowflake connection 'list_AIRBNB_dbt_schema_bronze'
[0m13:24:18.388674 [debug] [ThreadPool]: Using snowflake connection "list_AIRBNB_dbt_schema_bronze"
[0m13:24:18.388674 [debug] [ThreadPool]: On list_AIRBNB_dbt_schema_bronze: show objects in AIRBNB.dbt_schema_bronze
    limit 10000
    

/* {"app": "dbt", "dbt_version": "1.12.4", "profile_name": "aws_dbt_snowflake_project", "target_name": "dev", "connection_name": "list_AIRBNB_dbt_schema_bronze"} */;
[0m13:24:18.389689 [debug] [ThreadPool]: Opening a new connection, currently in state init
[0m13:24:19.502740 [debug] [ThreadPool]: SQL status: SUCCESS 0 in 1.113 seconds
[0m13:24:19.510555 [debug] [ThreadPool]: Using snowflake connection "list_AIRBNB_dbt_schema_bronze"
[0m13:24:19.511217 [debug] [ThreadPool]: On list_AIRBNB_dbt_schema_bronze: show user functions in AIRBNB.dbt_schema_bronze
/* {"app": "dbt", "dbt_version": "1.12.4", "profile_name": "aws_dbt_snowflake_project", "target_name": "dev", "connection_name": "list_AIRBNB_dbt_schema_bronze"} */
[0m13:24:19.674823 [debug] [ThreadPool]: SQL status: SUCCESS 0 in 0.163 seconds
[0m13:24:19.676838 [debug] [MainThread]: Sending event: {'category': 'dbt', 'action': 'runnable_timing', 'label': '0d47da9f-b2c9-4d57-84bb-0fe06db3cfaa', 'context': [<snowplow_tracker.self_describing_json.SelfDescribingJson object at 0x000002BB818BD940>]}
[0m13:24:19.683887 [debug] [Thread-2 (]: Began running node model.aws_dbt_snowflake_project.bronze_bookings
[0m13:24:19.685287 [info ] [Thread-2 (]: 1 of 3 START sql table model dbt_schema_bronze.bronze_bookings ................. [RUN]
[0m13:24:19.686302 [debug] [Thread-2 (]: Acquiring new snowflake connection 'model.aws_dbt_snowflake_project.bronze_bookings'
[0m13:24:19.686302 [debug] [Thread-2 (]: Began compiling node model.aws_dbt_snowflake_project.bronze_bookings
[0m13:24:19.693717 [debug] [Thread-2 (]: Writing injected SQL for node "model.aws_dbt_snowflake_project.bronze_bookings"
[0m13:24:19.694731 [debug] [Thread-2 (]: Began executing node model.aws_dbt_snowflake_project.bronze_bookings
[0m13:24:19.730250 [debug] [Thread-2 (]: Writing runtime sql for node "model.aws_dbt_snowflake_project.bronze_bookings"
[0m13:24:19.731330 [debug] [Thread-2 (]: Using snowflake connection "model.aws_dbt_snowflake_project.bronze_bookings"
[0m13:24:19.731330 [debug] [Thread-2 (]: On model.aws_dbt_snowflake_project.bronze_bookings: create or replace transient table AIRBNB.dbt_schema_bronze.bronze_bookings
    
    
    
    
    

    as (select * from AIRBNB.staging.bookings
    )

/* {"app": "dbt", "dbt_version": "1.12.4", "profile_name": "aws_dbt_snowflake_project", "target_name": "dev", "node_id": "model.aws_dbt_snowflake_project.bronze_bookings"} */;
[0m13:24:19.732229 [debug] [Thread-2 (]: Opening a new connection, currently in state init
[0m13:24:21.228651 [debug] [Thread-2 (]: SQL status: SUCCESS 5000 in 1.496 seconds
[0m13:24:21.251435 [debug] [Thread-2 (]: Sending event: {'category': 'dbt', 'action': 'run_model', 'label': '0d47da9f-b2c9-4d57-84bb-0fe06db3cfaa', 'context': [<snowplow_tracker.self_describing_json.SelfDescribingJson object at 0x000002BB83521130>]}
[0m13:24:21.251435 [info ] [Thread-2 (]: 1 of 3 OK created sql table model dbt_schema_bronze.bronze_bookings ............ [[32mSUCCESS 5000[0m in 1.57s]
[0m13:24:21.256440 [debug] [Thread-2 (]: Finished running node model.aws_dbt_snowflake_project.bronze_bookings
[0m13:24:21.256440 [debug] [Thread-2 (]: Began running node model.aws_dbt_snowflake_project.bronze_hosts
[0m13:24:21.256440 [info ] [Thread-2 (]: 2 of 3 START sql table model dbt_schema_bronze.bronze_hosts .................... [RUN]
[0m13:24:21.256440 [debug] [Thread-2 (]: Re-using an available connection from the pool (formerly model.aws_dbt_snowflake_project.bronze_bookings, now model.aws_dbt_snowflake_project.bronze_hosts)
[0m13:24:21.256440 [debug] [Thread-2 (]: Began compiling node model.aws_dbt_snowflake_project.bronze_hosts
[0m13:24:21.256440 [debug] [Thread-2 (]: Writing injected SQL for node "model.aws_dbt_snowflake_project.bronze_hosts"
[0m13:24:21.261440 [debug] [Thread-2 (]: Began executing node model.aws_dbt_snowflake_project.bronze_hosts
[0m13:24:21.261440 [debug] [Thread-2 (]: Writing runtime sql for node "model.aws_dbt_snowflake_project.bronze_hosts"
[0m13:24:21.261440 [debug] [Thread-2 (]: Using snowflake connection "model.aws_dbt_snowflake_project.bronze_hosts"
[0m13:24:21.261440 [debug] [Thread-2 (]: On model.aws_dbt_snowflake_project.bronze_hosts: create or replace transient table AIRBNB.dbt_schema_bronze.bronze_hosts
    
    
    
    
    

    as (select * from AIRBNB.staging.hosts
    )

/* {"app": "dbt", "dbt_version": "1.12.4", "profile_name": "aws_dbt_snowflake_project", "target_name": "dev", "node_id": "model.aws_dbt_snowflake_project.bronze_hosts"} */;
[0m13:24:21.926575 [debug] [Thread-2 (]: SQL status: SUCCESS 200 in 0.661 seconds
[0m13:24:21.926575 [debug] [Thread-2 (]: Sending event: {'category': 'dbt', 'action': 'run_model', 'label': '0d47da9f-b2c9-4d57-84bb-0fe06db3cfaa', 'context': [<snowplow_tracker.self_describing_json.SelfDescribingJson object at 0x000002BB862A6A20>]}
[0m13:24:21.931625 [info ] [Thread-2 (]: 2 of 3 OK created sql table model dbt_schema_bronze.bronze_hosts ............... [[32mSUCCESS 200[0m in 0.67s]
[0m13:24:21.931625 [debug] [Thread-2 (]: Finished running node model.aws_dbt_snowflake_project.bronze_hosts
[0m13:24:21.931625 [debug] [Thread-2 (]: Began running node model.aws_dbt_snowflake_project.bronze_listings
[0m13:24:21.931625 [info ] [Thread-2 (]: 3 of 3 START sql table model dbt_schema_bronze.bronze_listings ................. [RUN]
[0m13:24:21.931625 [debug] [Thread-2 (]: Re-using an available connection from the pool (formerly model.aws_dbt_snowflake_project.bronze_hosts, now model.aws_dbt_snowflake_project.bronze_listings)
[0m13:24:21.936600 [debug] [Thread-2 (]: Began compiling node model.aws_dbt_snowflake_project.bronze_listings
[0m13:24:21.936600 [debug] [Thread-2 (]: Writing injected SQL for node "model.aws_dbt_snowflake_project.bronze_listings"
[0m13:24:21.936600 [debug] [Thread-2 (]: Began executing node model.aws_dbt_snowflake_project.bronze_listings
[0m13:24:21.942707 [debug] [Thread-2 (]: Writing runtime sql for node "model.aws_dbt_snowflake_project.bronze_listings"
[0m13:24:21.945216 [debug] [Thread-2 (]: Using snowflake connection "model.aws_dbt_snowflake_project.bronze_listings"
[0m13:24:21.945216 [debug] [Thread-2 (]: On model.aws_dbt_snowflake_project.bronze_listings: create or replace transient table AIRBNB.dbt_schema_bronze.bronze_listings
    
    
    
    
    

    as (select * from AIRBNB.staging.listings
    )

/* {"app": "dbt", "dbt_version": "1.12.4", "profile_name": "aws_dbt_snowflake_project", "target_name": "dev", "node_id": "model.aws_dbt_snowflake_project.bronze_listings"} */;
[0m13:24:22.503255 [debug] [Thread-2 (]: SQL status: SUCCESS 500 in 0.561 seconds
[0m13:24:22.508323 [debug] [Thread-2 (]: Sending event: {'category': 'dbt', 'action': 'run_model', 'label': '0d47da9f-b2c9-4d57-84bb-0fe06db3cfaa', 'context': [<snowplow_tracker.self_describing_json.SelfDescribingJson object at 0x000002BB8631A0C0>]}
[0m13:24:22.508323 [info ] [Thread-2 (]: 3 of 3 OK created sql table model dbt_schema_bronze.bronze_listings ............ [[32mSUCCESS 500[0m in 0.58s]
[0m13:24:22.508323 [debug] [Thread-2 (]: Finished running node model.aws_dbt_snowflake_project.bronze_listings
[0m13:24:22.513295 [debug] [MainThread]: Connection 'master' was properly closed.
[0m13:24:22.513295 [debug] [MainThread]: Connection 'create_AIRBNB_dbt_schema_bronze' was left open.
[0m13:24:22.513295 [debug] [MainThread]: On create_AIRBNB_dbt_schema_bronze: Close
[0m13:24:22.735924 [debug] [MainThread]: Connection 'list_AIRBNB_dbt_schema_bronze' was left open.
[0m13:24:22.735924 [debug] [MainThread]: On list_AIRBNB_dbt_schema_bronze: Close
[0m13:24:22.975313 [debug] [MainThread]: Connection 'model.aws_dbt_snowflake_project.bronze_listings' was left open.
[0m13:24:22.975313 [debug] [MainThread]: On model.aws_dbt_snowflake_project.bronze_listings: Close
[0m13:24:23.198395 [info ] [MainThread]: 
[0m13:24:23.198395 [info ] [MainThread]: Finished running 3 table models in 0 hours 0 minutes and 9.75 seconds (9.75s).
[0m13:24:23.203389 [debug] [MainThread]: Command end result
[0m13:24:23.242515 [debug] [MainThread]: Wrote artifact WritableManifest to C:\Users\Zaheer Alam\Desktop\all files\AWS_DBT_Snowflake\aws_dbt_snowflake_project\target\manifest.json
[0m13:24:23.249146 [debug] [MainThread]: Wrote artifact SemanticManifest to C:\Users\Zaheer Alam\Desktop\all files\AWS_DBT_Snowflake\aws_dbt_snowflake_project\target\semantic_manifest.json
[0m13:24:23.254163 [debug] [MainThread]: Wrote artifact OsiDocument to C:\Users\Zaheer Alam\Desktop\all files\AWS_DBT_Snowflake\aws_dbt_snowflake_project\target\osi_document.json
[0m13:24:23.259173 [debug] [MainThread]: Wrote artifact RunExecutionResult to C:\Users\Zaheer Alam\Desktop\all files\AWS_DBT_Snowflake\aws_dbt_snowflake_project\target\run_results.json
[0m13:24:23.259173 [info ] [MainThread]: 
[0m13:24:23.259173 [info ] [MainThread]: [32mCompleted successfully[0m
[0m13:24:23.259173 [info ] [MainThread]: 
[0m13:24:23.259173 [info ] [MainThread]: Done. PASS=3 WARN=0 ERROR=0 SKIP=0 NO-OP=0 REUSED=0 TOTAL=3
[0m13:24:23.264154 [debug] [MainThread]: Command `dbt run` succeeded at 13:24:23.264154 after 11.43 seconds
[0m13:24:23.265108 [debug] [MainThread]: Sending event: {'category': 'dbt', 'action': 'invocation', 'label': 'end', 'context': [<snowplow_tracker.self_describing_json.SelfDescribingJson object at 0x000002BBFE3DE210>, <snowplow_tracker.self_describing_json.SelfDescribingJson object at 0x000002BB84FE0470>, <snowplow_tracker.self_describing_json.SelfDescribingJson object at 0x000002BB838EDDC0>]}
[0m13:24:23.265767 [debug] [MainThread]: Flushing usage events
[0m13:24:24.692911 [debug] [MainThread]: An error was encountered while trying to flush usage events
[0m13:27:06.262944 [debug] [MainThread]: Sending event: {'category': 'dbt', 'action': 'invocation', 'label': 'start', 'context': [<snowplow_tracker.self_describing_json.SelfDescribingJson object at 0x00000235D7801790>, <snowplow_tracker.self_describing_json.SelfDescribingJson object at 0x00000235DA895580>, <snowplow_tracker.self_describing_json.SelfDescribingJson object at 0x00000235DA894AA0>]}


============================== 13:27:06.267617 | ea137766-3565-493c-9f32-bf595331efc0 ==============================
[0m13:27:06.267617 [info ] [MainThread]: Running with dbt=1.12.4
[0m13:27:06.268932 [debug] [MainThread]: running dbt with arguments {'version_check': 'True', 'no_print': 'None', 'maximum_seed_size_mib': '1', 'target_path': 'None', 'static_parser': 'True', 'warn_error_options': 'WarnErrorOptionsV2(error=[], warn=[], silence=[])', 'printer_width': '80', 'write_json': 'True', 'introspect': 'True', 'log_cache_events': 'False', 'empty': 'False', 'cache_selected_only': 'False', 'fail_fast': 'False', 'debug': 'False', 'log_format': 'default', 'profiles_dir': 'C:\\Users\\Zaheer Alam\\.dbt', 'send_anonymous_usage_stats': 'True', 'quiet': 'False', 'warn_error': 'None', 'partial_parse': 'True', 'use_colors': 'True', 'hints_enabled': 'True', 'invocation_command': 'dbt run', 'use_experimental_parser': 'False', 'indirect_selection': 'eager', 'log_path': 'C:\\Users\\Zaheer Alam\\Desktop\\all files\\AWS_DBT_Snowflake\\aws_dbt_snowflake_project\\logs'}
[0m13:27:06.816813 [debug] [MainThread]: Snowflake adapter: Setting snowflake.connector to ERROR (file logging only)
[0m13:27:06.816813 [debug] [MainThread]: Snowflake adapter: Setting botocore to ERROR (file logging only)
[0m13:27:06.816813 [debug] [MainThread]: Snowflake adapter: Setting boto3 to ERROR (file logging only)
[0m13:27:07.093193 [debug] [MainThread]: Sending event: {'category': 'dbt', 'action': 'project_id', 'label': 'ea137766-3565-493c-9f32-bf595331efc0', 'context': [<snowplow_tracker.self_describing_json.SelfDescribingJson object at 0x00000235D81C3E60>]}
[0m13:27:07.151240 [debug] [MainThread]: Sending event: {'category': 'dbt', 'action': 'adapter_info', 'label': 'ea137766-3565-493c-9f32-bf595331efc0', 'context': [<snowplow_tracker.self_describing_json.SelfDescribingJson object at 0x00000235DA4606E0>]}
[0m13:27:07.156253 [info ] [MainThread]: Registered adapter: snowflake=1.12.0
[0m13:27:07.458196 [debug] [MainThread]: checksum: 5898aabf08c9bfee8ee956a138979f76ca666292702eae8cc33b5009f8451796, vars: {}, profile: aws_dbt_snowflake_project, target: dev, version: 1.12.4
[0m13:27:07.558185 [error] [MainThread]: [[31mERROR[0m]: Encountered an error:
Parsing Error
  Error reading aws_dbt_snowflake_project: generate_schema_name .yml - Runtime Error
    Syntax error near line 1
    ------------------------------
    1  | {% macro generate_schema_name(custom_schema_name, node) -%}
    2  | 
    3  |     {%- set default_schema = target.schema -%}
    4  |     {%- if custom_schema_name is none -%}
    
    Raw Error:
    ------------------------------
    while scanning for the next token
    found character that cannot start any token
      in "<unicode string>", line 1, column 2
[0m13:27:07.562231 [debug] [MainThread]: Command `dbt run` failed at 13:27:07.561163 after 1.44 seconds
[0m13:27:07.562231 [debug] [MainThread]: Sending event: {'category': 'dbt', 'action': 'invocation', 'label': 'end', 'context': [<snowplow_tracker.self_describing_json.SelfDescribingJson object at 0x00000235D9F484A0>, <snowplow_tracker.self_describing_json.SelfDescribingJson object at 0x00000235DDE0E780>, <snowplow_tracker.self_describing_json.SelfDescribingJson object at 0x00000235DDEC4BF0>]}
[0m13:27:07.562231 [debug] [MainThread]: Flushing usage events
[0m13:27:09.303463 [debug] [MainThread]: An error was encountered while trying to flush usage events
[0m13:29:39.217503 [debug] [MainThread]: Sending event: {'category': 'dbt', 'action': 'invocation', 'label': 'start', 'context': [<snowplow_tracker.self_describing_json.SelfDescribingJson object at 0x000001EA5052F980>, <snowplow_tracker.self_describing_json.SelfDescribingJson object at 0x000001EA5052F6E0>, <snowplow_tracker.self_describing_json.SelfDescribingJson object at 0x000001EA5052EED0>]}


============================== 13:29:39.222545 | 05859f75-c7d3-410a-b784-092c0d4881c5 ==============================
[0m13:29:39.222545 [info ] [MainThread]: Running with dbt=1.12.4
[0m13:29:39.227557 [debug] [MainThread]: running dbt with arguments {'static_parser': 'True', 'no_print': 'None', 'maximum_seed_size_mib': '1', 'target_path': 'None', 'warn_error_options': 'WarnErrorOptionsV2(error=[], warn=[], silence=[])', 'version_check': 'True', 'printer_width': '80', 'write_json': 'True', 'empty': 'False', 'log_cache_events': 'False', 'introspect': 'True', 'cache_selected_only': 'False', 'log_format': 'default', 'debug': 'False', 'fail_fast': 'False', 'profiles_dir': 'C:\\Users\\Zaheer Alam\\.dbt', 'send_anonymous_usage_stats': 'True', 'quiet': 'False', 'warn_error': 'None', 'partial_parse': 'True', 'invocation_command': 'dbt run', 'hints_enabled': 'True', 'indirect_selection': 'eager', 'use_experimental_parser': 'False', 'use_colors': 'True', 'log_path': 'C:\\Users\\Zaheer Alam\\Desktop\\all files\\AWS_DBT_Snowflake\\aws_dbt_snowflake_project\\logs'}
[0m13:29:39.753087 [debug] [MainThread]: Snowflake adapter: Setting snowflake.connector to ERROR (file logging only)
[0m13:29:39.753087 [debug] [MainThread]: Snowflake adapter: Setting botocore to ERROR (file logging only)
[0m13:29:39.753087 [debug] [MainThread]: Snowflake adapter: Setting boto3 to ERROR (file logging only)
[0m13:29:40.015212 [debug] [MainThread]: Sending event: {'category': 'dbt', 'action': 'project_id', 'label': '05859f75-c7d3-410a-b784-092c0d4881c5', 'context': [<snowplow_tracker.self_describing_json.SelfDescribingJson object at 0x000001EA5407DC10>]}
[0m13:29:40.075121 [debug] [MainThread]: Sending event: {'category': 'dbt', 'action': 'adapter_info', 'label': '05859f75-c7d3-410a-b784-092c0d4881c5', 'context': [<snowplow_tracker.self_describing_json.SelfDescribingJson object at 0x000001EA528F8E30>]}
[0m13:29:40.080122 [info ] [MainThread]: Registered adapter: snowflake=1.12.0
[0m13:29:40.366951 [debug] [MainThread]: checksum: 5898aabf08c9bfee8ee956a138979f76ca666292702eae8cc33b5009f8451796, vars: {}, profile: aws_dbt_snowflake_project, target: dev, version: 1.12.4
[0m13:29:40.514140 [debug] [MainThread]: Partial parsing enabled: 0 files deleted, 0 files added, 0 files changed.
[0m13:29:40.514140 [debug] [MainThread]: Nothing changed, skipping partial parsing.
[0m13:29:40.514140 [debug] [MainThread]: Partial parsing enabled, no changes found, skipping parsing
[0m13:29:40.524305 [debug] [MainThread]: Sending event: {'category': 'dbt', 'action': 'load_project', 'label': '05859f75-c7d3-410a-b784-092c0d4881c5', 'context': [<snowplow_tracker.self_describing_json.SelfDescribingJson object at 0x000001EA4E377470>]}
[0m13:29:40.640370 [debug] [MainThread]: Wrote artifact WritableManifest to C:\Users\Zaheer Alam\Desktop\all files\AWS_DBT_Snowflake\aws_dbt_snowflake_project\target\manifest.json
[0m13:29:40.645368 [debug] [MainThread]: Wrote artifact SemanticManifest to C:\Users\Zaheer Alam\Desktop\all files\AWS_DBT_Snowflake\aws_dbt_snowflake_project\target\semantic_manifest.json
[0m13:29:40.675369 [debug] [MainThread]: Wrote artifact OsiDocument to C:\Users\Zaheer Alam\Desktop\all files\AWS_DBT_Snowflake\aws_dbt_snowflake_project\target\osi_document.json
[0m13:29:40.690372 [debug] [MainThread]: Sending event: {'category': 'dbt', 'action': 'resource_counts', 'label': '05859f75-c7d3-410a-b784-092c0d4881c5', 'context': [<snowplow_tracker.self_describing_json.SelfDescribingJson object at 0x000001EA543471A0>]}
[0m13:29:40.690372 [info ] [MainThread]: Found 3 models, 3 sources, 546 macros
[0m13:29:40.690372 [debug] [MainThread]: Sending event: {'category': 'dbt', 'action': 'runnable_timing', 'label': '05859f75-c7d3-410a-b784-092c0d4881c5', 'context': [<snowplow_tracker.self_describing_json.SelfDescribingJson object at 0x000001EA542FA060>]}
[0m13:29:40.690372 [info ] [MainThread]: 
[0m13:29:40.690372 [info ] [MainThread]: Concurrency: 1 threads (target='dev')
[0m13:29:40.690372 [info ] [MainThread]: 
[0m13:29:40.695388 [debug] [MainThread]: Acquiring new snowflake connection 'master'
[0m13:29:40.700394 [debug] [ThreadPool]: Acquiring new snowflake connection 'list_AIRBNB'
[0m13:29:40.719536 [debug] [ThreadPool]: Using snowflake connection "list_AIRBNB"
[0m13:29:40.719928 [debug] [ThreadPool]: On list_AIRBNB: show terse schemas in database AIRBNB
    limit 10000
/* {"app": "dbt", "dbt_version": "1.12.4", "profile_name": "aws_dbt_snowflake_project", "target_name": "dev", "connection_name": "list_AIRBNB"} */
[0m13:29:40.719928 [debug] [ThreadPool]: Opening a new connection, currently in state init
[0m13:29:41.793712 [debug] [ThreadPool]: SQL status: SUCCESS 5 in 1.074 seconds
[0m13:29:41.796725 [debug] [ThreadPool]: Re-using an available connection from the pool (formerly list_AIRBNB, now create_AIRBNB_bronze)
[0m13:29:41.797726 [debug] [ThreadPool]: Creating schema "database: "AIRBNB"
schema: "bronze"
"
[0m13:29:41.802756 [debug] [ThreadPool]: Using snowflake connection "create_AIRBNB_bronze"
[0m13:29:41.802756 [debug] [ThreadPool]: On create_AIRBNB_bronze: create schema if not exists AIRBNB.bronze
/* {"app": "dbt", "dbt_version": "1.12.4", "profile_name": "aws_dbt_snowflake_project", "target_name": "dev", "connection_name": "create_AIRBNB_bronze"} */
[0m13:29:41.988813 [debug] [ThreadPool]: SQL status: SUCCESS 1 in 0.187 seconds
[0m13:29:41.993519 [debug] [ThreadPool]: Acquiring new snowflake connection 'list_AIRBNB_bronze'
[0m13:29:42.008570 [debug] [ThreadPool]: Using snowflake connection "list_AIRBNB_bronze"
[0m13:29:42.008570 [debug] [ThreadPool]: On list_AIRBNB_bronze: show objects in AIRBNB.bronze
    limit 10000
    

/* {"app": "dbt", "dbt_version": "1.12.4", "profile_name": "aws_dbt_snowflake_project", "target_name": "dev", "connection_name": "list_AIRBNB_bronze"} */;
[0m13:29:42.008570 [debug] [ThreadPool]: Opening a new connection, currently in state init
[0m13:29:42.643186 [debug] [ThreadPool]: SQL status: SUCCESS 0 in 0.635 seconds
[0m13:29:42.653383 [debug] [ThreadPool]: Using snowflake connection "list_AIRBNB_bronze"
[0m13:29:42.654386 [debug] [ThreadPool]: On list_AIRBNB_bronze: show user functions in AIRBNB.bronze
/* {"app": "dbt", "dbt_version": "1.12.4", "profile_name": "aws_dbt_snowflake_project", "target_name": "dev", "connection_name": "list_AIRBNB_bronze"} */
[0m13:29:42.818819 [debug] [ThreadPool]: SQL status: SUCCESS 0 in 0.166 seconds
[0m13:29:42.818819 [debug] [MainThread]: Sending event: {'category': 'dbt', 'action': 'runnable_timing', 'label': '05859f75-c7d3-410a-b784-092c0d4881c5', 'context': [<snowplow_tracker.self_describing_json.SelfDescribingJson object at 0x000001EA542F8890>]}
[0m13:29:42.837474 [debug] [Thread-2 (]: Began running node model.aws_dbt_snowflake_project.bronze_bookings
[0m13:29:42.837474 [info ] [Thread-2 (]: 1 of 3 START sql table model bronze.bronze_bookings ............................ [RUN]
[0m13:29:42.842447 [debug] [Thread-2 (]: Acquiring new snowflake connection 'model.aws_dbt_snowflake_project.bronze_bookings'
[0m13:29:42.842447 [debug] [Thread-2 (]: Began compiling node model.aws_dbt_snowflake_project.bronze_bookings
[0m13:29:42.852460 [debug] [Thread-2 (]: Writing injected SQL for node "model.aws_dbt_snowflake_project.bronze_bookings"
[0m13:29:42.852460 [debug] [Thread-2 (]: Began executing node model.aws_dbt_snowflake_project.bronze_bookings
[0m13:29:42.883036 [debug] [Thread-2 (]: Writing runtime sql for node "model.aws_dbt_snowflake_project.bronze_bookings"
[0m13:29:42.888069 [debug] [Thread-2 (]: Using snowflake connection "model.aws_dbt_snowflake_project.bronze_bookings"
[0m13:29:42.888069 [debug] [Thread-2 (]: On model.aws_dbt_snowflake_project.bronze_bookings: create or replace transient table AIRBNB.bronze.bronze_bookings
    
    
    
    
    

    as (select * from AIRBNB.staging.bookings
    )

/* {"app": "dbt", "dbt_version": "1.12.4", "profile_name": "aws_dbt_snowflake_project", "target_name": "dev", "node_id": "model.aws_dbt_snowflake_project.bronze_bookings"} */;
[0m13:29:42.888069 [debug] [Thread-2 (]: Opening a new connection, currently in state init
[0m13:29:44.805827 [debug] [Thread-2 (]: SQL status: SUCCESS 5000 in 1.919 seconds
[0m13:29:44.835707 [debug] [Thread-2 (]: Sending event: {'category': 'dbt', 'action': 'run_model', 'label': '05859f75-c7d3-410a-b784-092c0d4881c5', 'context': [<snowplow_tracker.self_describing_json.SelfDescribingJson object at 0x000001EA55703D10>]}
[0m13:29:44.835707 [info ] [Thread-2 (]: 1 of 3 OK created sql table model bronze.bronze_bookings ....................... [[32mSUCCESS 5000[0m in 1.99s]
[0m13:29:44.835707 [debug] [Thread-2 (]: Finished running node model.aws_dbt_snowflake_project.bronze_bookings
[0m13:29:44.835707 [debug] [Thread-2 (]: Began running node model.aws_dbt_snowflake_project.bronze_hosts
[0m13:29:44.835707 [info ] [Thread-2 (]: 2 of 3 START sql table model bronze.bronze_hosts ............................... [RUN]
[0m13:29:44.835707 [debug] [Thread-2 (]: Re-using an available connection from the pool (formerly model.aws_dbt_snowflake_project.bronze_bookings, now model.aws_dbt_snowflake_project.bronze_hosts)
[0m13:29:44.835707 [debug] [Thread-2 (]: Began compiling node model.aws_dbt_snowflake_project.bronze_hosts
[0m13:29:44.840690 [debug] [Thread-2 (]: Writing injected SQL for node "model.aws_dbt_snowflake_project.bronze_hosts"
[0m13:29:44.840690 [debug] [Thread-2 (]: Began executing node model.aws_dbt_snowflake_project.bronze_hosts
[0m13:29:44.840690 [debug] [Thread-2 (]: Writing runtime sql for node "model.aws_dbt_snowflake_project.bronze_hosts"
[0m13:29:44.845693 [debug] [Thread-2 (]: Using snowflake connection "model.aws_dbt_snowflake_project.bronze_hosts"
[0m13:29:44.847260 [debug] [Thread-2 (]: On model.aws_dbt_snowflake_project.bronze_hosts: create or replace transient table AIRBNB.bronze.bronze_hosts
    
    
    
    
    

    as (select * from AIRBNB.staging.hosts
    )

/* {"app": "dbt", "dbt_version": "1.12.4", "profile_name": "aws_dbt_snowflake_project", "target_name": "dev", "node_id": "model.aws_dbt_snowflake_project.bronze_hosts"} */;
[0m13:29:45.525269 [debug] [Thread-2 (]: SQL status: SUCCESS 200 in 0.679 seconds
[0m13:29:45.530336 [debug] [Thread-2 (]: Sending event: {'category': 'dbt', 'action': 'run_model', 'label': '05859f75-c7d3-410a-b784-092c0d4881c5', 'context': [<snowplow_tracker.self_describing_json.SelfDescribingJson object at 0x000001EA542F8890>]}
[0m13:29:45.530336 [info ] [Thread-2 (]: 2 of 3 OK created sql table model bronze.bronze_hosts .......................... [[32mSUCCESS 200[0m in 0.69s]
[0m13:29:45.530336 [debug] [Thread-2 (]: Finished running node model.aws_dbt_snowflake_project.bronze_hosts
[0m13:29:45.530336 [debug] [Thread-2 (]: Began running node model.aws_dbt_snowflake_project.bronze_listings
[0m13:29:45.530336 [info ] [Thread-2 (]: 3 of 3 START sql table model bronze.bronze_listings ............................ [RUN]
[0m13:29:45.530336 [debug] [Thread-2 (]: Re-using an available connection from the pool (formerly model.aws_dbt_snowflake_project.bronze_hosts, now model.aws_dbt_snowflake_project.bronze_listings)
[0m13:29:45.530336 [debug] [Thread-2 (]: Began compiling node model.aws_dbt_snowflake_project.bronze_listings
[0m13:29:45.535332 [debug] [Thread-2 (]: Writing injected SQL for node "model.aws_dbt_snowflake_project.bronze_listings"
[0m13:29:45.535332 [debug] [Thread-2 (]: Began executing node model.aws_dbt_snowflake_project.bronze_listings
[0m13:29:45.540333 [debug] [Thread-2 (]: Writing runtime sql for node "model.aws_dbt_snowflake_project.bronze_listings"
[0m13:29:45.540333 [debug] [Thread-2 (]: Using snowflake connection "model.aws_dbt_snowflake_project.bronze_listings"
[0m13:29:45.540333 [debug] [Thread-2 (]: On model.aws_dbt_snowflake_project.bronze_listings: create or replace transient table AIRBNB.bronze.bronze_listings
    
    
    
    
    

    as (select * from AIRBNB.staging.listings
    )

/* {"app": "dbt", "dbt_version": "1.12.4", "profile_name": "aws_dbt_snowflake_project", "target_name": "dev", "node_id": "model.aws_dbt_snowflake_project.bronze_listings"} */;
[0m13:29:46.169918 [debug] [Thread-2 (]: SQL status: SUCCESS 500 in 0.628 seconds
[0m13:29:46.173905 [debug] [Thread-2 (]: Sending event: {'category': 'dbt', 'action': 'run_model', 'label': '05859f75-c7d3-410a-b784-092c0d4881c5', 'context': [<snowplow_tracker.self_describing_json.SelfDescribingJson object at 0x000001EA55702AE0>]}
[0m13:29:46.173905 [info ] [Thread-2 (]: 3 of 3 OK created sql table model bronze.bronze_listings ....................... [[32mSUCCESS 500[0m in 0.64s]
[0m13:29:46.173905 [debug] [Thread-2 (]: Finished running node model.aws_dbt_snowflake_project.bronze_listings
[0m13:29:46.179839 [debug] [MainThread]: Connection 'master' was properly closed.
[0m13:29:46.179839 [debug] [MainThread]: Connection 'create_AIRBNB_bronze' was left open.
[0m13:29:46.179839 [debug] [MainThread]: On create_AIRBNB_bronze: Close
[0m13:29:46.435723 [debug] [MainThread]: Connection 'list_AIRBNB_bronze' was left open.
[0m13:29:46.435723 [debug] [MainThread]: On list_AIRBNB_bronze: Close
[0m13:29:46.687461 [debug] [MainThread]: Connection 'model.aws_dbt_snowflake_project.bronze_listings' was left open.
[0m13:29:46.687461 [debug] [MainThread]: On model.aws_dbt_snowflake_project.bronze_listings: Close
[0m13:29:46.921996 [info ] [MainThread]: 
[0m13:29:46.922987 [info ] [MainThread]: Finished running 3 table models in 0 hours 0 minutes and 6.23 seconds (6.23s).
[0m13:29:46.924640 [debug] [MainThread]: Command end result
[0m13:29:46.967245 [debug] [MainThread]: Wrote artifact WritableManifest to C:\Users\Zaheer Alam\Desktop\all files\AWS_DBT_Snowflake\aws_dbt_snowflake_project\target\manifest.json
[0m13:29:46.972260 [debug] [MainThread]: Wrote artifact SemanticManifest to C:\Users\Zaheer Alam\Desktop\all files\AWS_DBT_Snowflake\aws_dbt_snowflake_project\target\semantic_manifest.json
[0m13:29:46.972260 [debug] [MainThread]: Wrote artifact OsiDocument to C:\Users\Zaheer Alam\Desktop\all files\AWS_DBT_Snowflake\aws_dbt_snowflake_project\target\osi_document.json
[0m13:29:46.980816 [debug] [MainThread]: Wrote artifact RunExecutionResult to C:\Users\Zaheer Alam\Desktop\all files\AWS_DBT_Snowflake\aws_dbt_snowflake_project\target\run_results.json
[0m13:29:46.980816 [info ] [MainThread]: 
[0m13:29:46.980816 [info ] [MainThread]: [32mCompleted successfully[0m
[0m13:29:46.980816 [info ] [MainThread]: 
[0m13:29:46.985823 [info ] [MainThread]: Done. PASS=3 WARN=0 ERROR=0 SKIP=0 NO-OP=0 REUSED=0 TOTAL=3
[0m13:29:46.985823 [debug] [MainThread]: Command `dbt run` succeeded at 13:29:46.985823 after 7.97 seconds
[0m13:29:46.985823 [debug] [MainThread]: Sending event: {'category': 'dbt', 'action': 'invocation', 'label': 'end', 'context': [<snowplow_tracker.self_describing_json.SelfDescribingJson object at 0x000001EA4D89DFD0>, <snowplow_tracker.self_describing_json.SelfDescribingJson object at 0x000001EA5409DDF0>, <snowplow_tracker.self_describing_json.SelfDescribingJson object at 0x000001EA527BEF60>]}
[0m13:29:46.985823 [debug] [MainThread]: Flushing usage events
[0m13:29:48.433806 [debug] [MainThread]: An error was encountered while trying to flush usage events
[0m13:38:09.179251 [debug] [MainThread]: Sending event: {'category': 'dbt', 'action': 'invocation', 'label': 'start', 'context': [<snowplow_tracker.self_describing_json.SelfDescribingJson object at 0x000001C9CE08F680>, <snowplow_tracker.self_describing_json.SelfDescribingJson object at 0x000001C9D1396390>, <snowplow_tracker.self_describing_json.SelfDescribingJson object at 0x000001C9D1395520>]}


============================== 13:38:09.189949 | b8831bdf-20b4-43f6-a296-faa774b7963a ==============================
[0m13:38:09.189949 [info ] [MainThread]: Running with dbt=1.12.4
[0m13:38:09.189949 [debug] [MainThread]: running dbt with arguments {'static_parser': 'True', 'no_print': 'None', 'version_check': 'True', 'target_path': 'None', 'warn_error_options': 'WarnErrorOptionsV2(error=[], warn=[], silence=[])', 'maximum_seed_size_mib': '1', 'printer_width': '80', 'write_json': 'True', 'introspect': 'True', 'log_cache_events': 'False', 'empty': 'None', 'cache_selected_only': 'False', 'log_format': 'default', 'debug': 'False', 'fail_fast': 'False', 'profiles_dir': 'C:\\Users\\Zaheer Alam\\.dbt', 'send_anonymous_usage_stats': 'True', 'quiet': 'False', 'warn_error': 'None', 'partial_parse': 'True', 'invocation_command': 'dbt ', 'hints_enabled': 'True', 'use_colors': 'True', 'use_experimental_parser': 'False', 'indirect_selection': 'eager', 'log_path': 'c:\\Users\\Zaheer Alam\\Desktop\\all files\\AWS_DBT_Snowflake\\aws_dbt_snowflake_project\\logs'}
[0m13:38:10.357189 [debug] [MainThread]: Snowflake adapter: Setting snowflake.connector to ERROR (file logging only)
[0m13:38:10.357189 [debug] [MainThread]: Snowflake adapter: Setting botocore to ERROR (file logging only)
[0m13:38:10.357189 [debug] [MainThread]: Snowflake adapter: Setting boto3 to ERROR (file logging only)
[0m13:38:11.016310 [debug] [MainThread]: Sending event: {'category': 'dbt', 'action': 'project_id', 'label': 'b8831bdf-20b4-43f6-a296-faa774b7963a', 'context': [<snowplow_tracker.self_describing_json.SelfDescribingJson object at 0x000001C9D462BC20>]}
[0m13:38:11.176360 [debug] [MainThread]: Sending event: {'category': 'dbt', 'action': 'adapter_info', 'label': 'b8831bdf-20b4-43f6-a296-faa774b7963a', 'context': [<snowplow_tracker.self_describing_json.SelfDescribingJson object at 0x000001C9D3FC6930>]}
[0m13:38:11.176360 [info ] [MainThread]: Registered adapter: snowflake=1.12.0
[0m13:38:11.877571 [debug] [MainThread]: checksum: 5898aabf08c9bfee8ee956a138979f76ca666292702eae8cc33b5009f8451796, vars: {}, profile: aws_dbt_snowflake_project, target: dev, version: 1.12.4
[0m13:38:12.216324 [debug] [MainThread]: Partial parsing enabled: 0 files deleted, 1 files added, 0 files changed.
[0m13:38:12.221322 [debug] [MainThread]: Partial parsing: added file: aws_dbt_snowflake_project://analyses\playing.sql
[0m13:38:12.746893 [debug] [MainThread]: Sending event: {'category': 'dbt', 'action': 'load_project', 'label': 'b8831bdf-20b4-43f6-a296-faa774b7963a', 'context': [<snowplow_tracker.self_describing_json.SelfDescribingJson object at 0x000001C9D5D3B2C0>]}
[0m13:38:12.996673 [debug] [MainThread]: Wrote artifact WritableManifest to c:\Users\Zaheer Alam\Desktop\all files\AWS_DBT_Snowflake\aws_dbt_snowflake_project\target\manifest.json
[0m13:38:13.006680 [debug] [MainThread]: Wrote artifact SemanticManifest to c:\Users\Zaheer Alam\Desktop\all files\AWS_DBT_Snowflake\aws_dbt_snowflake_project\target\semantic_manifest.json
[0m13:38:13.075209 [debug] [MainThread]: Wrote artifact OsiDocument to c:\Users\Zaheer Alam\Desktop\all files\AWS_DBT_Snowflake\aws_dbt_snowflake_project\target\osi_document.json
[0m13:38:13.487031 [debug] [MainThread]: Sending event: {'category': 'dbt', 'action': 'resource_counts', 'label': 'b8831bdf-20b4-43f6-a296-faa774b7963a', 'context': [<snowplow_tracker.self_describing_json.SelfDescribingJson object at 0x000001C9D5DA4620>]}
[0m13:38:13.487031 [info ] [MainThread]: Found 3 models, 1 analysis, 3 sources, 546 macros
[0m13:38:13.492029 [debug] [MainThread]: Sending event: {'category': 'dbt', 'action': 'runnable_timing', 'label': 'b8831bdf-20b4-43f6-a296-faa774b7963a', 'context': [<snowplow_tracker.self_describing_json.SelfDescribingJson object at 0x000001C9D4866B70>]}
[0m13:38:13.492029 [warn ] [MainThread]: [[33mWARNING[0m]: Nothing to do. Try checking your model configs and model specification args
[0m13:38:13.497045 [debug] [MainThread]: Command end result
[0m13:38:13.575614 [debug] [MainThread]: Wrote artifact WritableManifest to c:\Users\Zaheer Alam\Desktop\all files\AWS_DBT_Snowflake\aws_dbt_snowflake_project\target\manifest.json
[0m13:38:13.585627 [debug] [MainThread]: Wrote artifact SemanticManifest to c:\Users\Zaheer Alam\Desktop\all files\AWS_DBT_Snowflake\aws_dbt_snowflake_project\target\semantic_manifest.json
[0m13:38:13.590631 [debug] [MainThread]: Wrote artifact OsiDocument to c:\Users\Zaheer Alam\Desktop\all files\AWS_DBT_Snowflake\aws_dbt_snowflake_project\target\osi_document.json
[0m13:38:13.600630 [debug] [MainThread]: Wrote artifact RunExecutionResult to c:\Users\Zaheer Alam\Desktop\all files\AWS_DBT_Snowflake\aws_dbt_snowflake_project\target\run_results.json
[0m13:38:13.600630 [debug] [MainThread]: Command `cli test` succeeded at 13:38:13.600630 after 4.77 seconds
[0m13:38:13.600630 [debug] [MainThread]: Sending event: {'category': 'dbt', 'action': 'invocation', 'label': 'end', 'context': [<snowplow_tracker.self_describing_json.SelfDescribingJson object at 0x000001C9CDFC6960>, <snowplow_tracker.self_describing_json.SelfDescribingJson object at 0x000001C9CF412210>, <snowplow_tracker.self_describing_json.SelfDescribingJson object at 0x000001C9D2EFA2A0>]}
[0m13:38:13.600630 [debug] [MainThread]: Flushing usage events
[0m13:38:24.687918 [debug] [MainThread]: An error was encountered while trying to flush usage events
[0m11:22:21.289420 [debug] [MainThread]: Sending event: {'category': 'dbt', 'action': 'invocation', 'label': 'start', 'context': [<snowplow_tracker.self_describing_json.SelfDescribingJson object at 0x000001411A213B00>, <snowplow_tracker.self_describing_json.SelfDescribingJson object at 0x000001411856D790>, <snowplow_tracker.self_describing_json.SelfDescribingJson object at 0x000001411A213860>]}


============================== 11:22:21.294472 | f0da8a8c-4f57-4d15-9f29-b2346031681b ==============================
[0m11:22:21.294472 [info ] [MainThread]: Running with dbt=1.12.4
[0m11:22:21.310533 [debug] [MainThread]: running dbt with arguments {'maximum_seed_size_mib': '1', 'no_print': 'None', 'version_check': 'True', 'warn_error_options': 'WarnErrorOptionsV2(error=[], warn=[], silence=[])', 'static_parser': 'True', 'target_path': 'None', 'printer_width': '80', 'write_json': 'True', 'introspect': 'True', 'log_cache_events': 'False', 'empty': 'None', 'cache_selected_only': 'False', 'log_format': 'default', 'debug': 'False', 'fail_fast': 'False', 'partial_parse': 'True', 'send_anonymous_usage_stats': 'True', 'quiet': 'False', 'warn_error': 'None', 'profiles_dir': 'C:\\Users\\Zaheer Alam\\.dbt', 'indirect_selection': 'eager', 'hints_enabled': 'True', 'invocation_command': 'dbt ', 'use_experimental_parser': 'False', 'use_colors': 'True', 'log_path': 'c:\\Users\\Zaheer Alam\\Desktop\\all files\\AWS_DBT_Snowflake\\aws_dbt_snowflake_project\\logs'}
[0m11:22:21.657817 [debug] [MainThread]: Sending event: {'category': 'dbt', 'action': 'project_id', 'label': 'f0da8a8c-4f57-4d15-9f29-b2346031681b', 'context': [<snowplow_tracker.self_describing_json.SelfDescribingJson object at 0x0000014115CDC8F0>]}
[0m11:22:21.760719 [info ] [MainThread]: Warning: No packages were found in packages.yml
[0m11:22:21.765700 [info ] [MainThread]: Warning: No packages were found in packages.yml
[0m11:22:21.770711 [debug] [MainThread]: Command `cli deps` succeeded at 11:22:21.765700 after 0.80 seconds
[0m11:22:21.770711 [debug] [MainThread]: Sending event: {'category': 'dbt', 'action': 'invocation', 'label': 'end', 'context': [<snowplow_tracker.self_describing_json.SelfDescribingJson object at 0x000001411A360F20>, <snowplow_tracker.self_describing_json.SelfDescribingJson object at 0x00000141187252B0>, <snowplow_tracker.self_describing_json.SelfDescribingJson object at 0x0000014112837DA0>]}
[0m11:22:21.770711 [debug] [MainThread]: Flushing usage events
[0m11:22:23.916655 [debug] [MainThread]: An error was encountered while trying to flush usage events
[0m12:14:18.350018 [debug] [MainThread]: Sending event: {'category': 'dbt', 'action': 'invocation', 'label': 'start', 'context': [<snowplow_tracker.self_describing_json.SelfDescribingJson object at 0x000002787B59F7A0>, <snowplow_tracker.self_describing_json.SelfDescribingJson object at 0x000002787C41E2D0>, <snowplow_tracker.self_describing_json.SelfDescribingJson object at 0x000002787C41F620>]}


============================== 12:14:18.392747 | 8ac0c771-664f-4ade-b5ee-59249e1f9aa6 ==============================
[0m12:14:18.392747 [info ] [MainThread]: Running with dbt=1.12.4
[0m12:14:18.397725 [debug] [MainThread]: running dbt with arguments {'static_parser': 'True', 'no_print': 'None', 'maximum_seed_size_mib': '1', 'warn_error_options': 'WarnErrorOptionsV2(error=[], warn=[], silence=[])', 'target_path': 'None', 'version_check': 'True', 'printer_width': '80', 'write_json': 'True', 'introspect': 'True', 'log_cache_events': 'False', 'empty': 'False', 'cache_selected_only': 'False', 'log_format': 'default', 'debug': 'False', 'fail_fast': 'False', 'partial_parse': 'True', 'send_anonymous_usage_stats': 'True', 'quiet': 'False', 'warn_error': 'None', 'profiles_dir': 'C:\\Users\\Zaheer Alam\\.dbt', 'invocation_command': 'dbt compile', 'hints_enabled': 'True', 'use_colors': 'True', 'use_experimental_parser': 'False', 'indirect_selection': 'eager', 'log_path': 'C:\\Users\\Zaheer Alam\\Desktop\\all files\\AWS_DBT_Snowflake\\aws_dbt_snowflake_project\\logs'}
[0m12:14:19.212654 [debug] [MainThread]: Snowflake adapter: Setting snowflake.connector to ERROR (file logging only)
[0m12:14:19.217648 [debug] [MainThread]: Snowflake adapter: Setting botocore to ERROR (file logging only)
[0m12:14:19.217648 [debug] [MainThread]: Snowflake adapter: Setting boto3 to ERROR (file logging only)
[0m12:14:19.803477 [debug] [MainThread]: Sending event: {'category': 'dbt', 'action': 'project_id', 'label': '8ac0c771-664f-4ade-b5ee-59249e1f9aa6', 'context': [<snowplow_tracker.self_describing_json.SelfDescribingJson object at 0x000002787DED15B0>]}
[0m12:14:19.942136 [debug] [MainThread]: Sending event: {'category': 'dbt', 'action': 'adapter_info', 'label': '8ac0c771-664f-4ade-b5ee-59249e1f9aa6', 'context': [<snowplow_tracker.self_describing_json.SelfDescribingJson object at 0x000002787EBCCFB0>]}
[0m12:14:19.947137 [info ] [MainThread]: Registered adapter: snowflake=1.12.0
[0m12:14:20.795323 [debug] [MainThread]: checksum: 5898aabf08c9bfee8ee956a138979f76ca666292702eae8cc33b5009f8451796, vars: {}, profile: aws_dbt_snowflake_project, target: dev, version: 1.12.4
[0m12:14:21.122001 [debug] [MainThread]: Partial parsing enabled: 0 files deleted, 0 files added, 0 files changed.
[0m12:14:21.122001 [debug] [MainThread]: Nothing changed, skipping partial parsing.
[0m12:14:21.122001 [debug] [MainThread]: Partial parsing enabled, no changes found, skipping parsing
[0m12:14:21.143913 [debug] [MainThread]: Sending event: {'category': 'dbt', 'action': 'load_project', 'label': '8ac0c771-664f-4ade-b5ee-59249e1f9aa6', 'context': [<snowplow_tracker.self_describing_json.SelfDescribingJson object at 0x000002787E37A300>]}
[0m12:14:21.438589 [debug] [MainThread]: Wrote artifact WritableManifest to C:\Users\Zaheer Alam\Desktop\all files\AWS_DBT_Snowflake\aws_dbt_snowflake_project\target\manifest.json
[0m12:14:21.541414 [debug] [MainThread]: Wrote artifact SemanticManifest to C:\Users\Zaheer Alam\Desktop\all files\AWS_DBT_Snowflake\aws_dbt_snowflake_project\target\semantic_manifest.json
[0m12:14:21.657242 [debug] [MainThread]: Wrote artifact OsiDocument to C:\Users\Zaheer Alam\Desktop\all files\AWS_DBT_Snowflake\aws_dbt_snowflake_project\target\osi_document.json
[0m12:14:21.680817 [error] [MainThread]: [[31mERROR[0m]: Encountered an error:
Compilation Error
  Found a cycle: model.aws_dbt_snowflake_project.bronze_listings
[0m12:14:21.680817 [debug] [MainThread]: Command `dbt compile` failed at 12:14:21.680817 after 3.70 seconds
[0m12:14:21.685806 [debug] [MainThread]: Sending event: {'category': 'dbt', 'action': 'invocation', 'label': 'end', 'context': [<snowplow_tracker.self_describing_json.SelfDescribingJson object at 0x000002787C3A52E0>, <snowplow_tracker.self_describing_json.SelfDescribingJson object at 0x000002787F02C350>, <snowplow_tracker.self_describing_json.SelfDescribingJson object at 0x000002787E863C80>]}
[0m12:14:21.685806 [debug] [MainThread]: Flushing usage events
[0m12:14:24.238567 [debug] [MainThread]: An error was encountered while trying to flush usage events
[0m12:16:57.827004 [debug] [MainThread]: Sending event: {'category': 'dbt', 'action': 'invocation', 'label': 'start', 'context': [<snowplow_tracker.self_describing_json.SelfDescribingJson object at 0x000001C8D416EC00>, <snowplow_tracker.self_describing_json.SelfDescribingJson object at 0x000001C8D6BF6060>, <snowplow_tracker.self_describing_json.SelfDescribingJson object at 0x000001C8D6B79AF0>]}


============================== 12:16:57.837032 | 648a8707-764c-424c-9b4f-5b1de557891a ==============================
[0m12:16:57.837032 [info ] [MainThread]: Running with dbt=1.12.4
[0m12:16:57.839487 [debug] [MainThread]: running dbt with arguments {'version_check': 'True', 'no_print': 'None', 'maximum_seed_size_mib': '1', 'target_path': 'None', 'warn_error_options': 'WarnErrorOptionsV2(error=[], warn=[], silence=[])', 'static_parser': 'True', 'printer_width': '80', 'write_json': 'True', 'introspect': 'True', 'log_cache_events': 'False', 'empty': 'False', 'cache_selected_only': 'False', 'fail_fast': 'False', 'debug': 'False', 'log_format': 'default', 'partial_parse': 'True', 'send_anonymous_usage_stats': 'True', 'quiet': 'False', 'warn_error': 'None', 'profiles_dir': 'C:\\Users\\Zaheer Alam\\.dbt', 'invocation_command': 'dbt compile', 'hints_enabled': 'True', 'indirect_selection': 'eager', 'use_experimental_parser': 'False', 'use_colors': 'True', 'log_path': 'C:\\Users\\Zaheer Alam\\Desktop\\all files\\AWS_DBT_Snowflake\\aws_dbt_snowflake_project\\logs'}
[0m12:16:58.636914 [debug] [MainThread]: Snowflake adapter: Setting snowflake.connector to ERROR (file logging only)
[0m12:16:58.636914 [debug] [MainThread]: Snowflake adapter: Setting botocore to ERROR (file logging only)
[0m12:16:58.636914 [debug] [MainThread]: Snowflake adapter: Setting boto3 to ERROR (file logging only)
[0m12:16:59.200160 [debug] [MainThread]: Sending event: {'category': 'dbt', 'action': 'project_id', 'label': '648a8707-764c-424c-9b4f-5b1de557891a', 'context': [<snowplow_tracker.self_describing_json.SelfDescribingJson object at 0x000001C8D9EE7920>]}
[0m12:16:59.334621 [debug] [MainThread]: Sending event: {'category': 'dbt', 'action': 'adapter_info', 'label': '648a8707-764c-424c-9b4f-5b1de557891a', 'context': [<snowplow_tracker.self_describing_json.SelfDescribingJson object at 0x000001C8DA041340>]}
[0m12:16:59.364430 [info ] [MainThread]: Registered adapter: snowflake=1.12.0
[0m12:17:00.049999 [debug] [MainThread]: checksum: 5898aabf08c9bfee8ee956a138979f76ca666292702eae8cc33b5009f8451796, vars: {}, profile: aws_dbt_snowflake_project, target: dev, version: 1.12.4
[0m12:17:00.383444 [debug] [MainThread]: Partial parsing enabled: 0 files deleted, 0 files added, 0 files changed.
[0m12:17:00.383444 [debug] [MainThread]: Nothing changed, skipping partial parsing.
[0m12:17:00.383444 [debug] [MainThread]: Partial parsing enabled, no changes found, skipping parsing
[0m12:17:00.403583 [debug] [MainThread]: Sending event: {'category': 'dbt', 'action': 'load_project', 'label': '648a8707-764c-424c-9b4f-5b1de557891a', 'context': [<snowplow_tracker.self_describing_json.SelfDescribingJson object at 0x000001C8DA0418E0>]}
[0m12:17:00.691726 [debug] [MainThread]: Wrote artifact WritableManifest to C:\Users\Zaheer Alam\Desktop\all files\AWS_DBT_Snowflake\aws_dbt_snowflake_project\target\manifest.json
[0m12:17:00.702751 [debug] [MainThread]: Wrote artifact SemanticManifest to C:\Users\Zaheer Alam\Desktop\all files\AWS_DBT_Snowflake\aws_dbt_snowflake_project\target\semantic_manifest.json
[0m12:17:00.798205 [debug] [MainThread]: Wrote artifact OsiDocument to C:\Users\Zaheer Alam\Desktop\all files\AWS_DBT_Snowflake\aws_dbt_snowflake_project\target\osi_document.json
[0m12:17:00.814435 [error] [MainThread]: [[31mERROR[0m]: Encountered an error:
Compilation Error
  Found a cycle: model.aws_dbt_snowflake_project.bronze_listings
[0m12:17:00.819443 [debug] [MainThread]: Command `dbt compile` failed at 12:17:00.819443 after 3.25 seconds
[0m12:17:00.819443 [debug] [MainThread]: Sending event: {'category': 'dbt', 'action': 'invocation', 'label': 'end', 'context': [<snowplow_tracker.self_describing_json.SelfDescribingJson object at 0x000001C8D8824F50>, <snowplow_tracker.self_describing_json.SelfDescribingJson object at 0x000001C8DA115CD0>, <snowplow_tracker.self_describing_json.SelfDescribingJson object at 0x000001C8DA32B020>]}
[0m12:17:00.819443 [debug] [MainThread]: Flushing usage events
[0m12:17:03.171659 [debug] [MainThread]: An error was encountered while trying to flush usage events
[0m12:22:44.115406 [debug] [MainThread]: Sending event: {'category': 'dbt', 'action': 'invocation', 'label': 'start', 'context': [<snowplow_tracker.self_describing_json.SelfDescribingJson object at 0x0000026BBF2C35F0>, <snowplow_tracker.self_describing_json.SelfDescribingJson object at 0x0000026BBEFDC440>, <snowplow_tracker.self_describing_json.SelfDescribingJson object at 0x0000026BBEAEFB30>]}


============================== 12:22:44.125418 | 16417b3a-3307-4e8f-9174-c083a7c791df ==============================
[0m12:22:44.125418 [info ] [MainThread]: Running with dbt=1.12.4
[0m12:22:44.125418 [debug] [MainThread]: running dbt with arguments {'static_parser': 'True', 'no_print': 'None', 'maximum_seed_size_mib': '1', 'warn_error_options': 'WarnErrorOptionsV2(error=[], warn=[], silence=[])', 'target_path': 'None', 'version_check': 'True', 'printer_width': '80', 'write_json': 'True', 'empty': 'False', 'log_cache_events': 'False', 'introspect': 'True', 'cache_selected_only': 'False', 'fail_fast': 'False', 'debug': 'False', 'log_format': 'default', 'partial_parse': 'True', 'send_anonymous_usage_stats': 'True', 'quiet': 'False', 'warn_error': 'None', 'profiles_dir': 'C:\\Users\\Zaheer Alam\\.dbt', 'invocation_command': 'dbt compile', 'hints_enabled': 'True', 'indirect_selection': 'eager', 'use_experimental_parser': 'False', 'use_colors': 'True', 'log_path': 'C:\\Users\\Zaheer Alam\\Desktop\\all files\\AWS_DBT_Snowflake\\aws_dbt_snowflake_project\\logs'}
[0m12:22:44.945980 [debug] [MainThread]: Snowflake adapter: Setting snowflake.connector to ERROR (file logging only)
[0m12:22:44.945980 [debug] [MainThread]: Snowflake adapter: Setting botocore to ERROR (file logging only)
[0m12:22:44.950987 [debug] [MainThread]: Snowflake adapter: Setting boto3 to ERROR (file logging only)
[0m12:22:45.502692 [debug] [MainThread]: Sending event: {'category': 'dbt', 'action': 'project_id', 'label': '16417b3a-3307-4e8f-9174-c083a7c791df', 'context': [<snowplow_tracker.self_describing_json.SelfDescribingJson object at 0x0000026BC1725580>]}
[0m12:22:45.647094 [debug] [MainThread]: Sending event: {'category': 'dbt', 'action': 'adapter_info', 'label': '16417b3a-3307-4e8f-9174-c083a7c791df', 'context': [<snowplow_tracker.self_describing_json.SelfDescribingJson object at 0x0000026BC1877290>]}
[0m12:22:45.652096 [info ] [MainThread]: Registered adapter: snowflake=1.12.0
[0m12:22:46.291132 [debug] [MainThread]: checksum: 5898aabf08c9bfee8ee956a138979f76ca666292702eae8cc33b5009f8451796, vars: {}, profile: aws_dbt_snowflake_project, target: dev, version: 1.12.4
[0m12:22:46.622623 [debug] [MainThread]: Partial parsing enabled: 0 files deleted, 0 files added, 0 files changed.
[0m12:22:46.622623 [debug] [MainThread]: Nothing changed, skipping partial parsing.
[0m12:22:46.622623 [debug] [MainThread]: Partial parsing enabled, no changes found, skipping parsing
[0m12:22:46.642618 [debug] [MainThread]: Sending event: {'category': 'dbt', 'action': 'load_project', 'label': '16417b3a-3307-4e8f-9174-c083a7c791df', 'context': [<snowplow_tracker.self_describing_json.SelfDescribingJson object at 0x0000026BC2577470>]}
[0m12:22:46.939064 [debug] [MainThread]: Wrote artifact WritableManifest to C:\Users\Zaheer Alam\Desktop\all files\AWS_DBT_Snowflake\aws_dbt_snowflake_project\target\manifest.json
[0m12:22:46.944048 [debug] [MainThread]: Wrote artifact SemanticManifest to C:\Users\Zaheer Alam\Desktop\all files\AWS_DBT_Snowflake\aws_dbt_snowflake_project\target\semantic_manifest.json
[0m12:22:47.013962 [debug] [MainThread]: Wrote artifact OsiDocument to C:\Users\Zaheer Alam\Desktop\all files\AWS_DBT_Snowflake\aws_dbt_snowflake_project\target\osi_document.json
[0m12:22:47.031130 [error] [MainThread]: [[31mERROR[0m]: Encountered an error:
Compilation Error
  Found a cycle: model.aws_dbt_snowflake_project.bronze_bookings
[0m12:22:47.034883 [debug] [MainThread]: Command `dbt compile` failed at 12:22:47.034883 after 3.30 seconds
[0m12:22:47.034883 [debug] [MainThread]: Sending event: {'category': 'dbt', 'action': 'invocation', 'label': 'end', 'context': [<snowplow_tracker.self_describing_json.SelfDescribingJson object at 0x0000026BC0DEF920>, <snowplow_tracker.self_describing_json.SelfDescribingJson object at 0x0000026BC27A2DB0>, <snowplow_tracker.self_describing_json.SelfDescribingJson object at 0x0000026BC276ABA0>]}
[0m12:22:47.034883 [debug] [MainThread]: Flushing usage events
[0m12:22:49.273990 [debug] [MainThread]: An error was encountered while trying to flush usage events
[0m12:23:25.572417 [debug] [MainThread]: Sending event: {'category': 'dbt', 'action': 'invocation', 'label': 'start', 'context': [<snowplow_tracker.self_describing_json.SelfDescribingJson object at 0x000001535C534680>, <snowplow_tracker.self_describing_json.SelfDescribingJson object at 0x000001535BEFBD40>, <snowplow_tracker.self_describing_json.SelfDescribingJson object at 0x000001535C909AF0>]}


============================== 12:23:25.582417 | 7219cf14-d504-4b59-a2ea-441e7432e901 ==============================
[0m12:23:25.582417 [info ] [MainThread]: Running with dbt=1.12.4
[0m12:23:25.582417 [debug] [MainThread]: running dbt with arguments {'maximum_seed_size_mib': '1', 'no_print': 'None', 'version_check': 'True', 'target_path': 'None', 'warn_error_options': 'WarnErrorOptionsV2(error=[], warn=[], silence=[])', 'static_parser': 'True', 'printer_width': '80', 'write_json': 'True', 'introspect': 'True', 'log_cache_events': 'False', 'empty': 'False', 'cache_selected_only': 'False', 'log_format': 'default', 'debug': 'False', 'fail_fast': 'False', 'partial_parse': 'True', 'send_anonymous_usage_stats': 'True', 'quiet': 'False', 'warn_error': 'None', 'profiles_dir': 'C:\\Users\\Zaheer Alam\\.dbt', 'use_colors': 'True', 'hints_enabled': 'True', 'indirect_selection': 'eager', 'use_experimental_parser': 'False', 'invocation_command': 'dbt compile', 'log_path': 'C:\\Users\\Zaheer Alam\\Desktop\\all files\\AWS_DBT_Snowflake\\aws_dbt_snowflake_project\\logs'}
[0m12:23:26.440011 [debug] [MainThread]: Snowflake adapter: Setting snowflake.connector to ERROR (file logging only)
[0m12:23:26.440011 [debug] [MainThread]: Snowflake adapter: Setting botocore to ERROR (file logging only)
[0m12:23:26.440011 [debug] [MainThread]: Snowflake adapter: Setting boto3 to ERROR (file logging only)
[0m12:23:26.993198 [debug] [MainThread]: Sending event: {'category': 'dbt', 'action': 'project_id', 'label': '7219cf14-d504-4b59-a2ea-441e7432e901', 'context': [<snowplow_tracker.self_describing_json.SelfDescribingJson object at 0x000001535E8EAD20>]}
[0m12:23:27.130828 [debug] [MainThread]: Sending event: {'category': 'dbt', 'action': 'adapter_info', 'label': '7219cf14-d504-4b59-a2ea-441e7432e901', 'context': [<snowplow_tracker.self_describing_json.SelfDescribingJson object at 0x000001535E853A70>]}
[0m12:23:27.135819 [info ] [MainThread]: Registered adapter: snowflake=1.12.0
[0m12:23:27.796769 [debug] [MainThread]: checksum: 5898aabf08c9bfee8ee956a138979f76ca666292702eae8cc33b5009f8451796, vars: {}, profile: aws_dbt_snowflake_project, target: dev, version: 1.12.4
[0m12:23:28.128056 [debug] [MainThread]: Partial parsing enabled: 0 files deleted, 0 files added, 0 files changed.
[0m12:23:28.128056 [debug] [MainThread]: Nothing changed, skipping partial parsing.
[0m12:23:28.128056 [debug] [MainThread]: Partial parsing enabled, no changes found, skipping parsing
[0m12:23:28.148014 [debug] [MainThread]: Sending event: {'category': 'dbt', 'action': 'load_project', 'label': '7219cf14-d504-4b59-a2ea-441e7432e901', 'context': [<snowplow_tracker.self_describing_json.SelfDescribingJson object at 0x000001536000D220>]}
[0m12:23:28.441475 [debug] [MainThread]: Wrote artifact WritableManifest to C:\Users\Zaheer Alam\Desktop\all files\AWS_DBT_Snowflake\aws_dbt_snowflake_project\target\manifest.json
[0m12:23:28.451452 [debug] [MainThread]: Wrote artifact SemanticManifest to C:\Users\Zaheer Alam\Desktop\all files\AWS_DBT_Snowflake\aws_dbt_snowflake_project\target\semantic_manifest.json
[0m12:23:28.531431 [debug] [MainThread]: Wrote artifact OsiDocument to C:\Users\Zaheer Alam\Desktop\all files\AWS_DBT_Snowflake\aws_dbt_snowflake_project\target\osi_document.json
[0m12:23:28.587976 [debug] [MainThread]: Sending event: {'category': 'dbt', 'action': 'resource_counts', 'label': '7219cf14-d504-4b59-a2ea-441e7432e901', 'context': [<snowplow_tracker.self_describing_json.SelfDescribingJson object at 0x0000015360451D30>]}
[0m12:23:28.592963 [info ] [MainThread]: Found 1 analysis, 3 models, 3 sources, 546 macros
[0m12:23:28.592963 [debug] [MainThread]: Sending event: {'category': 'dbt', 'action': 'runnable_timing', 'label': '7219cf14-d504-4b59-a2ea-441e7432e901', 'context': [<snowplow_tracker.self_describing_json.SelfDescribingJson object at 0x0000015360356EA0>]}
[0m12:23:28.597959 [info ] [MainThread]: 
[0m12:23:28.597959 [info ] [MainThread]: Concurrency: 1 threads (target='dev')
[0m12:23:28.602973 [info ] [MainThread]: 
[0m12:23:28.602973 [debug] [MainThread]: Acquiring new snowflake connection 'master'
[0m12:23:28.612961 [debug] [ThreadPool]: Acquiring new snowflake connection 'list_AIRBNB_bronze'
[0m12:23:28.667972 [debug] [ThreadPool]: Using snowflake connection "list_AIRBNB_bronze"
[0m12:23:28.667972 [debug] [ThreadPool]: On list_AIRBNB_bronze: show objects in AIRBNB.bronze
    limit 10000
    

/* {"app": "dbt", "dbt_version": "1.12.4", "profile_name": "aws_dbt_snowflake_project", "target_name": "dev", "connection_name": "list_AIRBNB_bronze"} */;
[0m12:23:28.672993 [debug] [ThreadPool]: Opening a new connection, currently in state init
[0m12:23:30.381894 [debug] [ThreadPool]: SQL status: SUCCESS 3 in 1.710 seconds
[0m12:23:30.396920 [debug] [ThreadPool]: Using snowflake connection "list_AIRBNB_bronze"
[0m12:23:30.396920 [debug] [ThreadPool]: On list_AIRBNB_bronze: show user functions in AIRBNB.bronze
/* {"app": "dbt", "dbt_version": "1.12.4", "profile_name": "aws_dbt_snowflake_project", "target_name": "dev", "connection_name": "list_AIRBNB_bronze"} */
[0m12:23:30.638974 [debug] [ThreadPool]: SQL status: SUCCESS 0 in 0.238 seconds
[0m12:23:30.643982 [debug] [MainThread]: Sending event: {'category': 'dbt', 'action': 'runnable_timing', 'label': '7219cf14-d504-4b59-a2ea-441e7432e901', 'context': [<snowplow_tracker.self_describing_json.SelfDescribingJson object at 0x000001535A3737A0>]}
[0m12:23:30.662803 [debug] [Thread-2 (]: Began running node model.aws_dbt_snowflake_project.bronze_bookings
[0m12:23:30.662803 [debug] [Thread-2 (]: Acquiring new snowflake connection 'model.aws_dbt_snowflake_project.bronze_bookings'
[0m12:23:30.662803 [debug] [Thread-2 (]: Began compiling node model.aws_dbt_snowflake_project.bronze_bookings
[0m12:23:30.677815 [debug] [Thread-2 (]: Writing injected SQL for node "model.aws_dbt_snowflake_project.bronze_bookings"
[0m12:23:30.677815 [debug] [Thread-2 (]: Began executing node model.aws_dbt_snowflake_project.bronze_bookings
[0m12:23:30.682818 [debug] [Thread-2 (]: Finished running node model.aws_dbt_snowflake_project.bronze_bookings
[0m12:23:30.682818 [debug] [Thread-2 (]: Began running node model.aws_dbt_snowflake_project.bronze_hosts
[0m12:23:30.682818 [debug] [Thread-2 (]: Re-using an available connection from the pool (formerly model.aws_dbt_snowflake_project.bronze_bookings, now model.aws_dbt_snowflake_project.bronze_hosts)
[0m12:23:30.682818 [debug] [Thread-2 (]: Began compiling node model.aws_dbt_snowflake_project.bronze_hosts
[0m12:23:30.692854 [debug] [Thread-2 (]: Writing injected SQL for node "model.aws_dbt_snowflake_project.bronze_hosts"
[0m12:23:30.692854 [debug] [Thread-2 (]: Began executing node model.aws_dbt_snowflake_project.bronze_hosts
[0m12:23:30.697825 [debug] [Thread-2 (]: Finished running node model.aws_dbt_snowflake_project.bronze_hosts
[0m12:23:30.697825 [debug] [Thread-2 (]: Began running node model.aws_dbt_snowflake_project.bronze_listings
[0m12:23:30.697825 [debug] [Thread-2 (]: Re-using an available connection from the pool (formerly model.aws_dbt_snowflake_project.bronze_hosts, now model.aws_dbt_snowflake_project.bronze_listings)
[0m12:23:30.697825 [debug] [Thread-2 (]: Began compiling node model.aws_dbt_snowflake_project.bronze_listings
[0m12:23:30.702842 [debug] [Thread-2 (]: Writing injected SQL for node "model.aws_dbt_snowflake_project.bronze_listings"
[0m12:23:30.707849 [debug] [Thread-2 (]: Began executing node model.aws_dbt_snowflake_project.bronze_listings
[0m12:23:30.707849 [debug] [Thread-2 (]: Finished running node model.aws_dbt_snowflake_project.bronze_listings
[0m12:23:30.707849 [debug] [Thread-2 (]: Began running node analysis.aws_dbt_snowflake_project.playing
[0m12:23:30.712824 [debug] [Thread-2 (]: Re-using an available connection from the pool (formerly model.aws_dbt_snowflake_project.bronze_listings, now analysis.aws_dbt_snowflake_project.playing)
[0m12:23:30.712824 [debug] [Thread-2 (]: Began compiling node analysis.aws_dbt_snowflake_project.playing
[0m12:23:30.717846 [debug] [Thread-2 (]: Writing injected SQL for node "analysis.aws_dbt_snowflake_project.playing"
[0m12:23:30.722811 [debug] [Thread-2 (]: Began executing node analysis.aws_dbt_snowflake_project.playing
[0m12:23:30.722811 [debug] [Thread-2 (]: Finished running node analysis.aws_dbt_snowflake_project.playing
[0m12:23:30.727809 [debug] [MainThread]: Connection 'master' was properly closed.
[0m12:23:30.727809 [debug] [MainThread]: Connection 'list_AIRBNB_bronze' was left open.
[0m12:23:30.727809 [debug] [MainThread]: On list_AIRBNB_bronze: Close
[0m12:23:31.077178 [debug] [MainThread]: Connection 'analysis.aws_dbt_snowflake_project.playing' was properly closed.
[0m12:23:31.082174 [debug] [MainThread]: Command end result
[0m12:23:31.185187 [debug] [MainThread]: Wrote artifact WritableManifest to C:\Users\Zaheer Alam\Desktop\all files\AWS_DBT_Snowflake\aws_dbt_snowflake_project\target\manifest.json
[0m12:23:31.195179 [debug] [MainThread]: Wrote artifact SemanticManifest to C:\Users\Zaheer Alam\Desktop\all files\AWS_DBT_Snowflake\aws_dbt_snowflake_project\target\semantic_manifest.json
[0m12:23:31.205178 [debug] [MainThread]: Wrote artifact OsiDocument to C:\Users\Zaheer Alam\Desktop\all files\AWS_DBT_Snowflake\aws_dbt_snowflake_project\target\osi_document.json
[0m12:23:31.227318 [debug] [MainThread]: Wrote artifact RunExecutionResult to C:\Users\Zaheer Alam\Desktop\all files\AWS_DBT_Snowflake\aws_dbt_snowflake_project\target\run_results.json
[0m12:23:31.232352 [debug] [MainThread]: Command `dbt compile` succeeded at 12:23:31.227318 after 5.92 seconds
[0m12:23:31.232352 [debug] [MainThread]: Sending event: {'category': 'dbt', 'action': 'invocation', 'label': 'end', 'context': [<snowplow_tracker.self_describing_json.SelfDescribingJson object at 0x000001535A90F230>, <snowplow_tracker.self_describing_json.SelfDescribingJson object at 0x000001536000D4F0>, <snowplow_tracker.self_describing_json.SelfDescribingJson object at 0x000001535A9AB200>]}
[0m12:23:31.232352 [debug] [MainThread]: Flushing usage events
[0m12:23:33.484071 [debug] [MainThread]: An error was encountered while trying to flush usage events
[0m12:54:57.941846 [debug] [MainThread]: Sending event: {'category': 'dbt', 'action': 'invocation', 'label': 'start', 'context': [<snowplow_tracker.self_describing_json.SelfDescribingJson object at 0x000001B15D6D3260>, <snowplow_tracker.self_describing_json.SelfDescribingJson object at 0x000001B160BE3020>, <snowplow_tracker.self_describing_json.SelfDescribingJson object at 0x000001B15EF73200>]}


============================== 12:54:57.947367 | 03223fa6-d8cb-4662-9629-09014092708c ==============================
[0m12:54:57.947367 [info ] [MainThread]: Running with dbt=1.12.4
[0m12:54:57.948390 [debug] [MainThread]: running dbt with arguments {'version_check': 'True', 'no_print': 'None', 'maximum_seed_size_mib': '1', 'warn_error_options': 'WarnErrorOptionsV2(error=[], warn=[], silence=[])', 'target_path': 'None', 'static_parser': 'True', 'printer_width': '80', 'write_json': 'True', 'introspect': 'True', 'log_cache_events': 'False', 'empty': 'False', 'cache_selected_only': 'False', 'fail_fast': 'False', 'debug': 'False', 'log_format': 'default', 'partial_parse': 'True', 'send_anonymous_usage_stats': 'True', 'quiet': 'False', 'warn_error': 'None', 'profiles_dir': 'C:\\Users\\Zaheer Alam\\.dbt', 'use_colors': 'True', 'hints_enabled': 'True', 'indirect_selection': 'eager', 'use_experimental_parser': 'False', 'invocation_command': 'dbt compile', 'log_path': 'C:\\Users\\Zaheer Alam\\Desktop\\all files\\AWS_DBT_Snowflake\\aws_dbt_snowflake_project\\logs'}
[0m12:54:58.383363 [debug] [MainThread]: Snowflake adapter: Setting snowflake.connector to ERROR (file logging only)
[0m12:54:58.384363 [debug] [MainThread]: Snowflake adapter: Setting botocore to ERROR (file logging only)
[0m12:54:58.384363 [debug] [MainThread]: Snowflake adapter: Setting boto3 to ERROR (file logging only)
[0m12:54:58.680369 [debug] [MainThread]: Sending event: {'category': 'dbt', 'action': 'project_id', 'label': '03223fa6-d8cb-4662-9629-09014092708c', 'context': [<snowplow_tracker.self_describing_json.SelfDescribingJson object at 0x000001B16449B9E0>]}
[0m12:54:58.743551 [debug] [MainThread]: Sending event: {'category': 'dbt', 'action': 'adapter_info', 'label': '03223fa6-d8cb-4662-9629-09014092708c', 'context': [<snowplow_tracker.self_describing_json.SelfDescribingJson object at 0x000001B1646B1040>]}
[0m12:54:58.744552 [info ] [MainThread]: Registered adapter: snowflake=1.12.0
[0m12:54:59.149530 [debug] [MainThread]: checksum: 5898aabf08c9bfee8ee956a138979f76ca666292702eae8cc33b5009f8451796, vars: {}, profile: aws_dbt_snowflake_project, target: dev, version: 1.12.4
[0m12:54:59.309441 [debug] [MainThread]: Partial parsing enabled: 0 files deleted, 0 files added, 0 files changed.
[0m12:54:59.310434 [debug] [MainThread]: Nothing changed, skipping partial parsing.
[0m12:54:59.310434 [debug] [MainThread]: Partial parsing enabled, no changes found, skipping parsing
[0m12:54:59.319460 [debug] [MainThread]: Sending event: {'category': 'dbt', 'action': 'load_project', 'label': '03223fa6-d8cb-4662-9629-09014092708c', 'context': [<snowplow_tracker.self_describing_json.SelfDescribingJson object at 0x000001B162E89C70>]}
[0m12:54:59.457446 [debug] [MainThread]: Wrote artifact WritableManifest to C:\Users\Zaheer Alam\Desktop\all files\AWS_DBT_Snowflake\aws_dbt_snowflake_project\target\manifest.json
[0m12:54:59.485438 [debug] [MainThread]: Wrote artifact SemanticManifest to C:\Users\Zaheer Alam\Desktop\all files\AWS_DBT_Snowflake\aws_dbt_snowflake_project\target\semantic_manifest.json
[0m12:54:59.563560 [debug] [MainThread]: Wrote artifact OsiDocument to C:\Users\Zaheer Alam\Desktop\all files\AWS_DBT_Snowflake\aws_dbt_snowflake_project\target\osi_document.json
[0m12:54:59.579148 [debug] [MainThread]: Sending event: {'category': 'dbt', 'action': 'resource_counts', 'label': '03223fa6-d8cb-4662-9629-09014092708c', 'context': [<snowplow_tracker.self_describing_json.SelfDescribingJson object at 0x000001B1649D5730>]}
[0m12:54:59.580152 [info ] [MainThread]: Found 1 analysis, 3 models, 3 sources, 546 macros
[0m12:54:59.581157 [debug] [MainThread]: Sending event: {'category': 'dbt', 'action': 'runnable_timing', 'label': '03223fa6-d8cb-4662-9629-09014092708c', 'context': [<snowplow_tracker.self_describing_json.SelfDescribingJson object at 0x000001B1645AD8B0>]}
[0m12:54:59.583152 [info ] [MainThread]: 
[0m12:54:59.584478 [info ] [MainThread]: Concurrency: 1 threads (target='dev')
[0m12:54:59.584895 [info ] [MainThread]: 
[0m12:54:59.584895 [debug] [MainThread]: Acquiring new snowflake connection 'master'
[0m12:54:59.589935 [debug] [ThreadPool]: Acquiring new snowflake connection 'list_AIRBNB_bronze'
[0m12:54:59.616937 [debug] [ThreadPool]: Using snowflake connection "list_AIRBNB_bronze"
[0m12:54:59.616937 [debug] [ThreadPool]: On list_AIRBNB_bronze: show objects in AIRBNB.bronze
    limit 10000
    

/* {"app": "dbt", "dbt_version": "1.12.4", "profile_name": "aws_dbt_snowflake_project", "target_name": "dev", "connection_name": "list_AIRBNB_bronze"} */;
[0m12:54:59.616937 [debug] [ThreadPool]: Opening a new connection, currently in state init
[0m12:55:00.990390 [debug] [ThreadPool]: SQL status: SUCCESS 3 in 1.373 seconds
[0m12:55:00.999036 [debug] [ThreadPool]: Using snowflake connection "list_AIRBNB_bronze"
[0m12:55:01.000037 [debug] [ThreadPool]: On list_AIRBNB_bronze: show user functions in AIRBNB.bronze
/* {"app": "dbt", "dbt_version": "1.12.4", "profile_name": "aws_dbt_snowflake_project", "target_name": "dev", "connection_name": "list_AIRBNB_bronze"} */
[0m12:55:01.187462 [debug] [ThreadPool]: SQL status: SUCCESS 0 in 0.187 seconds
[0m12:55:01.190459 [debug] [MainThread]: Sending event: {'category': 'dbt', 'action': 'runnable_timing', 'label': '03223fa6-d8cb-4662-9629-09014092708c', 'context': [<snowplow_tracker.self_describing_json.SelfDescribingJson object at 0x000001B1648F42C0>]}
[0m12:55:01.203208 [debug] [Thread-2 (]: Began running node model.aws_dbt_snowflake_project.bronze_bookings
[0m12:55:01.204205 [debug] [Thread-2 (]: Acquiring new snowflake connection 'model.aws_dbt_snowflake_project.bronze_bookings'
[0m12:55:01.204205 [debug] [Thread-2 (]: Began compiling node model.aws_dbt_snowflake_project.bronze_bookings
[0m12:55:01.218220 [debug] [Thread-2 (]: Writing injected SQL for node "model.aws_dbt_snowflake_project.bronze_bookings"
[0m12:55:01.222541 [debug] [Thread-2 (]: Began executing node model.aws_dbt_snowflake_project.bronze_bookings
[0m12:55:01.223546 [debug] [Thread-2 (]: Finished running node model.aws_dbt_snowflake_project.bronze_bookings
[0m12:55:01.223546 [debug] [Thread-2 (]: Began running node model.aws_dbt_snowflake_project.bronze_hosts
[0m12:55:01.224542 [debug] [Thread-2 (]: Re-using an available connection from the pool (formerly model.aws_dbt_snowflake_project.bronze_bookings, now model.aws_dbt_snowflake_project.bronze_hosts)
[0m12:55:01.224542 [debug] [Thread-2 (]: Began compiling node model.aws_dbt_snowflake_project.bronze_hosts
[0m12:55:01.227538 [debug] [Thread-2 (]: Writing injected SQL for node "model.aws_dbt_snowflake_project.bronze_hosts"
[0m12:55:01.229352 [debug] [Thread-2 (]: Began executing node model.aws_dbt_snowflake_project.bronze_hosts
[0m12:55:01.230369 [debug] [Thread-2 (]: Finished running node model.aws_dbt_snowflake_project.bronze_hosts
[0m12:55:01.230369 [debug] [Thread-2 (]: Began running node model.aws_dbt_snowflake_project.bronze_listings
[0m12:55:01.231366 [debug] [Thread-2 (]: Re-using an available connection from the pool (formerly model.aws_dbt_snowflake_project.bronze_hosts, now model.aws_dbt_snowflake_project.bronze_listings)
[0m12:55:01.231366 [debug] [Thread-2 (]: Began compiling node model.aws_dbt_snowflake_project.bronze_listings
[0m12:55:01.234363 [debug] [Thread-2 (]: Writing injected SQL for node "model.aws_dbt_snowflake_project.bronze_listings"
[0m12:55:01.235364 [debug] [Thread-2 (]: Began executing node model.aws_dbt_snowflake_project.bronze_listings
[0m12:55:01.236365 [debug] [Thread-2 (]: Finished running node model.aws_dbt_snowflake_project.bronze_listings
[0m12:55:01.236365 [debug] [Thread-2 (]: Began running node analysis.aws_dbt_snowflake_project.playing
[0m12:55:01.237368 [debug] [Thread-2 (]: Re-using an available connection from the pool (formerly model.aws_dbt_snowflake_project.bronze_listings, now analysis.aws_dbt_snowflake_project.playing)
[0m12:55:01.237368 [debug] [Thread-2 (]: Began compiling node analysis.aws_dbt_snowflake_project.playing
[0m12:55:01.240362 [debug] [Thread-2 (]: Writing injected SQL for node "analysis.aws_dbt_snowflake_project.playing"
[0m12:55:01.243891 [debug] [Thread-2 (]: Began executing node analysis.aws_dbt_snowflake_project.playing
[0m12:55:01.243891 [debug] [Thread-2 (]: Finished running node analysis.aws_dbt_snowflake_project.playing
[0m12:55:01.245202 [debug] [MainThread]: Connection 'master' was properly closed.
[0m12:55:01.246226 [debug] [MainThread]: Connection 'list_AIRBNB_bronze' was left open.
[0m12:55:01.246226 [debug] [MainThread]: On list_AIRBNB_bronze: Close
[0m12:55:01.583655 [debug] [MainThread]: Connection 'analysis.aws_dbt_snowflake_project.playing' was properly closed.
[0m12:55:01.584656 [debug] [MainThread]: Command end result
[0m12:55:01.627642 [debug] [MainThread]: Wrote artifact WritableManifest to C:\Users\Zaheer Alam\Desktop\all files\AWS_DBT_Snowflake\aws_dbt_snowflake_project\target\manifest.json
[0m12:55:01.630636 [debug] [MainThread]: Wrote artifact SemanticManifest to C:\Users\Zaheer Alam\Desktop\all files\AWS_DBT_Snowflake\aws_dbt_snowflake_project\target\semantic_manifest.json
[0m12:55:01.635652 [debug] [MainThread]: Wrote artifact OsiDocument to C:\Users\Zaheer Alam\Desktop\all files\AWS_DBT_Snowflake\aws_dbt_snowflake_project\target\osi_document.json
[0m12:55:01.655046 [debug] [MainThread]: Wrote artifact RunExecutionResult to C:\Users\Zaheer Alam\Desktop\all files\AWS_DBT_Snowflake\aws_dbt_snowflake_project\target\run_results.json
[0m12:55:01.657044 [debug] [MainThread]: Command `dbt compile` succeeded at 12:55:01.657044 after 3.92 seconds
[0m12:55:01.657044 [debug] [MainThread]: Sending event: {'category': 'dbt', 'action': 'invocation', 'label': 'end', 'context': [<snowplow_tracker.self_describing_json.SelfDescribingJson object at 0x000001B161C57590>, <snowplow_tracker.self_describing_json.SelfDescribingJson object at 0x000001B160EA9970>, <snowplow_tracker.self_describing_json.SelfDescribingJson object at 0x000001B160EA8200>]}
[0m12:55:01.658040 [debug] [MainThread]: Flushing usage events
[0m12:55:04.518059 [debug] [MainThread]: An error was encountered while trying to flush usage events
[0m12:55:13.066999 [debug] [MainThread]: Sending event: {'category': 'dbt', 'action': 'invocation', 'label': 'start', 'context': [<snowplow_tracker.self_describing_json.SelfDescribingJson object at 0x000002691D5C3260>, <snowplow_tracker.self_describing_json.SelfDescribingJson object at 0x0000026920BDFE00>, <snowplow_tracker.self_describing_json.SelfDescribingJson object at 0x00000269203AEAE0>]}


============================== 12:55:13.071041 | bab4511b-9569-43ba-9a33-a22616867009 ==============================
[0m12:55:13.071041 [info ] [MainThread]: Running with dbt=1.12.4
[0m12:55:13.072021 [debug] [MainThread]: running dbt with arguments {'version_check': 'True', 'no_print': 'None', 'maximum_seed_size_mib': '1', 'target_path': 'None', 'static_parser': 'True', 'warn_error_options': 'WarnErrorOptionsV2(error=[], warn=[], silence=[])', 'printer_width': '80', 'write_json': 'True', 'introspect': 'True', 'log_cache_events': 'False', 'empty': 'False', 'cache_selected_only': 'False', 'fail_fast': 'False', 'debug': 'False', 'log_format': 'default', 'partial_parse': 'True', 'send_anonymous_usage_stats': 'True', 'quiet': 'False', 'warn_error': 'None', 'profiles_dir': 'C:\\Users\\Zaheer Alam\\.dbt', 'invocation_command': 'dbt run', 'hints_enabled': 'True', 'use_colors': 'True', 'use_experimental_parser': 'False', 'indirect_selection': 'eager', 'log_path': 'C:\\Users\\Zaheer Alam\\Desktop\\all files\\AWS_DBT_Snowflake\\aws_dbt_snowflake_project\\logs'}
[0m12:55:13.490150 [debug] [MainThread]: Snowflake adapter: Setting snowflake.connector to ERROR (file logging only)
[0m12:55:13.491151 [debug] [MainThread]: Snowflake adapter: Setting botocore to ERROR (file logging only)
[0m12:55:13.491151 [debug] [MainThread]: Snowflake adapter: Setting boto3 to ERROR (file logging only)
[0m12:55:13.750788 [debug] [MainThread]: Sending event: {'category': 'dbt', 'action': 'project_id', 'label': 'bab4511b-9569-43ba-9a33-a22616867009', 'context': [<snowplow_tracker.self_describing_json.SelfDescribingJson object at 0x00000269243C5B50>]}
[0m12:55:13.812781 [debug] [MainThread]: Sending event: {'category': 'dbt', 'action': 'adapter_info', 'label': 'bab4511b-9569-43ba-9a33-a22616867009', 'context': [<snowplow_tracker.self_describing_json.SelfDescribingJson object at 0x0000026923C1FEF0>]}
[0m12:55:13.813804 [info ] [MainThread]: Registered adapter: snowflake=1.12.0
[0m12:55:14.117908 [debug] [MainThread]: checksum: 5898aabf08c9bfee8ee956a138979f76ca666292702eae8cc33b5009f8451796, vars: {}, profile: aws_dbt_snowflake_project, target: dev, version: 1.12.4
[0m12:55:14.275959 [debug] [MainThread]: Partial parsing enabled: 0 files deleted, 0 files added, 0 files changed.
[0m12:55:14.275959 [debug] [MainThread]: Nothing changed, skipping partial parsing.
[0m12:55:14.275959 [debug] [MainThread]: Partial parsing enabled, no changes found, skipping parsing
[0m12:55:14.285954 [debug] [MainThread]: Sending event: {'category': 'dbt', 'action': 'load_project', 'label': 'bab4511b-9569-43ba-9a33-a22616867009', 'context': [<snowplow_tracker.self_describing_json.SelfDescribingJson object at 0x0000026924511EE0>]}
[0m12:55:14.422954 [debug] [MainThread]: Wrote artifact WritableManifest to C:\Users\Zaheer Alam\Desktop\all files\AWS_DBT_Snowflake\aws_dbt_snowflake_project\target\manifest.json
[0m12:55:14.426952 [debug] [MainThread]: Wrote artifact SemanticManifest to C:\Users\Zaheer Alam\Desktop\all files\AWS_DBT_Snowflake\aws_dbt_snowflake_project\target\semantic_manifest.json
[0m12:55:14.456960 [debug] [MainThread]: Wrote artifact OsiDocument to C:\Users\Zaheer Alam\Desktop\all files\AWS_DBT_Snowflake\aws_dbt_snowflake_project\target\osi_document.json
[0m12:55:14.482944 [debug] [MainThread]: Sending event: {'category': 'dbt', 'action': 'resource_counts', 'label': 'bab4511b-9569-43ba-9a33-a22616867009', 'context': [<snowplow_tracker.self_describing_json.SelfDescribingJson object at 0x00000269248DF2F0>]}
[0m12:55:14.482944 [info ] [MainThread]: Found 1 analysis, 3 models, 3 sources, 546 macros
[0m12:55:14.483945 [debug] [MainThread]: Sending event: {'category': 'dbt', 'action': 'runnable_timing', 'label': 'bab4511b-9569-43ba-9a33-a22616867009', 'context': [<snowplow_tracker.self_describing_json.SelfDescribingJson object at 0x00000269245C72C0>]}
[0m12:55:14.485947 [info ] [MainThread]: 
[0m12:55:14.485947 [info ] [MainThread]: Concurrency: 1 threads (target='dev')
[0m12:55:14.486947 [info ] [MainThread]: 
[0m12:55:14.487967 [debug] [MainThread]: Acquiring new snowflake connection 'master'
[0m12:55:14.493007 [debug] [ThreadPool]: Acquiring new snowflake connection 'list_AIRBNB'
[0m12:55:14.507963 [debug] [ThreadPool]: Using snowflake connection "list_AIRBNB"
[0m12:55:14.508959 [debug] [ThreadPool]: On list_AIRBNB: show terse schemas in database AIRBNB
    limit 10000
/* {"app": "dbt", "dbt_version": "1.12.4", "profile_name": "aws_dbt_snowflake_project", "target_name": "dev", "connection_name": "list_AIRBNB"} */
[0m12:55:14.508959 [debug] [ThreadPool]: Opening a new connection, currently in state init
[0m12:55:15.717881 [debug] [ThreadPool]: SQL status: SUCCESS 6 in 1.209 seconds
[0m12:55:15.721879 [debug] [ThreadPool]: Acquiring new snowflake connection 'list_AIRBNB_bronze'
[0m12:55:15.733876 [debug] [ThreadPool]: Using snowflake connection "list_AIRBNB_bronze"
[0m12:55:15.733876 [debug] [ThreadPool]: On list_AIRBNB_bronze: show objects in AIRBNB.bronze
    limit 10000
    

/* {"app": "dbt", "dbt_version": "1.12.4", "profile_name": "aws_dbt_snowflake_project", "target_name": "dev", "connection_name": "list_AIRBNB_bronze"} */;
[0m12:55:15.734879 [debug] [ThreadPool]: Opening a new connection, currently in state init
[0m12:55:16.891528 [debug] [ThreadPool]: SQL status: SUCCESS 3 in 1.156 seconds
[0m12:55:16.899542 [debug] [ThreadPool]: Using snowflake connection "list_AIRBNB_bronze"
[0m12:55:16.899542 [debug] [ThreadPool]: On list_AIRBNB_bronze: show user functions in AIRBNB.bronze
/* {"app": "dbt", "dbt_version": "1.12.4", "profile_name": "aws_dbt_snowflake_project", "target_name": "dev", "connection_name": "list_AIRBNB_bronze"} */
[0m12:55:17.076260 [debug] [ThreadPool]: SQL status: SUCCESS 0 in 0.176 seconds
[0m12:55:17.081275 [debug] [MainThread]: Sending event: {'category': 'dbt', 'action': 'runnable_timing', 'label': 'bab4511b-9569-43ba-9a33-a22616867009', 'context': [<snowplow_tracker.self_describing_json.SelfDescribingJson object at 0x0000026924A53D70>]}
[0m12:55:17.090264 [debug] [Thread-2 (]: Began running node model.aws_dbt_snowflake_project.bronze_bookings
[0m12:55:17.091266 [info ] [Thread-2 (]: 1 of 3 START sql incremental model bronze.bronze_bookings ...................... [RUN]
[0m12:55:17.093263 [debug] [Thread-2 (]: Acquiring new snowflake connection 'model.aws_dbt_snowflake_project.bronze_bookings'
[0m12:55:17.093263 [debug] [Thread-2 (]: Began compiling node model.aws_dbt_snowflake_project.bronze_bookings
[0m12:55:17.112529 [debug] [Thread-2 (]: Writing injected SQL for node "model.aws_dbt_snowflake_project.bronze_bookings"
[0m12:55:17.114530 [debug] [Thread-2 (]: Began executing node model.aws_dbt_snowflake_project.bronze_bookings
[0m12:55:17.201523 [debug] [Thread-2 (]: Using snowflake connection "model.aws_dbt_snowflake_project.bronze_bookings"
[0m12:55:17.201523 [debug] [Thread-2 (]: On model.aws_dbt_snowflake_project.bronze_bookings: create or replace  temporary view AIRBNB.bronze.bronze_bookings__dbt_tmp
  
  
  
  
  as (
    



SELECT *
FROM AIRBNB.staging.bookings



WHERE CREATED_AT > (
    SELECT COALESCE(
        MAX(CREATED_AT),
        '1900-01-01'::date
    )
    FROM AIRBNB.bronze.bronze_bookings
)


  )
/* {"app": "dbt", "dbt_version": "1.12.4", "profile_name": "aws_dbt_snowflake_project", "target_name": "dev", "node_id": "model.aws_dbt_snowflake_project.bronze_bookings"} */;
[0m12:55:17.202523 [debug] [Thread-2 (]: Opening a new connection, currently in state init
[0m12:55:18.125718 [debug] [Thread-2 (]: SQL status: SUCCESS 1 in 0.923 seconds
[0m12:55:18.132700 [debug] [Thread-2 (]: Using snowflake connection "model.aws_dbt_snowflake_project.bronze_bookings"
[0m12:55:18.132700 [debug] [Thread-2 (]: On model.aws_dbt_snowflake_project.bronze_bookings: describe table AIRBNB.bronze.bronze_bookings__dbt_tmp
/* {"app": "dbt", "dbt_version": "1.12.4", "profile_name": "aws_dbt_snowflake_project", "target_name": "dev", "node_id": "model.aws_dbt_snowflake_project.bronze_bookings"} */
[0m12:55:18.326457 [debug] [Thread-2 (]: SQL status: SUCCESS 9 in 0.193 seconds
[0m12:55:18.330453 [debug] [Thread-2 (]: Using snowflake connection "model.aws_dbt_snowflake_project.bronze_bookings"
[0m12:55:18.331453 [debug] [Thread-2 (]: On model.aws_dbt_snowflake_project.bronze_bookings: describe table AIRBNB.bronze.bronze_bookings
/* {"app": "dbt", "dbt_version": "1.12.4", "profile_name": "aws_dbt_snowflake_project", "target_name": "dev", "node_id": "model.aws_dbt_snowflake_project.bronze_bookings"} */
[0m12:55:18.517950 [debug] [Thread-2 (]: SQL status: SUCCESS 9 in 0.186 seconds
[0m12:55:18.530949 [debug] [Thread-2 (]: Using snowflake connection "model.aws_dbt_snowflake_project.bronze_bookings"
[0m12:55:18.531986 [debug] [Thread-2 (]: On model.aws_dbt_snowflake_project.bronze_bookings: describe table "AIRBNB"."BRONZE"."BRONZE_BOOKINGS"
/* {"app": "dbt", "dbt_version": "1.12.4", "profile_name": "aws_dbt_snowflake_project", "target_name": "dev", "node_id": "model.aws_dbt_snowflake_project.bronze_bookings"} */
[0m12:55:18.729933 [debug] [Thread-2 (]: SQL status: SUCCESS 9 in 0.197 seconds
[0m12:55:18.753868 [debug] [Thread-2 (]: Writing runtime sql for node "model.aws_dbt_snowflake_project.bronze_bookings"
[0m12:55:18.768437 [debug] [Thread-2 (]: Using snowflake connection "model.aws_dbt_snowflake_project.bronze_bookings"
[0m12:55:18.769437 [debug] [Thread-2 (]: On model.aws_dbt_snowflake_project.bronze_bookings: -- back compat for old kwarg name
  
  begin
/* {"app": "dbt", "dbt_version": "1.12.4", "profile_name": "aws_dbt_snowflake_project", "target_name": "dev", "node_id": "model.aws_dbt_snowflake_project.bronze_bookings"} */;
[0m12:55:19.007591 [debug] [Thread-2 (]: SQL status: SUCCESS 1 in 0.237 seconds
[0m12:55:19.008603 [debug] [Thread-2 (]: Using snowflake connection "model.aws_dbt_snowflake_project.bronze_bookings"
[0m12:55:19.008603 [debug] [Thread-2 (]: On model.aws_dbt_snowflake_project.bronze_bookings: insert into AIRBNB.bronze.bronze_bookings ("BOOKING_ID", "LISTING_ID", "BOOKING_DATE", "NIGHTS_BOOKED", "BOOKING_AMOUNT", "CLEANING_FEE", "SERVICE_FEE", "BOOKING_STATUS", "CREATED_AT")
        (
            select "BOOKING_ID", "LISTING_ID", "BOOKING_DATE", "NIGHTS_BOOKED", "BOOKING_AMOUNT", "CLEANING_FEE", "SERVICE_FEE", "BOOKING_STATUS", "CREATED_AT"
            from AIRBNB.bronze.bronze_bookings__dbt_tmp
        )
/* {"app": "dbt", "dbt_version": "1.12.4", "profile_name": "aws_dbt_snowflake_project", "target_name": "dev", "node_id": "model.aws_dbt_snowflake_project.bronze_bookings"} */;
[0m12:55:19.651139 [debug] [Thread-2 (]: SQL status: SUCCESS 5000 in 0.642 seconds
[0m12:55:19.652137 [debug] [Thread-2 (]: Using snowflake connection "model.aws_dbt_snowflake_project.bronze_bookings"
[0m12:55:19.652137 [debug] [Thread-2 (]: On model.aws_dbt_snowflake_project.bronze_bookings: COMMIT
/* {"app": "dbt", "dbt_version": "1.12.4", "profile_name": "aws_dbt_snowflake_project", "target_name": "dev", "node_id": "model.aws_dbt_snowflake_project.bronze_bookings"} */
[0m12:55:19.981789 [debug] [Thread-2 (]: SQL status: SUCCESS 1 in 0.329 seconds
[0m12:55:19.991803 [debug] [Thread-2 (]: Applying DROP to: AIRBNB.bronze.bronze_bookings__dbt_tmp
[0m12:55:19.999797 [debug] [Thread-2 (]: Using snowflake connection "model.aws_dbt_snowflake_project.bronze_bookings"
[0m12:55:19.999797 [debug] [Thread-2 (]: On model.aws_dbt_snowflake_project.bronze_bookings: drop view if exists AIRBNB.bronze.bronze_bookings__dbt_tmp cascade
/* {"app": "dbt", "dbt_version": "1.12.4", "profile_name": "aws_dbt_snowflake_project", "target_name": "dev", "node_id": "model.aws_dbt_snowflake_project.bronze_bookings"} */
[0m12:55:20.224844 [debug] [Thread-2 (]: SQL status: SUCCESS 1 in 0.224 seconds
[0m12:55:20.257857 [debug] [Thread-2 (]: Sending event: {'category': 'dbt', 'action': 'run_model', 'label': 'bab4511b-9569-43ba-9a33-a22616867009', 'context': [<snowplow_tracker.self_describing_json.SelfDescribingJson object at 0x0000026922DA1400>]}
[0m12:55:20.258839 [info ] [Thread-2 (]: 1 of 3 OK created sql incremental model bronze.bronze_bookings ................. [[32mSUCCESS 5000[0m in 3.16s]
[0m12:55:20.260835 [debug] [Thread-2 (]: Finished running node model.aws_dbt_snowflake_project.bronze_bookings
[0m12:55:20.261833 [debug] [Thread-2 (]: Began running node model.aws_dbt_snowflake_project.bronze_hosts
[0m12:55:20.261833 [info ] [Thread-2 (]: 2 of 3 START sql incremental model bronze.bronze_hosts ......................... [RUN]
[0m12:55:20.263010 [debug] [Thread-2 (]: Re-using an available connection from the pool (formerly model.aws_dbt_snowflake_project.bronze_bookings, now model.aws_dbt_snowflake_project.bronze_hosts)
[0m12:55:20.264067 [debug] [Thread-2 (]: Began compiling node model.aws_dbt_snowflake_project.bronze_hosts
[0m12:55:20.267062 [debug] [Thread-2 (]: Writing injected SQL for node "model.aws_dbt_snowflake_project.bronze_hosts"
[0m12:55:20.268042 [debug] [Thread-2 (]: Began executing node model.aws_dbt_snowflake_project.bronze_hosts
[0m12:55:20.272041 [debug] [Thread-2 (]: Using snowflake connection "model.aws_dbt_snowflake_project.bronze_hosts"
[0m12:55:20.272041 [debug] [Thread-2 (]: On model.aws_dbt_snowflake_project.bronze_hosts: create or replace  temporary view AIRBNB.bronze.bronze_hosts__dbt_tmp
  
  
  
  
  as (
    



SELECT *
FROM AIRBNB.staging.hosts



WHERE CREATED_AT > (
    SELECT COALESCE(
        MAX(CREATED_AT),
        '1900-01-01'::date
    )
    FROM AIRBNB.bronze.bronze_hosts
)


  )
/* {"app": "dbt", "dbt_version": "1.12.4", "profile_name": "aws_dbt_snowflake_project", "target_name": "dev", "node_id": "model.aws_dbt_snowflake_project.bronze_hosts"} */;
[0m12:55:20.558439 [debug] [Thread-2 (]: SQL status: SUCCESS 1 in 0.286 seconds
[0m12:55:20.561439 [debug] [Thread-2 (]: Using snowflake connection "model.aws_dbt_snowflake_project.bronze_hosts"
[0m12:55:20.561439 [debug] [Thread-2 (]: On model.aws_dbt_snowflake_project.bronze_hosts: describe table AIRBNB.bronze.bronze_hosts__dbt_tmp
/* {"app": "dbt", "dbt_version": "1.12.4", "profile_name": "aws_dbt_snowflake_project", "target_name": "dev", "node_id": "model.aws_dbt_snowflake_project.bronze_hosts"} */
[0m12:55:20.765734 [debug] [Thread-2 (]: SQL status: SUCCESS 6 in 0.204 seconds
[0m12:55:20.770743 [debug] [Thread-2 (]: Using snowflake connection "model.aws_dbt_snowflake_project.bronze_hosts"
[0m12:55:20.770743 [debug] [Thread-2 (]: On model.aws_dbt_snowflake_project.bronze_hosts: describe table AIRBNB.bronze.bronze_hosts
/* {"app": "dbt", "dbt_version": "1.12.4", "profile_name": "aws_dbt_snowflake_project", "target_name": "dev", "node_id": "model.aws_dbt_snowflake_project.bronze_hosts"} */
[0m12:55:20.974473 [debug] [Thread-2 (]: SQL status: SUCCESS 6 in 0.202 seconds
[0m12:55:20.977485 [debug] [Thread-2 (]: Using snowflake connection "model.aws_dbt_snowflake_project.bronze_hosts"
[0m12:55:20.978486 [debug] [Thread-2 (]: On model.aws_dbt_snowflake_project.bronze_hosts: describe table "AIRBNB"."BRONZE"."BRONZE_HOSTS"
/* {"app": "dbt", "dbt_version": "1.12.4", "profile_name": "aws_dbt_snowflake_project", "target_name": "dev", "node_id": "model.aws_dbt_snowflake_project.bronze_hosts"} */
[0m12:55:21.157655 [debug] [Thread-2 (]: SQL status: SUCCESS 6 in 0.179 seconds
[0m12:55:21.161653 [debug] [Thread-2 (]: Writing runtime sql for node "model.aws_dbt_snowflake_project.bronze_hosts"
[0m12:55:21.174987 [debug] [Thread-2 (]: Using snowflake connection "model.aws_dbt_snowflake_project.bronze_hosts"
[0m12:55:21.175976 [debug] [Thread-2 (]: On model.aws_dbt_snowflake_project.bronze_hosts: -- back compat for old kwarg name
  
  begin
/* {"app": "dbt", "dbt_version": "1.12.4", "profile_name": "aws_dbt_snowflake_project", "target_name": "dev", "node_id": "model.aws_dbt_snowflake_project.bronze_hosts"} */;
[0m12:55:21.375755 [debug] [Thread-2 (]: SQL status: SUCCESS 1 in 0.199 seconds
[0m12:55:21.376763 [debug] [Thread-2 (]: Using snowflake connection "model.aws_dbt_snowflake_project.bronze_hosts"
[0m12:55:21.376763 [debug] [Thread-2 (]: On model.aws_dbt_snowflake_project.bronze_hosts: insert into AIRBNB.bronze.bronze_hosts ("HOST_ID", "HOST_NAME", "HOST_SINCE", "IS_SUPERHOST", "RESPONSE_RATE", "CREATED_AT")
        (
            select "HOST_ID", "HOST_NAME", "HOST_SINCE", "IS_SUPERHOST", "RESPONSE_RATE", "CREATED_AT"
            from AIRBNB.bronze.bronze_hosts__dbt_tmp
        )
/* {"app": "dbt", "dbt_version": "1.12.4", "profile_name": "aws_dbt_snowflake_project", "target_name": "dev", "node_id": "model.aws_dbt_snowflake_project.bronze_hosts"} */;
[0m12:55:21.972377 [debug] [Thread-2 (]: SQL status: SUCCESS 200 in 0.595 seconds
[0m12:55:21.972377 [debug] [Thread-2 (]: Using snowflake connection "model.aws_dbt_snowflake_project.bronze_hosts"
[0m12:55:21.973369 [debug] [Thread-2 (]: On model.aws_dbt_snowflake_project.bronze_hosts: COMMIT
/* {"app": "dbt", "dbt_version": "1.12.4", "profile_name": "aws_dbt_snowflake_project", "target_name": "dev", "node_id": "model.aws_dbt_snowflake_project.bronze_hosts"} */
[0m12:55:22.283166 [debug] [Thread-2 (]: SQL status: SUCCESS 1 in 0.309 seconds
[0m12:55:22.285160 [debug] [Thread-2 (]: Applying DROP to: AIRBNB.bronze.bronze_hosts__dbt_tmp
[0m12:55:22.286161 [debug] [Thread-2 (]: Using snowflake connection "model.aws_dbt_snowflake_project.bronze_hosts"
[0m12:55:22.286161 [debug] [Thread-2 (]: On model.aws_dbt_snowflake_project.bronze_hosts: drop view if exists AIRBNB.bronze.bronze_hosts__dbt_tmp cascade
/* {"app": "dbt", "dbt_version": "1.12.4", "profile_name": "aws_dbt_snowflake_project", "target_name": "dev", "node_id": "model.aws_dbt_snowflake_project.bronze_hosts"} */
[0m12:55:22.518599 [debug] [Thread-2 (]: SQL status: SUCCESS 1 in 0.232 seconds
[0m12:55:22.521593 [debug] [Thread-2 (]: Sending event: {'category': 'dbt', 'action': 'run_model', 'label': 'bab4511b-9569-43ba-9a33-a22616867009', 'context': [<snowplow_tracker.self_describing_json.SelfDescribingJson object at 0x0000026924A96870>]}
[0m12:55:22.522617 [info ] [Thread-2 (]: 2 of 3 OK created sql incremental model bronze.bronze_hosts .................... [[32mSUCCESS 200[0m in 2.26s]
[0m12:55:22.524599 [debug] [Thread-2 (]: Finished running node model.aws_dbt_snowflake_project.bronze_hosts
[0m12:55:22.525604 [debug] [Thread-2 (]: Began running node model.aws_dbt_snowflake_project.bronze_listings
[0m12:55:22.526598 [info ] [Thread-2 (]: 3 of 3 START sql incremental model bronze.bronze_listings ...................... [RUN]
[0m12:55:22.527597 [debug] [Thread-2 (]: Re-using an available connection from the pool (formerly model.aws_dbt_snowflake_project.bronze_hosts, now model.aws_dbt_snowflake_project.bronze_listings)
[0m12:55:22.527597 [debug] [Thread-2 (]: Began compiling node model.aws_dbt_snowflake_project.bronze_listings
[0m12:55:22.531595 [debug] [Thread-2 (]: Writing injected SQL for node "model.aws_dbt_snowflake_project.bronze_listings"
[0m12:55:22.533598 [debug] [Thread-2 (]: Began executing node model.aws_dbt_snowflake_project.bronze_listings
[0m12:55:22.536595 [debug] [Thread-2 (]: Using snowflake connection "model.aws_dbt_snowflake_project.bronze_listings"
[0m12:55:22.536595 [debug] [Thread-2 (]: On model.aws_dbt_snowflake_project.bronze_listings: create or replace  temporary view AIRBNB.bronze.bronze_listings__dbt_tmp
  
  
  
  
  as (
    



SELECT *
FROM AIRBNB.staging.listings



WHERE CREATED_AT > (
    SELECT COALESCE(
        MAX(CREATED_AT),
        '1900-01-01'::date
    )
    FROM AIRBNB.bronze.bronze_listings
)


  )
/* {"app": "dbt", "dbt_version": "1.12.4", "profile_name": "aws_dbt_snowflake_project", "target_name": "dev", "node_id": "model.aws_dbt_snowflake_project.bronze_listings"} */;
[0m12:55:22.813185 [debug] [Thread-2 (]: SQL status: SUCCESS 1 in 0.276 seconds
[0m12:55:22.816108 [debug] [Thread-2 (]: Using snowflake connection "model.aws_dbt_snowflake_project.bronze_listings"
[0m12:55:22.817108 [debug] [Thread-2 (]: On model.aws_dbt_snowflake_project.bronze_listings: describe table AIRBNB.bronze.bronze_listings__dbt_tmp
/* {"app": "dbt", "dbt_version": "1.12.4", "profile_name": "aws_dbt_snowflake_project", "target_name": "dev", "node_id": "model.aws_dbt_snowflake_project.bronze_listings"} */
[0m12:55:23.020740 [debug] [Thread-2 (]: SQL status: SUCCESS 11 in 0.204 seconds
[0m12:55:23.024750 [debug] [Thread-2 (]: Using snowflake connection "model.aws_dbt_snowflake_project.bronze_listings"
[0m12:55:23.025751 [debug] [Thread-2 (]: On model.aws_dbt_snowflake_project.bronze_listings: describe table AIRBNB.bronze.bronze_listings
/* {"app": "dbt", "dbt_version": "1.12.4", "profile_name": "aws_dbt_snowflake_project", "target_name": "dev", "node_id": "model.aws_dbt_snowflake_project.bronze_listings"} */
[0m12:55:23.238704 [debug] [Thread-2 (]: SQL status: SUCCESS 11 in 0.212 seconds
[0m12:55:23.242719 [debug] [Thread-2 (]: Using snowflake connection "model.aws_dbt_snowflake_project.bronze_listings"
[0m12:55:23.243703 [debug] [Thread-2 (]: On model.aws_dbt_snowflake_project.bronze_listings: describe table "AIRBNB"."BRONZE"."BRONZE_LISTINGS"
/* {"app": "dbt", "dbt_version": "1.12.4", "profile_name": "aws_dbt_snowflake_project", "target_name": "dev", "node_id": "model.aws_dbt_snowflake_project.bronze_listings"} */
[0m12:55:23.413790 [debug] [Thread-2 (]: SQL status: SUCCESS 11 in 0.170 seconds
[0m12:55:23.417805 [debug] [Thread-2 (]: Writing runtime sql for node "model.aws_dbt_snowflake_project.bronze_listings"
[0m12:55:23.419776 [debug] [Thread-2 (]: Using snowflake connection "model.aws_dbt_snowflake_project.bronze_listings"
[0m12:55:23.419776 [debug] [Thread-2 (]: On model.aws_dbt_snowflake_project.bronze_listings: -- back compat for old kwarg name
  
  begin
/* {"app": "dbt", "dbt_version": "1.12.4", "profile_name": "aws_dbt_snowflake_project", "target_name": "dev", "node_id": "model.aws_dbt_snowflake_project.bronze_listings"} */;
[0m12:55:23.625044 [debug] [Thread-2 (]: SQL status: SUCCESS 1 in 0.204 seconds
[0m12:55:23.625044 [debug] [Thread-2 (]: Using snowflake connection "model.aws_dbt_snowflake_project.bronze_listings"
[0m12:55:23.626054 [debug] [Thread-2 (]: On model.aws_dbt_snowflake_project.bronze_listings: insert into AIRBNB.bronze.bronze_listings ("LISTING_ID", "HOST_ID", "PROPERTY_TYPE", "ROOM_TYPE", "CITY", "COUNTRY", "ACCOMMODATES", "BEDROOMS", "BATHROOMS", "PRICE_PER_NIGHT", "CREATED_AT")
        (
            select "LISTING_ID", "HOST_ID", "PROPERTY_TYPE", "ROOM_TYPE", "CITY", "COUNTRY", "ACCOMMODATES", "BEDROOMS", "BATHROOMS", "PRICE_PER_NIGHT", "CREATED_AT"
            from AIRBNB.bronze.bronze_listings__dbt_tmp
        )
/* {"app": "dbt", "dbt_version": "1.12.4", "profile_name": "aws_dbt_snowflake_project", "target_name": "dev", "node_id": "model.aws_dbt_snowflake_project.bronze_listings"} */;
[0m12:55:24.100780 [debug] [Thread-2 (]: SQL status: SUCCESS 500 in 0.475 seconds
[0m12:55:24.101699 [debug] [Thread-2 (]: Using snowflake connection "model.aws_dbt_snowflake_project.bronze_listings"
[0m12:55:24.102707 [debug] [Thread-2 (]: On model.aws_dbt_snowflake_project.bronze_listings: COMMIT
/* {"app": "dbt", "dbt_version": "1.12.4", "profile_name": "aws_dbt_snowflake_project", "target_name": "dev", "node_id": "model.aws_dbt_snowflake_project.bronze_listings"} */
[0m12:55:24.403957 [debug] [Thread-2 (]: SQL status: SUCCESS 1 in 0.301 seconds
[0m12:55:24.406972 [debug] [Thread-2 (]: Applying DROP to: AIRBNB.bronze.bronze_listings__dbt_tmp
[0m12:55:24.407972 [debug] [Thread-2 (]: Using snowflake connection "model.aws_dbt_snowflake_project.bronze_listings"
[0m12:55:24.408972 [debug] [Thread-2 (]: On model.aws_dbt_snowflake_project.bronze_listings: drop view if exists AIRBNB.bronze.bronze_listings__dbt_tmp cascade
/* {"app": "dbt", "dbt_version": "1.12.4", "profile_name": "aws_dbt_snowflake_project", "target_name": "dev", "node_id": "model.aws_dbt_snowflake_project.bronze_listings"} */
[0m12:55:24.650114 [debug] [Thread-2 (]: SQL status: SUCCESS 1 in 0.241 seconds
[0m12:55:24.653124 [debug] [Thread-2 (]: Sending event: {'category': 'dbt', 'action': 'run_model', 'label': 'bab4511b-9569-43ba-9a33-a22616867009', 'context': [<snowplow_tracker.self_describing_json.SelfDescribingJson object at 0x0000026924A95730>]}
[0m12:55:24.654125 [info ] [Thread-2 (]: 3 of 3 OK created sql incremental model bronze.bronze_listings ................. [[32mSUCCESS 500[0m in 2.13s]
[0m12:55:24.656123 [debug] [Thread-2 (]: Finished running node model.aws_dbt_snowflake_project.bronze_listings
[0m12:55:24.658112 [debug] [MainThread]: Connection 'master' was properly closed.
[0m12:55:24.658112 [debug] [MainThread]: Connection 'list_AIRBNB' was left open.
[0m12:55:24.659113 [debug] [MainThread]: On list_AIRBNB: Close
[0m12:55:24.942590 [debug] [MainThread]: Connection 'list_AIRBNB_bronze' was left open.
[0m12:55:24.945586 [debug] [MainThread]: On list_AIRBNB_bronze: Close
[0m12:55:25.253612 [debug] [MainThread]: Connection 'model.aws_dbt_snowflake_project.bronze_listings' was left open.
[0m12:55:25.254615 [debug] [MainThread]: On model.aws_dbt_snowflake_project.bronze_listings: Close
[0m12:55:25.593376 [info ] [MainThread]: 
[0m12:55:25.594362 [info ] [MainThread]: Finished running 3 incremental models in 0 hours 0 minutes and 11.11 seconds (11.11s).
[0m12:55:25.596355 [debug] [MainThread]: Command end result
[0m12:55:25.642358 [debug] [MainThread]: Wrote artifact WritableManifest to C:\Users\Zaheer Alam\Desktop\all files\AWS_DBT_Snowflake\aws_dbt_snowflake_project\target\manifest.json
[0m12:55:25.647353 [debug] [MainThread]: Wrote artifact SemanticManifest to C:\Users\Zaheer Alam\Desktop\all files\AWS_DBT_Snowflake\aws_dbt_snowflake_project\target\semantic_manifest.json
[0m12:55:25.652353 [debug] [MainThread]: Wrote artifact OsiDocument to C:\Users\Zaheer Alam\Desktop\all files\AWS_DBT_Snowflake\aws_dbt_snowflake_project\target\osi_document.json
[0m12:55:25.659370 [debug] [MainThread]: Wrote artifact RunExecutionResult to C:\Users\Zaheer Alam\Desktop\all files\AWS_DBT_Snowflake\aws_dbt_snowflake_project\target\run_results.json
[0m12:55:25.660353 [info ] [MainThread]: 
[0m12:55:25.661357 [info ] [MainThread]: [32mCompleted successfully[0m
[0m12:55:25.661357 [info ] [MainThread]: 
[0m12:55:25.662353 [info ] [MainThread]: Done. PASS=3 WARN=0 ERROR=0 SKIP=0 NO-OP=0 REUSED=0 TOTAL=3
[0m12:55:25.663350 [debug] [MainThread]: Command `dbt run` succeeded at 12:55:25.663350 after 12.74 seconds
[0m12:55:25.664352 [debug] [MainThread]: Sending event: {'category': 'dbt', 'action': 'invocation', 'label': 'end', 'context': [<snowplow_tracker.self_describing_json.SelfDescribingJson object at 0x000002691D5C3260>, <snowplow_tracker.self_describing_json.SelfDescribingJson object at 0x000002691EE94740>, <snowplow_tracker.self_describing_json.SelfDescribingJson object at 0x0000026922CB01D0>]}
[0m12:55:25.664352 [debug] [MainThread]: Flushing usage events
[0m12:55:27.285772 [debug] [MainThread]: An error was encountered while trying to flush usage events
[0m12:55:32.317400 [debug] [MainThread]: Sending event: {'category': 'dbt', 'action': 'invocation', 'label': 'start', 'context': [<snowplow_tracker.self_describing_json.SelfDescribingJson object at 0x0000019A9C46EBA0>, <snowplow_tracker.self_describing_json.SelfDescribingJson object at 0x0000019A9C7387A0>, <snowplow_tracker.self_describing_json.SelfDescribingJson object at 0x0000019A9C6E54F0>]}


============================== 12:55:32.321410 | b2332b42-18a3-46fc-a5a0-fe377f354474 ==============================
[0m12:55:32.321410 [info ] [MainThread]: Running with dbt=1.12.4
[0m12:55:32.323400 [debug] [MainThread]: running dbt with arguments {'static_parser': 'True', 'no_print': 'None', 'version_check': 'True', 'target_path': 'None', 'maximum_seed_size_mib': '1', 'warn_error_options': 'WarnErrorOptionsV2(error=[], warn=[], silence=[])', 'printer_width': '80', 'write_json': 'True', 'empty': 'False', 'log_cache_events': 'False', 'introspect': 'True', 'cache_selected_only': 'False', 'fail_fast': 'False', 'debug': 'False', 'log_format': 'default', 'partial_parse': 'True', 'send_anonymous_usage_stats': 'True', 'quiet': 'False', 'warn_error': 'None', 'profiles_dir': 'C:\\Users\\Zaheer Alam\\.dbt', 'indirect_selection': 'eager', 'hints_enabled': 'True', 'use_colors': 'True', 'use_experimental_parser': 'False', 'invocation_command': 'dbt run', 'log_path': 'C:\\Users\\Zaheer Alam\\Desktop\\all files\\AWS_DBT_Snowflake\\aws_dbt_snowflake_project\\logs'}
[0m12:55:32.750858 [debug] [MainThread]: Snowflake adapter: Setting snowflake.connector to ERROR (file logging only)
[0m12:55:32.751868 [debug] [MainThread]: Snowflake adapter: Setting botocore to ERROR (file logging only)
[0m12:55:32.751868 [debug] [MainThread]: Snowflake adapter: Setting boto3 to ERROR (file logging only)
[0m12:55:33.012913 [debug] [MainThread]: Sending event: {'category': 'dbt', 'action': 'project_id', 'label': 'b2332b42-18a3-46fc-a5a0-fe377f354474', 'context': [<snowplow_tracker.self_describing_json.SelfDescribingJson object at 0x0000019A9F5FA630>]}
[0m12:55:33.075926 [debug] [MainThread]: Sending event: {'category': 'dbt', 'action': 'adapter_info', 'label': 'b2332b42-18a3-46fc-a5a0-fe377f354474', 'context': [<snowplow_tracker.self_describing_json.SelfDescribingJson object at 0x0000019A9EEEC5C0>]}
[0m12:55:33.076925 [info ] [MainThread]: Registered adapter: snowflake=1.12.0
[0m12:55:33.375604 [debug] [MainThread]: checksum: 5898aabf08c9bfee8ee956a138979f76ca666292702eae8cc33b5009f8451796, vars: {}, profile: aws_dbt_snowflake_project, target: dev, version: 1.12.4
[0m12:55:33.536584 [debug] [MainThread]: Partial parsing enabled: 0 files deleted, 0 files added, 0 files changed.
[0m12:55:33.537584 [debug] [MainThread]: Nothing changed, skipping partial parsing.
[0m12:55:33.537584 [debug] [MainThread]: Partial parsing enabled, no changes found, skipping parsing
[0m12:55:33.546604 [debug] [MainThread]: Sending event: {'category': 'dbt', 'action': 'load_project', 'label': 'b2332b42-18a3-46fc-a5a0-fe377f354474', 'context': [<snowplow_tracker.self_describing_json.SelfDescribingJson object at 0x0000019A9A2B74D0>]}
[0m12:55:33.687223 [debug] [MainThread]: Wrote artifact WritableManifest to C:\Users\Zaheer Alam\Desktop\all files\AWS_DBT_Snowflake\aws_dbt_snowflake_project\target\manifest.json
[0m12:55:33.691224 [debug] [MainThread]: Wrote artifact SemanticManifest to C:\Users\Zaheer Alam\Desktop\all files\AWS_DBT_Snowflake\aws_dbt_snowflake_project\target\semantic_manifest.json
[0m12:55:33.728213 [debug] [MainThread]: Wrote artifact OsiDocument to C:\Users\Zaheer Alam\Desktop\all files\AWS_DBT_Snowflake\aws_dbt_snowflake_project\target\osi_document.json
[0m12:55:33.740225 [debug] [MainThread]: Sending event: {'category': 'dbt', 'action': 'resource_counts', 'label': 'b2332b42-18a3-46fc-a5a0-fe377f354474', 'context': [<snowplow_tracker.self_describing_json.SelfDescribingJson object at 0x0000019AA0392C30>]}
[0m12:55:33.741211 [info ] [MainThread]: Found 1 analysis, 3 models, 3 sources, 546 macros
[0m12:55:33.742259 [debug] [MainThread]: Sending event: {'category': 'dbt', 'action': 'runnable_timing', 'label': 'b2332b42-18a3-46fc-a5a0-fe377f354474', 'context': [<snowplow_tracker.self_describing_json.SelfDescribingJson object at 0x0000019AA004F2C0>]}
[0m12:55:33.743790 [info ] [MainThread]: 
[0m12:55:33.744788 [info ] [MainThread]: Concurrency: 1 threads (target='dev')
[0m12:55:33.744788 [info ] [MainThread]: 
[0m12:55:33.745790 [debug] [MainThread]: Acquiring new snowflake connection 'master'
[0m12:55:33.750808 [debug] [ThreadPool]: Acquiring new snowflake connection 'list_AIRBNB'
[0m12:55:33.766800 [debug] [ThreadPool]: Using snowflake connection "list_AIRBNB"
[0m12:55:33.767801 [debug] [ThreadPool]: On list_AIRBNB: show terse schemas in database AIRBNB
    limit 10000
/* {"app": "dbt", "dbt_version": "1.12.4", "profile_name": "aws_dbt_snowflake_project", "target_name": "dev", "connection_name": "list_AIRBNB"} */
[0m12:55:33.767801 [debug] [ThreadPool]: Opening a new connection, currently in state init
[0m12:55:36.259831 [debug] [ThreadPool]: SQL status: SUCCESS 6 in 2.492 seconds
[0m12:55:36.264831 [debug] [ThreadPool]: Acquiring new snowflake connection 'list_AIRBNB_bronze'
[0m12:55:36.278720 [debug] [ThreadPool]: Using snowflake connection "list_AIRBNB_bronze"
[0m12:55:36.279720 [debug] [ThreadPool]: On list_AIRBNB_bronze: show objects in AIRBNB.bronze
    limit 10000
    

/* {"app": "dbt", "dbt_version": "1.12.4", "profile_name": "aws_dbt_snowflake_project", "target_name": "dev", "connection_name": "list_AIRBNB_bronze"} */;
[0m12:55:36.279720 [debug] [ThreadPool]: Opening a new connection, currently in state init
[0m12:55:37.485694 [debug] [ThreadPool]: SQL status: SUCCESS 3 in 1.206 seconds
[0m12:55:37.493708 [debug] [ThreadPool]: Using snowflake connection "list_AIRBNB_bronze"
[0m12:55:37.494708 [debug] [ThreadPool]: On list_AIRBNB_bronze: show user functions in AIRBNB.bronze
/* {"app": "dbt", "dbt_version": "1.12.4", "profile_name": "aws_dbt_snowflake_project", "target_name": "dev", "connection_name": "list_AIRBNB_bronze"} */
[0m12:55:37.670808 [debug] [ThreadPool]: SQL status: SUCCESS 0 in 0.176 seconds
[0m12:55:37.674822 [debug] [MainThread]: Sending event: {'category': 'dbt', 'action': 'runnable_timing', 'label': 'b2332b42-18a3-46fc-a5a0-fe377f354474', 'context': [<snowplow_tracker.self_describing_json.SelfDescribingJson object at 0x0000019AA05549E0>]}
[0m12:55:37.679870 [debug] [Thread-2 (]: Began running node model.aws_dbt_snowflake_project.bronze_bookings
[0m12:55:37.681909 [info ] [Thread-2 (]: 1 of 3 START sql incremental model bronze.bronze_bookings ...................... [RUN]
[0m12:55:37.683902 [debug] [Thread-2 (]: Acquiring new snowflake connection 'model.aws_dbt_snowflake_project.bronze_bookings'
[0m12:55:37.684915 [debug] [Thread-2 (]: Began compiling node model.aws_dbt_snowflake_project.bronze_bookings
[0m12:55:37.698899 [debug] [Thread-2 (]: Writing injected SQL for node "model.aws_dbt_snowflake_project.bronze_bookings"
[0m12:55:37.699899 [debug] [Thread-2 (]: Began executing node model.aws_dbt_snowflake_project.bronze_bookings
[0m12:55:37.760705 [debug] [Thread-2 (]: Using snowflake connection "model.aws_dbt_snowflake_project.bronze_bookings"
[0m12:55:37.760705 [debug] [Thread-2 (]: On model.aws_dbt_snowflake_project.bronze_bookings: create or replace  temporary view AIRBNB.bronze.bronze_bookings__dbt_tmp
  
  
  
  
  as (
    



SELECT *
FROM AIRBNB.staging.bookings



WHERE CREATED_AT > (
    SELECT COALESCE(
        MAX(CREATED_AT),
        '1900-01-01'::date
    )
    FROM AIRBNB.bronze.bronze_bookings
)


  )
/* {"app": "dbt", "dbt_version": "1.12.4", "profile_name": "aws_dbt_snowflake_project", "target_name": "dev", "node_id": "model.aws_dbt_snowflake_project.bronze_bookings"} */;
[0m12:55:37.760705 [debug] [Thread-2 (]: Opening a new connection, currently in state init
[0m12:55:38.692059 [debug] [Thread-2 (]: SQL status: SUCCESS 1 in 0.931 seconds
[0m12:55:38.703058 [debug] [Thread-2 (]: Using snowflake connection "model.aws_dbt_snowflake_project.bronze_bookings"
[0m12:55:38.703058 [debug] [Thread-2 (]: On model.aws_dbt_snowflake_project.bronze_bookings: describe table AIRBNB.bronze.bronze_bookings__dbt_tmp
/* {"app": "dbt", "dbt_version": "1.12.4", "profile_name": "aws_dbt_snowflake_project", "target_name": "dev", "node_id": "model.aws_dbt_snowflake_project.bronze_bookings"} */
[0m12:55:38.925347 [debug] [Thread-2 (]: SQL status: SUCCESS 9 in 0.222 seconds
[0m12:55:38.929361 [debug] [Thread-2 (]: Using snowflake connection "model.aws_dbt_snowflake_project.bronze_bookings"
[0m12:55:38.930361 [debug] [Thread-2 (]: On model.aws_dbt_snowflake_project.bronze_bookings: describe table AIRBNB.bronze.bronze_bookings
/* {"app": "dbt", "dbt_version": "1.12.4", "profile_name": "aws_dbt_snowflake_project", "target_name": "dev", "node_id": "model.aws_dbt_snowflake_project.bronze_bookings"} */
[0m12:55:39.124172 [debug] [Thread-2 (]: SQL status: SUCCESS 9 in 0.194 seconds
[0m12:55:39.137172 [debug] [Thread-2 (]: Using snowflake connection "model.aws_dbt_snowflake_project.bronze_bookings"
[0m12:55:39.138409 [debug] [Thread-2 (]: On model.aws_dbt_snowflake_project.bronze_bookings: describe table "AIRBNB"."BRONZE"."BRONZE_BOOKINGS"
/* {"app": "dbt", "dbt_version": "1.12.4", "profile_name": "aws_dbt_snowflake_project", "target_name": "dev", "node_id": "model.aws_dbt_snowflake_project.bronze_bookings"} */
[0m12:55:39.341030 [debug] [Thread-2 (]: SQL status: SUCCESS 9 in 0.202 seconds
[0m12:55:39.363044 [debug] [Thread-2 (]: Writing runtime sql for node "model.aws_dbt_snowflake_project.bronze_bookings"
[0m12:55:39.365031 [debug] [Thread-2 (]: Using snowflake connection "model.aws_dbt_snowflake_project.bronze_bookings"
[0m12:55:39.365031 [debug] [Thread-2 (]: On model.aws_dbt_snowflake_project.bronze_bookings: -- back compat for old kwarg name
  
  begin
/* {"app": "dbt", "dbt_version": "1.12.4", "profile_name": "aws_dbt_snowflake_project", "target_name": "dev", "node_id": "model.aws_dbt_snowflake_project.bronze_bookings"} */;
[0m12:55:39.584426 [debug] [Thread-2 (]: SQL status: SUCCESS 1 in 0.218 seconds
[0m12:55:39.584426 [debug] [Thread-2 (]: Using snowflake connection "model.aws_dbt_snowflake_project.bronze_bookings"
[0m12:55:39.585426 [debug] [Thread-2 (]: On model.aws_dbt_snowflake_project.bronze_bookings: insert into AIRBNB.bronze.bronze_bookings ("BOOKING_ID", "LISTING_ID", "BOOKING_DATE", "NIGHTS_BOOKED", "BOOKING_AMOUNT", "CLEANING_FEE", "SERVICE_FEE", "BOOKING_STATUS", "CREATED_AT")
        (
            select "BOOKING_ID", "LISTING_ID", "BOOKING_DATE", "NIGHTS_BOOKED", "BOOKING_AMOUNT", "CLEANING_FEE", "SERVICE_FEE", "BOOKING_STATUS", "CREATED_AT"
            from AIRBNB.bronze.bronze_bookings__dbt_tmp
        )
/* {"app": "dbt", "dbt_version": "1.12.4", "profile_name": "aws_dbt_snowflake_project", "target_name": "dev", "node_id": "model.aws_dbt_snowflake_project.bronze_bookings"} */;
[0m12:55:40.089432 [debug] [Thread-2 (]: SQL status: SUCCESS 0 in 0.503 seconds
[0m12:55:40.089432 [debug] [Thread-2 (]: Using snowflake connection "model.aws_dbt_snowflake_project.bronze_bookings"
[0m12:55:40.090432 [debug] [Thread-2 (]: On model.aws_dbt_snowflake_project.bronze_bookings: COMMIT
/* {"app": "dbt", "dbt_version": "1.12.4", "profile_name": "aws_dbt_snowflake_project", "target_name": "dev", "node_id": "model.aws_dbt_snowflake_project.bronze_bookings"} */
[0m12:55:40.334156 [debug] [Thread-2 (]: SQL status: SUCCESS 1 in 0.243 seconds
[0m12:55:40.344170 [debug] [Thread-2 (]: Applying DROP to: AIRBNB.bronze.bronze_bookings__dbt_tmp
[0m12:55:40.351165 [debug] [Thread-2 (]: Using snowflake connection "model.aws_dbt_snowflake_project.bronze_bookings"
[0m12:55:40.352168 [debug] [Thread-2 (]: On model.aws_dbt_snowflake_project.bronze_bookings: drop view if exists AIRBNB.bronze.bronze_bookings__dbt_tmp cascade
/* {"app": "dbt", "dbt_version": "1.12.4", "profile_name": "aws_dbt_snowflake_project", "target_name": "dev", "node_id": "model.aws_dbt_snowflake_project.bronze_bookings"} */
[0m12:55:40.592367 [debug] [Thread-2 (]: SQL status: SUCCESS 1 in 0.240 seconds
[0m12:55:40.619459 [debug] [Thread-2 (]: Sending event: {'category': 'dbt', 'action': 'run_model', 'label': 'b2332b42-18a3-46fc-a5a0-fe377f354474', 'context': [<snowplow_tracker.self_describing_json.SelfDescribingJson object at 0x0000019A9E851460>]}
[0m12:55:40.620484 [info ] [Thread-2 (]: 1 of 3 OK created sql incremental model bronze.bronze_bookings ................. [[32mSUCCESS 0[0m in 2.93s]
[0m12:55:40.622167 [debug] [Thread-2 (]: Finished running node model.aws_dbt_snowflake_project.bronze_bookings
[0m12:55:40.622167 [debug] [Thread-2 (]: Began running node model.aws_dbt_snowflake_project.bronze_hosts
[0m12:55:40.623163 [info ] [Thread-2 (]: 2 of 3 START sql incremental model bronze.bronze_hosts ......................... [RUN]
[0m12:55:40.624162 [debug] [Thread-2 (]: Re-using an available connection from the pool (formerly model.aws_dbt_snowflake_project.bronze_bookings, now model.aws_dbt_snowflake_project.bronze_hosts)
[0m12:55:40.624162 [debug] [Thread-2 (]: Began compiling node model.aws_dbt_snowflake_project.bronze_hosts
[0m12:55:40.627174 [debug] [Thread-2 (]: Writing injected SQL for node "model.aws_dbt_snowflake_project.bronze_hosts"
[0m12:55:40.628183 [debug] [Thread-2 (]: Began executing node model.aws_dbt_snowflake_project.bronze_hosts
[0m12:55:40.631163 [debug] [Thread-2 (]: Using snowflake connection "model.aws_dbt_snowflake_project.bronze_hosts"
[0m12:55:40.632174 [debug] [Thread-2 (]: On model.aws_dbt_snowflake_project.bronze_hosts: create or replace  temporary view AIRBNB.bronze.bronze_hosts__dbt_tmp
  
  
  
  
  as (
    



SELECT *
FROM AIRBNB.staging.hosts



WHERE CREATED_AT > (
    SELECT COALESCE(
        MAX(CREATED_AT),
        '1900-01-01'::date
    )
    FROM AIRBNB.bronze.bronze_hosts
)


  )
/* {"app": "dbt", "dbt_version": "1.12.4", "profile_name": "aws_dbt_snowflake_project", "target_name": "dev", "node_id": "model.aws_dbt_snowflake_project.bronze_hosts"} */;
[0m12:55:40.938312 [debug] [Thread-2 (]: SQL status: SUCCESS 1 in 0.306 seconds
[0m12:55:40.940313 [debug] [Thread-2 (]: Using snowflake connection "model.aws_dbt_snowflake_project.bronze_hosts"
[0m12:55:40.941313 [debug] [Thread-2 (]: On model.aws_dbt_snowflake_project.bronze_hosts: describe table AIRBNB.bronze.bronze_hosts__dbt_tmp
/* {"app": "dbt", "dbt_version": "1.12.4", "profile_name": "aws_dbt_snowflake_project", "target_name": "dev", "node_id": "model.aws_dbt_snowflake_project.bronze_hosts"} */
[0m12:55:41.149202 [debug] [Thread-2 (]: SQL status: SUCCESS 6 in 0.207 seconds
[0m12:55:41.152216 [debug] [Thread-2 (]: Using snowflake connection "model.aws_dbt_snowflake_project.bronze_hosts"
[0m12:55:41.153216 [debug] [Thread-2 (]: On model.aws_dbt_snowflake_project.bronze_hosts: describe table AIRBNB.bronze.bronze_hosts
/* {"app": "dbt", "dbt_version": "1.12.4", "profile_name": "aws_dbt_snowflake_project", "target_name": "dev", "node_id": "model.aws_dbt_snowflake_project.bronze_hosts"} */
[0m12:55:41.341596 [debug] [Thread-2 (]: SQL status: SUCCESS 6 in 0.187 seconds
[0m12:55:41.343593 [debug] [Thread-2 (]: Using snowflake connection "model.aws_dbt_snowflake_project.bronze_hosts"
[0m12:55:41.344592 [debug] [Thread-2 (]: On model.aws_dbt_snowflake_project.bronze_hosts: describe table "AIRBNB"."BRONZE"."BRONZE_HOSTS"
/* {"app": "dbt", "dbt_version": "1.12.4", "profile_name": "aws_dbt_snowflake_project", "target_name": "dev", "node_id": "model.aws_dbt_snowflake_project.bronze_hosts"} */
[0m12:55:41.532065 [debug] [Thread-2 (]: SQL status: SUCCESS 6 in 0.187 seconds
[0m12:55:41.536049 [debug] [Thread-2 (]: Writing runtime sql for node "model.aws_dbt_snowflake_project.bronze_hosts"
[0m12:55:41.538053 [debug] [Thread-2 (]: Using snowflake connection "model.aws_dbt_snowflake_project.bronze_hosts"
[0m12:55:41.538053 [debug] [Thread-2 (]: On model.aws_dbt_snowflake_project.bronze_hosts: -- back compat for old kwarg name
  
  begin
/* {"app": "dbt", "dbt_version": "1.12.4", "profile_name": "aws_dbt_snowflake_project", "target_name": "dev", "node_id": "model.aws_dbt_snowflake_project.bronze_hosts"} */;
[0m12:55:41.752113 [debug] [Thread-2 (]: SQL status: SUCCESS 1 in 0.213 seconds
[0m12:55:41.752113 [debug] [Thread-2 (]: Using snowflake connection "model.aws_dbt_snowflake_project.bronze_hosts"
[0m12:55:41.753114 [debug] [Thread-2 (]: On model.aws_dbt_snowflake_project.bronze_hosts: insert into AIRBNB.bronze.bronze_hosts ("HOST_ID", "HOST_NAME", "HOST_SINCE", "IS_SUPERHOST", "RESPONSE_RATE", "CREATED_AT")
        (
            select "HOST_ID", "HOST_NAME", "HOST_SINCE", "IS_SUPERHOST", "RESPONSE_RATE", "CREATED_AT"
            from AIRBNB.bronze.bronze_hosts__dbt_tmp
        )
/* {"app": "dbt", "dbt_version": "1.12.4", "profile_name": "aws_dbt_snowflake_project", "target_name": "dev", "node_id": "model.aws_dbt_snowflake_project.bronze_hosts"} */;
[0m12:55:42.133621 [debug] [Thread-2 (]: SQL status: SUCCESS 0 in 0.380 seconds
[0m12:55:42.134621 [debug] [Thread-2 (]: Using snowflake connection "model.aws_dbt_snowflake_project.bronze_hosts"
[0m12:55:42.134621 [debug] [Thread-2 (]: On model.aws_dbt_snowflake_project.bronze_hosts: COMMIT
/* {"app": "dbt", "dbt_version": "1.12.4", "profile_name": "aws_dbt_snowflake_project", "target_name": "dev", "node_id": "model.aws_dbt_snowflake_project.bronze_hosts"} */
[0m12:55:42.351613 [debug] [Thread-2 (]: SQL status: SUCCESS 1 in 0.216 seconds
[0m12:55:42.354475 [debug] [Thread-2 (]: Applying DROP to: AIRBNB.bronze.bronze_hosts__dbt_tmp
[0m12:55:42.355477 [debug] [Thread-2 (]: Using snowflake connection "model.aws_dbt_snowflake_project.bronze_hosts"
[0m12:55:42.356477 [debug] [Thread-2 (]: On model.aws_dbt_snowflake_project.bronze_hosts: drop view if exists AIRBNB.bronze.bronze_hosts__dbt_tmp cascade
/* {"app": "dbt", "dbt_version": "1.12.4", "profile_name": "aws_dbt_snowflake_project", "target_name": "dev", "node_id": "model.aws_dbt_snowflake_project.bronze_hosts"} */
[0m12:55:42.614299 [debug] [Thread-2 (]: SQL status: SUCCESS 1 in 0.258 seconds
[0m12:55:42.617309 [debug] [Thread-2 (]: Sending event: {'category': 'dbt', 'action': 'run_model', 'label': 'b2332b42-18a3-46fc-a5a0-fe377f354474', 'context': [<snowplow_tracker.self_describing_json.SelfDescribingJson object at 0x0000019AA1702150>]}
[0m12:55:42.618363 [info ] [Thread-2 (]: 2 of 3 OK created sql incremental model bronze.bronze_hosts .................... [[32mSUCCESS 0[0m in 1.99s]
[0m12:55:42.620308 [debug] [Thread-2 (]: Finished running node model.aws_dbt_snowflake_project.bronze_hosts
[0m12:55:42.620308 [debug] [Thread-2 (]: Began running node model.aws_dbt_snowflake_project.bronze_listings
[0m12:55:42.621308 [info ] [Thread-2 (]: 3 of 3 START sql incremental model bronze.bronze_listings ...................... [RUN]
[0m12:55:42.622316 [debug] [Thread-2 (]: Re-using an available connection from the pool (formerly model.aws_dbt_snowflake_project.bronze_hosts, now model.aws_dbt_snowflake_project.bronze_listings)
[0m12:55:42.623309 [debug] [Thread-2 (]: Began compiling node model.aws_dbt_snowflake_project.bronze_listings
[0m12:55:42.627309 [debug] [Thread-2 (]: Writing injected SQL for node "model.aws_dbt_snowflake_project.bronze_listings"
[0m12:55:42.628309 [debug] [Thread-2 (]: Began executing node model.aws_dbt_snowflake_project.bronze_listings
[0m12:55:42.632289 [debug] [Thread-2 (]: Using snowflake connection "model.aws_dbt_snowflake_project.bronze_listings"
[0m12:55:42.632289 [debug] [Thread-2 (]: On model.aws_dbt_snowflake_project.bronze_listings: create or replace  temporary view AIRBNB.bronze.bronze_listings__dbt_tmp
  
  
  
  
  as (
    



SELECT *
FROM AIRBNB.staging.listings



WHERE CREATED_AT > (
    SELECT COALESCE(
        MAX(CREATED_AT),
        '1900-01-01'::date
    )
    FROM AIRBNB.bronze.bronze_listings
)


  )
/* {"app": "dbt", "dbt_version": "1.12.4", "profile_name": "aws_dbt_snowflake_project", "target_name": "dev", "node_id": "model.aws_dbt_snowflake_project.bronze_listings"} */;
[0m12:55:42.970339 [debug] [Thread-2 (]: SQL status: SUCCESS 1 in 0.337 seconds
[0m12:55:42.972339 [debug] [Thread-2 (]: Using snowflake connection "model.aws_dbt_snowflake_project.bronze_listings"
[0m12:55:42.973340 [debug] [Thread-2 (]: On model.aws_dbt_snowflake_project.bronze_listings: describe table AIRBNB.bronze.bronze_listings__dbt_tmp
/* {"app": "dbt", "dbt_version": "1.12.4", "profile_name": "aws_dbt_snowflake_project", "target_name": "dev", "node_id": "model.aws_dbt_snowflake_project.bronze_listings"} */
[0m12:55:43.184734 [debug] [Thread-2 (]: SQL status: SUCCESS 11 in 0.211 seconds
[0m12:55:43.188747 [debug] [Thread-2 (]: Using snowflake connection "model.aws_dbt_snowflake_project.bronze_listings"
[0m12:55:43.188747 [debug] [Thread-2 (]: On model.aws_dbt_snowflake_project.bronze_listings: describe table AIRBNB.bronze.bronze_listings
/* {"app": "dbt", "dbt_version": "1.12.4", "profile_name": "aws_dbt_snowflake_project", "target_name": "dev", "node_id": "model.aws_dbt_snowflake_project.bronze_listings"} */
[0m12:55:43.378837 [debug] [Thread-2 (]: SQL status: SUCCESS 11 in 0.189 seconds
[0m12:55:43.382837 [debug] [Thread-2 (]: Using snowflake connection "model.aws_dbt_snowflake_project.bronze_listings"
[0m12:55:43.383837 [debug] [Thread-2 (]: On model.aws_dbt_snowflake_project.bronze_listings: describe table "AIRBNB"."BRONZE"."BRONZE_LISTINGS"
/* {"app": "dbt", "dbt_version": "1.12.4", "profile_name": "aws_dbt_snowflake_project", "target_name": "dev", "node_id": "model.aws_dbt_snowflake_project.bronze_listings"} */
[0m12:55:43.569527 [debug] [Thread-2 (]: SQL status: SUCCESS 11 in 0.186 seconds
[0m12:55:43.574526 [debug] [Thread-2 (]: Writing runtime sql for node "model.aws_dbt_snowflake_project.bronze_listings"
[0m12:55:43.576536 [debug] [Thread-2 (]: Using snowflake connection "model.aws_dbt_snowflake_project.bronze_listings"
[0m12:55:43.576536 [debug] [Thread-2 (]: On model.aws_dbt_snowflake_project.bronze_listings: -- back compat for old kwarg name
  
  begin
/* {"app": "dbt", "dbt_version": "1.12.4", "profile_name": "aws_dbt_snowflake_project", "target_name": "dev", "node_id": "model.aws_dbt_snowflake_project.bronze_listings"} */;
[0m12:55:43.776666 [debug] [Thread-2 (]: SQL status: SUCCESS 1 in 0.199 seconds
[0m12:55:43.776666 [debug] [Thread-2 (]: Using snowflake connection "model.aws_dbt_snowflake_project.bronze_listings"
[0m12:55:43.777668 [debug] [Thread-2 (]: On model.aws_dbt_snowflake_project.bronze_listings: insert into AIRBNB.bronze.bronze_listings ("LISTING_ID", "HOST_ID", "PROPERTY_TYPE", "ROOM_TYPE", "CITY", "COUNTRY", "ACCOMMODATES", "BEDROOMS", "BATHROOMS", "PRICE_PER_NIGHT", "CREATED_AT")
        (
            select "LISTING_ID", "HOST_ID", "PROPERTY_TYPE", "ROOM_TYPE", "CITY", "COUNTRY", "ACCOMMODATES", "BEDROOMS", "BATHROOMS", "PRICE_PER_NIGHT", "CREATED_AT"
            from AIRBNB.bronze.bronze_listings__dbt_tmp
        )
/* {"app": "dbt", "dbt_version": "1.12.4", "profile_name": "aws_dbt_snowflake_project", "target_name": "dev", "node_id": "model.aws_dbt_snowflake_project.bronze_listings"} */;
[0m12:55:44.192515 [debug] [Thread-2 (]: SQL status: SUCCESS 0 in 0.414 seconds
[0m12:55:44.193505 [debug] [Thread-2 (]: Using snowflake connection "model.aws_dbt_snowflake_project.bronze_listings"
[0m12:55:44.193505 [debug] [Thread-2 (]: On model.aws_dbt_snowflake_project.bronze_listings: COMMIT
/* {"app": "dbt", "dbt_version": "1.12.4", "profile_name": "aws_dbt_snowflake_project", "target_name": "dev", "node_id": "model.aws_dbt_snowflake_project.bronze_listings"} */
[0m12:55:44.418326 [debug] [Thread-2 (]: SQL status: SUCCESS 1 in 0.224 seconds
[0m12:55:44.421340 [debug] [Thread-2 (]: Applying DROP to: AIRBNB.bronze.bronze_listings__dbt_tmp
[0m12:55:44.422341 [debug] [Thread-2 (]: Using snowflake connection "model.aws_dbt_snowflake_project.bronze_listings"
[0m12:55:44.422341 [debug] [Thread-2 (]: On model.aws_dbt_snowflake_project.bronze_listings: drop view if exists AIRBNB.bronze.bronze_listings__dbt_tmp cascade
/* {"app": "dbt", "dbt_version": "1.12.4", "profile_name": "aws_dbt_snowflake_project", "target_name": "dev", "node_id": "model.aws_dbt_snowflake_project.bronze_listings"} */
[0m12:55:44.665487 [debug] [Thread-2 (]: SQL status: SUCCESS 1 in 0.242 seconds
[0m12:55:44.668502 [debug] [Thread-2 (]: Sending event: {'category': 'dbt', 'action': 'run_model', 'label': 'b2332b42-18a3-46fc-a5a0-fe377f354474', 'context': [<snowplow_tracker.self_describing_json.SelfDescribingJson object at 0x0000019AA166E990>]}
[0m12:55:44.669502 [info ] [Thread-2 (]: 3 of 3 OK created sql incremental model bronze.bronze_listings ................. [[32mSUCCESS 0[0m in 2.05s]
[0m12:55:44.671660 [debug] [Thread-2 (]: Finished running node model.aws_dbt_snowflake_project.bronze_listings
[0m12:55:44.674041 [debug] [MainThread]: Connection 'master' was properly closed.
[0m12:55:44.675080 [debug] [MainThread]: Connection 'list_AIRBNB' was left open.
[0m12:55:44.675080 [debug] [MainThread]: On list_AIRBNB: Close
[0m12:55:45.099457 [debug] [MainThread]: Connection 'list_AIRBNB_bronze' was left open.
[0m12:55:45.099457 [debug] [MainThread]: On list_AIRBNB_bronze: Close
[0m12:55:45.413400 [debug] [MainThread]: Connection 'model.aws_dbt_snowflake_project.bronze_listings' was left open.
[0m12:55:45.414400 [debug] [MainThread]: On model.aws_dbt_snowflake_project.bronze_listings: Close
[0m12:55:45.779809 [info ] [MainThread]: 
[0m12:55:45.780824 [info ] [MainThread]: Finished running 3 incremental models in 0 hours 0 minutes and 12.03 seconds (12.03s).
[0m12:55:45.782824 [debug] [MainThread]: Command end result
[0m12:55:45.824808 [debug] [MainThread]: Wrote artifact WritableManifest to C:\Users\Zaheer Alam\Desktop\all files\AWS_DBT_Snowflake\aws_dbt_snowflake_project\target\manifest.json
[0m12:55:45.828818 [debug] [MainThread]: Wrote artifact SemanticManifest to C:\Users\Zaheer Alam\Desktop\all files\AWS_DBT_Snowflake\aws_dbt_snowflake_project\target\semantic_manifest.json
[0m12:55:45.833799 [debug] [MainThread]: Wrote artifact OsiDocument to C:\Users\Zaheer Alam\Desktop\all files\AWS_DBT_Snowflake\aws_dbt_snowflake_project\target\osi_document.json
[0m12:55:45.841826 [debug] [MainThread]: Wrote artifact RunExecutionResult to C:\Users\Zaheer Alam\Desktop\all files\AWS_DBT_Snowflake\aws_dbt_snowflake_project\target\run_results.json
[0m12:55:45.842805 [info ] [MainThread]: 
[0m12:55:45.843798 [info ] [MainThread]: [32mCompleted successfully[0m
[0m12:55:45.843798 [info ] [MainThread]: 
[0m12:55:45.844802 [info ] [MainThread]: Done. PASS=3 WARN=0 ERROR=0 SKIP=0 NO-OP=0 REUSED=0 TOTAL=3
[0m12:55:45.845814 [debug] [MainThread]: Command `dbt run` succeeded at 12:55:45.845814 after 13.67 seconds
[0m12:55:45.846807 [debug] [MainThread]: Sending event: {'category': 'dbt', 'action': 'invocation', 'label': 'end', 'context': [<snowplow_tracker.self_describing_json.SelfDescribingJson object at 0x0000019A9C7387A0>, <snowplow_tracker.self_describing_json.SelfDescribingJson object at 0x0000019AA0077E00>, <snowplow_tracker.self_describing_json.SelfDescribingJson object at 0x0000019AA0304440>]}
[0m12:55:45.846807 [debug] [MainThread]: Flushing usage events
[0m12:55:47.346490 [debug] [MainThread]: An error was encountered while trying to flush usage events
[0m10:54:42.686336 [debug] [MainThread]: Sending event: {'category': 'dbt', 'action': 'invocation', 'label': 'start', 'context': [<snowplow_tracker.self_describing_json.SelfDescribingJson object at 0x000002901704B2F0>, <snowplow_tracker.self_describing_json.SelfDescribingJson object at 0x0000029017874EC0>, <snowplow_tracker.self_describing_json.SelfDescribingJson object at 0x00000290175933B0>]}


============================== 10:54:42.737810 | 4d2501f3-d160-4b7b-9f3a-19e450dff80d ==============================
[0m10:54:42.737810 [info ] [MainThread]: Running with dbt=1.12.4
[0m10:54:42.737810 [debug] [MainThread]: running dbt with arguments {'static_parser': 'True', 'no_print': 'None', 'version_check': 'True', 'target_path': 'None', 'maximum_seed_size_mib': '1', 'warn_error_options': 'WarnErrorOptionsV2(error=[], warn=[], silence=[])', 'printer_width': '80', 'write_json': 'True', 'introspect': 'True', 'log_cache_events': 'False', 'empty': 'None', 'cache_selected_only': 'False', 'fail_fast': 'False', 'debug': 'False', 'log_format': 'default', 'profiles_dir': 'C:\\Users\\Zaheer Alam\\.dbt', 'send_anonymous_usage_stats': 'True', 'quiet': 'False', 'warn_error': 'None', 'partial_parse': 'True', 'use_colors': 'True', 'hints_enabled': 'True', 'indirect_selection': 'eager', 'use_experimental_parser': 'False', 'invocation_command': 'dbt ', 'log_path': 'c:\\Users\\Zaheer Alam\\Desktop\\all files\\AWS_DBT_Snowflake\\aws_dbt_snowflake_project\\logs'}
[0m10:54:43.128686 [debug] [MainThread]: Sending event: {'category': 'dbt', 'action': 'project_id', 'label': '4d2501f3-d160-4b7b-9f3a-19e450dff80d', 'context': [<snowplow_tracker.self_describing_json.SelfDescribingJson object at 0x000002901B6A2090>]}
[0m10:54:43.252330 [info ] [MainThread]: Warning: No packages were found in packages.yml
[0m10:54:43.256951 [info ] [MainThread]: Warning: No packages were found in packages.yml
[0m10:54:43.261982 [debug] [MainThread]: Command `cli deps` succeeded at 10:54:43.261982 after 0.89 seconds
[0m10:54:43.261982 [debug] [MainThread]: Sending event: {'category': 'dbt', 'action': 'invocation', 'label': 'end', 'context': [<snowplow_tracker.self_describing_json.SelfDescribingJson object at 0x000002901704B2F0>, <snowplow_tracker.self_describing_json.SelfDescribingJson object at 0x000002901B8C0F80>, <snowplow_tracker.self_describing_json.SelfDescribingJson object at 0x00000290198E5DC0>]}
[0m10:54:43.267338 [debug] [MainThread]: Flushing usage events
[0m10:54:45.257390 [debug] [MainThread]: An error was encountered while trying to flush usage events
[0m11:31:32.802236 [debug] [MainThread]: Sending event: {'category': 'dbt', 'action': 'invocation', 'label': 'start', 'context': [<snowplow_tracker.self_describing_json.SelfDescribingJson object at 0x00000228A332F950>, <snowplow_tracker.self_describing_json.SelfDescribingJson object at 0x00000228A4BE63F0>, <snowplow_tracker.self_describing_json.SelfDescribingJson object at 0x00000228A6B820C0>]}


============================== 11:31:32.802236 | 197b4557-e0a1-4461-a11b-02fe961ccde2 ==============================
[0m11:31:32.802236 [info ] [MainThread]: Running with dbt=1.12.4
[0m11:31:32.802236 [debug] [MainThread]: running dbt with arguments {'version_check': 'True', 'no_print': 'None', 'maximum_seed_size_mib': '1', 'target_path': 'None', 'warn_error_options': 'WarnErrorOptionsV2(error=[], warn=[], silence=[])', 'static_parser': 'True', 'printer_width': '80', 'write_json': 'True', 'empty': 'None', 'log_cache_events': 'False', 'introspect': 'True', 'cache_selected_only': 'False', 'log_format': 'default', 'debug': 'False', 'fail_fast': 'False', 'profiles_dir': 'C:\\Users\\Zaheer Alam\\.dbt', 'send_anonymous_usage_stats': 'True', 'quiet': 'False', 'warn_error': 'None', 'partial_parse': 'True', 'indirect_selection': 'eager', 'hints_enabled': 'True', 'use_colors': 'True', 'use_experimental_parser': 'False', 'invocation_command': 'dbt ', 'log_path': 'c:\\Users\\Zaheer Alam\\Desktop\\all files\\AWS_DBT_Snowflake\\aws_dbt_snowflake_project\\logs'}
[0m11:31:33.327094 [debug] [MainThread]: Sending event: {'category': 'dbt', 'action': 'project_id', 'label': '197b4557-e0a1-4461-a11b-02fe961ccde2', 'context': [<snowplow_tracker.self_describing_json.SelfDescribingJson object at 0x00000228A45EC5C0>]}
[0m11:31:33.405817 [info ] [MainThread]: Warning: No packages were found in packages.yml
[0m11:31:33.419147 [info ] [MainThread]: Warning: No packages were found in packages.yml
[0m11:31:33.419147 [debug] [MainThread]: Command `cli deps` succeeded at 11:31:33.419147 after 0.94 seconds
[0m11:31:33.419147 [debug] [MainThread]: Sending event: {'category': 'dbt', 'action': 'invocation', 'label': 'end', 'context': [<snowplow_tracker.self_describing_json.SelfDescribingJson object at 0x00000228A332F950>, <snowplow_tracker.self_describing_json.SelfDescribingJson object at 0x00000228A8B125A0>, <snowplow_tracker.self_describing_json.SelfDescribingJson object at 0x00000228A3BB6780>]}
[0m11:31:33.419147 [debug] [MainThread]: Flushing usage events
[0m11:31:35.675605 [debug] [MainThread]: An error was encountered while trying to flush usage events
[0m11:48:24.003633 [debug] [MainThread]: Sending event: {'category': 'dbt', 'action': 'invocation', 'label': 'start', 'context': [<snowplow_tracker.self_describing_json.SelfDescribingJson object at 0x0000022FEBE5B1D0>, <snowplow_tracker.self_describing_json.SelfDescribingJson object at 0x0000022FEF241100>, <snowplow_tracker.self_describing_json.SelfDescribingJson object at 0x0000022FEF336930>]}


============================== 11:48:24.013648 | 75a62ae7-781f-4948-9a8f-7e6b01dfc325 ==============================
[0m11:48:24.013648 [info ] [MainThread]: Running with dbt=1.12.4
[0m11:48:24.013648 [debug] [MainThread]: running dbt with arguments {'static_parser': 'True', 'no_print': 'None', 'version_check': 'True', 'warn_error_options': 'WarnErrorOptionsV2(error=[], warn=[], silence=[])', 'target_path': 'None', 'maximum_seed_size_mib': '1', 'printer_width': '80', 'write_json': 'True', 'empty': 'False', 'log_cache_events': 'False', 'introspect': 'True', 'cache_selected_only': 'False', 'log_format': 'default', 'debug': 'False', 'fail_fast': 'False', 'profiles_dir': 'C:\\Users\\Zaheer Alam\\.dbt', 'send_anonymous_usage_stats': 'True', 'quiet': 'False', 'warn_error': 'None', 'partial_parse': 'True', 'indirect_selection': 'eager', 'hints_enabled': 'True', 'invocation_command': 'dbt compile', 'use_experimental_parser': 'False', 'use_colors': 'True', 'log_path': 'C:\\Users\\Zaheer Alam\\Desktop\\all files\\AWS_DBT_Snowflake\\aws_dbt_snowflake_project\\logs'}
[0m11:48:24.831880 [debug] [MainThread]: Snowflake adapter: Setting snowflake.connector to ERROR (file logging only)
[0m11:48:24.831880 [debug] [MainThread]: Snowflake adapter: Setting botocore to ERROR (file logging only)
[0m11:48:24.831880 [debug] [MainThread]: Snowflake adapter: Setting boto3 to ERROR (file logging only)
[0m11:48:25.407375 [debug] [MainThread]: Sending event: {'category': 'dbt', 'action': 'project_id', 'label': '75a62ae7-781f-4948-9a8f-7e6b01dfc325', 'context': [<snowplow_tracker.self_describing_json.SelfDescribingJson object at 0x0000022FEE515C10>]}
[0m11:48:25.537659 [debug] [MainThread]: Sending event: {'category': 'dbt', 'action': 'adapter_info', 'label': '75a62ae7-781f-4948-9a8f-7e6b01dfc325', 'context': [<snowplow_tracker.self_describing_json.SelfDescribingJson object at 0x0000022FEC9A3E30>]}
[0m11:48:25.542666 [info ] [MainThread]: Registered adapter: snowflake=1.12.0
[0m11:48:26.377722 [debug] [MainThread]: checksum: 5898aabf08c9bfee8ee956a138979f76ca666292702eae8cc33b5009f8451796, vars: {}, profile: aws_dbt_snowflake_project, target: dev, version: 1.12.4
[0m11:48:26.730132 [debug] [MainThread]: Partial parsing enabled: 0 files deleted, 0 files added, 1 files changed.
[0m11:48:26.730132 [debug] [MainThread]: Partial parsing: updated file: aws_dbt_snowflake_project://models\silver\silver_bookings.sql
[0m11:48:27.217194 [error] [MainThread]: [[31mERROR[0m]: Encountered an error:
Compilation Error in model silver_bookings (models\silver\silver_bookings.sql)
  expected token 'end of print statement', got '='
    line 2
      keys = 'BOOKING_ID'}}
[0m11:48:27.222166 [debug] [MainThread]: Command `dbt compile` failed at 11:48:27.222166 after 3.61 seconds
[0m11:48:27.222166 [debug] [MainThread]: Sending event: {'category': 'dbt', 'action': 'invocation', 'label': 'end', 'context': [<snowplow_tracker.self_describing_json.SelfDescribingJson object at 0x0000022FEF3368D0>, <snowplow_tracker.self_describing_json.SelfDescribingJson object at 0x0000022FF0FF74A0>, <snowplow_tracker.self_describing_json.SelfDescribingJson object at 0x0000022FED465B50>]}
[0m11:48:27.222166 [debug] [MainThread]: Flushing usage events
[0m11:48:41.222997 [debug] [MainThread]: An error was encountered while trying to flush usage events
[0m11:50:14.482637 [debug] [MainThread]: Sending event: {'category': 'dbt', 'action': 'invocation', 'label': 'start', 'context': [<snowplow_tracker.self_describing_json.SelfDescribingJson object at 0x0000029760B378F0>, <snowplow_tracker.self_describing_json.SelfDescribingJson object at 0x00000297641335C0>, <snowplow_tracker.self_describing_json.SelfDescribingJson object at 0x0000029763DEE240>]}


============================== 11:50:14.492648 | 156dd356-2534-49f5-bce1-eb43d745293f ==============================
[0m11:50:14.492648 [info ] [MainThread]: Running with dbt=1.12.4
[0m11:50:14.492648 [debug] [MainThread]: running dbt with arguments {'static_parser': 'True', 'no_print': 'None', 'maximum_seed_size_mib': '1', 'warn_error_options': 'WarnErrorOptionsV2(error=[], warn=[], silence=[])', 'version_check': 'True', 'target_path': 'None', 'printer_width': '80', 'write_json': 'True', 'introspect': 'True', 'log_cache_events': 'False', 'empty': 'False', 'cache_selected_only': 'False', 'log_format': 'default', 'debug': 'False', 'fail_fast': 'False', 'partial_parse': 'True', 'send_anonymous_usage_stats': 'True', 'quiet': 'False', 'warn_error': 'None', 'profiles_dir': 'C:\\Users\\Zaheer Alam\\.dbt', 'use_colors': 'True', 'hints_enabled': 'True', 'invocation_command': 'dbt compile', 'use_experimental_parser': 'False', 'indirect_selection': 'eager', 'log_path': 'C:\\Users\\Zaheer Alam\\Desktop\\all files\\AWS_DBT_Snowflake\\aws_dbt_snowflake_project\\logs'}
[0m11:50:15.401122 [debug] [MainThread]: Snowflake adapter: Setting snowflake.connector to ERROR (file logging only)
[0m11:50:15.401122 [debug] [MainThread]: Snowflake adapter: Setting botocore to ERROR (file logging only)
[0m11:50:15.401122 [debug] [MainThread]: Snowflake adapter: Setting boto3 to ERROR (file logging only)
[0m11:50:16.035535 [debug] [MainThread]: Sending event: {'category': 'dbt', 'action': 'project_id', 'label': '156dd356-2534-49f5-bce1-eb43d745293f', 'context': [<snowplow_tracker.self_describing_json.SelfDescribingJson object at 0x0000029765D60B60>]}
[0m11:50:16.180311 [debug] [MainThread]: Sending event: {'category': 'dbt', 'action': 'adapter_info', 'label': '156dd356-2534-49f5-bce1-eb43d745293f', 'context': [<snowplow_tracker.self_describing_json.SelfDescribingJson object at 0x0000029766BCA120>]}
[0m11:50:16.180311 [info ] [MainThread]: Registered adapter: snowflake=1.12.0
[0m11:50:16.877687 [debug] [MainThread]: checksum: 5898aabf08c9bfee8ee956a138979f76ca666292702eae8cc33b5009f8451796, vars: {}, profile: aws_dbt_snowflake_project, target: dev, version: 1.12.4
[0m11:50:17.208725 [debug] [MainThread]: Partial parsing enabled: 0 files deleted, 0 files added, 1 files changed.
[0m11:50:17.208725 [debug] [MainThread]: Partial parsing: updated file: aws_dbt_snowflake_project://models\silver\silver_bookings.sql
[0m11:50:17.650166 [error] [MainThread]: [[31mERROR[0m]: Encountered an error:
Compilation Error in model silver_bookings (models\silver\silver_bookings.sql)
  The name argument to ref() must be a string, got <class 'dbt_common.clients.jinja.create_undefined.<locals>.Undefined'>
[0m11:50:17.651738 [debug] [MainThread]: Command `dbt compile` failed at 11:50:17.651738 after 3.47 seconds
[0m11:50:17.651738 [debug] [MainThread]: Sending event: {'category': 'dbt', 'action': 'invocation', 'label': 'end', 'context': [<snowplow_tracker.self_describing_json.SelfDescribingJson object at 0x0000029760B378F0>, <snowplow_tracker.self_describing_json.SelfDescribingJson object at 0x000002976749D430>, <snowplow_tracker.self_describing_json.SelfDescribingJson object at 0x00000297675C6FF0>]}
[0m11:50:17.651738 [debug] [MainThread]: Flushing usage events
[0m11:50:19.810494 [debug] [MainThread]: An error was encountered while trying to flush usage events
[0m11:50:48.189061 [debug] [MainThread]: Sending event: {'category': 'dbt', 'action': 'invocation', 'label': 'start', 'context': [<snowplow_tracker.self_describing_json.SelfDescribingJson object at 0x0000017511DF19A0>, <snowplow_tracker.self_describing_json.SelfDescribingJson object at 0x0000017514F33260>, <snowplow_tracker.self_describing_json.SelfDescribingJson object at 0x0000017512A0C1D0>]}


============================== 11:50:48.194064 | 8825ded0-db60-4bb8-8ca8-c7ec4f98590b ==============================
[0m11:50:48.194064 [info ] [MainThread]: Running with dbt=1.12.4
[0m11:50:48.199064 [debug] [MainThread]: running dbt with arguments {'version_check': 'True', 'no_print': 'None', 'maximum_seed_size_mib': '1', 'target_path': 'None', 'static_parser': 'True', 'warn_error_options': 'WarnErrorOptionsV2(error=[], warn=[], silence=[])', 'printer_width': '80', 'write_json': 'True', 'introspect': 'True', 'log_cache_events': 'False', 'empty': 'False', 'cache_selected_only': 'False', 'log_format': 'default', 'debug': 'False', 'fail_fast': 'False', 'partial_parse': 'True', 'send_anonymous_usage_stats': 'True', 'quiet': 'False', 'warn_error': 'None', 'profiles_dir': 'C:\\Users\\Zaheer Alam\\.dbt', 'invocation_command': 'dbt compile', 'hints_enabled': 'True', 'indirect_selection': 'eager', 'use_experimental_parser': 'False', 'use_colors': 'True', 'log_path': 'C:\\Users\\Zaheer Alam\\Desktop\\all files\\AWS_DBT_Snowflake\\aws_dbt_snowflake_project\\logs'}
[0m11:50:49.083036 [debug] [MainThread]: Snowflake adapter: Setting snowflake.connector to ERROR (file logging only)
[0m11:50:49.083036 [debug] [MainThread]: Snowflake adapter: Setting botocore to ERROR (file logging only)
[0m11:50:49.083036 [debug] [MainThread]: Snowflake adapter: Setting boto3 to ERROR (file logging only)
[0m11:50:49.646497 [debug] [MainThread]: Sending event: {'category': 'dbt', 'action': 'project_id', 'label': '8825ded0-db60-4bb8-8ca8-c7ec4f98590b', 'context': [<snowplow_tracker.self_describing_json.SelfDescribingJson object at 0x000001751855DC10>]}
[0m11:50:49.778814 [debug] [MainThread]: Sending event: {'category': 'dbt', 'action': 'adapter_info', 'label': '8825ded0-db60-4bb8-8ca8-c7ec4f98590b', 'context': [<snowplow_tracker.self_describing_json.SelfDescribingJson object at 0x0000017517DF21E0>]}
[0m11:50:49.778814 [info ] [MainThread]: Registered adapter: snowflake=1.12.0
[0m11:50:50.417215 [debug] [MainThread]: checksum: 5898aabf08c9bfee8ee956a138979f76ca666292702eae8cc33b5009f8451796, vars: {}, profile: aws_dbt_snowflake_project, target: dev, version: 1.12.4
[0m11:50:50.749283 [debug] [MainThread]: Partial parsing enabled: 0 files deleted, 0 files added, 0 files changed.
[0m11:50:50.754687 [debug] [MainThread]: Nothing changed, skipping partial parsing.
[0m11:50:50.754687 [debug] [MainThread]: Partial parsing enabled, no changes found, skipping parsing
[0m11:50:50.765777 [warn ] [MainThread]: [[33mWARNING[0m]: Configuration paths exist in your dbt_project.yml file which do not apply to any resources.
There are 1 unused configuration paths:
- models.aws_dbt_snowflake_project.gold
[0m11:50:50.775752 [debug] [MainThread]: Sending event: {'category': 'dbt', 'action': 'load_project', 'label': '8825ded0-db60-4bb8-8ca8-c7ec4f98590b', 'context': [<snowplow_tracker.self_describing_json.SelfDescribingJson object at 0x0000017518AFF830>]}
[0m11:50:51.080698 [debug] [MainThread]: Wrote artifact WritableManifest to C:\Users\Zaheer Alam\Desktop\all files\AWS_DBT_Snowflake\aws_dbt_snowflake_project\target\manifest.json
[0m11:50:51.159621 [debug] [MainThread]: Wrote artifact SemanticManifest to C:\Users\Zaheer Alam\Desktop\all files\AWS_DBT_Snowflake\aws_dbt_snowflake_project\target\semantic_manifest.json
[0m11:50:51.276648 [debug] [MainThread]: Wrote artifact OsiDocument to C:\Users\Zaheer Alam\Desktop\all files\AWS_DBT_Snowflake\aws_dbt_snowflake_project\target\osi_document.json
[0m11:50:51.310397 [debug] [MainThread]: Sending event: {'category': 'dbt', 'action': 'resource_counts', 'label': '8825ded0-db60-4bb8-8ca8-c7ec4f98590b', 'context': [<snowplow_tracker.self_describing_json.SelfDescribingJson object at 0x000001751895E390>]}
[0m11:50:51.310397 [info ] [MainThread]: Found 4 models, 2 analyses, 3 sources, 547 macros
[0m11:50:51.310397 [debug] [MainThread]: Sending event: {'category': 'dbt', 'action': 'runnable_timing', 'label': '8825ded0-db60-4bb8-8ca8-c7ec4f98590b', 'context': [<snowplow_tracker.self_describing_json.SelfDescribingJson object at 0x0000017512F156A0>]}
[0m11:50:51.315404 [info ] [MainThread]: 
[0m11:50:51.315404 [info ] [MainThread]: Concurrency: 1 threads (target='dev')
[0m11:50:51.320397 [info ] [MainThread]: 
[0m11:50:51.320397 [debug] [MainThread]: Acquiring new snowflake connection 'master'
[0m11:50:51.335401 [debug] [ThreadPool]: Acquiring new snowflake connection 'list_AIRBNB_silver'
[0m11:50:51.390411 [debug] [ThreadPool]: Using snowflake connection "list_AIRBNB_silver"
[0m11:50:51.395426 [debug] [ThreadPool]: On list_AIRBNB_silver: show objects in AIRBNB.silver
    limit 10000
    

/* {"app": "dbt", "dbt_version": "1.12.4", "profile_name": "aws_dbt_snowflake_project", "target_name": "dev", "connection_name": "list_AIRBNB_silver"} */;
[0m11:50:51.395426 [debug] [ThreadPool]: Opening a new connection, currently in state init
[0m11:50:53.593604 [debug] [ThreadPool]: Snowflake adapter: Snowflake query id: 01c70f3c-000d-fb5d-0002-18660007e202
[0m11:50:53.593604 [debug] [ThreadPool]: Snowflake adapter: Snowflake error: 002043 (02000): SQL compilation error:
Object does not exist, or operation cannot be performed.
[0m11:50:53.598621 [debug] [ThreadPool]: Snowflake adapter: Error running SQL: macro list_relations_without_caching
[0m11:50:53.598621 [debug] [ThreadPool]: Snowflake adapter: Rolling back transaction.
[0m11:50:53.598621 [debug] [ThreadPool]: Re-using an available connection from the pool (formerly list_AIRBNB_silver, now list_AIRBNB_bronze)
[0m11:50:53.603604 [debug] [ThreadPool]: Using snowflake connection "list_AIRBNB_bronze"
[0m11:50:53.608607 [debug] [ThreadPool]: On list_AIRBNB_bronze: show objects in AIRBNB.bronze
    limit 10000
    

/* {"app": "dbt", "dbt_version": "1.12.4", "profile_name": "aws_dbt_snowflake_project", "target_name": "dev", "connection_name": "list_AIRBNB_bronze"} */;
[0m11:50:53.972016 [debug] [ThreadPool]: SQL status: SUCCESS 3 in 0.364 seconds
[0m11:50:53.982042 [debug] [ThreadPool]: Using snowflake connection "list_AIRBNB_bronze"
[0m11:50:53.987043 [debug] [ThreadPool]: On list_AIRBNB_bronze: show user functions in AIRBNB.bronze
/* {"app": "dbt", "dbt_version": "1.12.4", "profile_name": "aws_dbt_snowflake_project", "target_name": "dev", "connection_name": "list_AIRBNB_bronze"} */
[0m11:50:54.162200 [debug] [ThreadPool]: SQL status: SUCCESS 0 in 0.175 seconds
[0m11:50:54.167250 [debug] [MainThread]: Sending event: {'category': 'dbt', 'action': 'runnable_timing', 'label': '8825ded0-db60-4bb8-8ca8-c7ec4f98590b', 'context': [<snowplow_tracker.self_describing_json.SelfDescribingJson object at 0x0000017518685A00>]}
[0m11:50:54.216988 [debug] [Thread-2 (]: Began running node model.aws_dbt_snowflake_project.bronze_bookings
[0m11:50:54.221993 [debug] [Thread-2 (]: Acquiring new snowflake connection 'model.aws_dbt_snowflake_project.bronze_bookings'
[0m11:50:54.221993 [debug] [Thread-2 (]: Began compiling node model.aws_dbt_snowflake_project.bronze_bookings
[0m11:50:54.261993 [debug] [Thread-2 (]: Writing injected SQL for node "model.aws_dbt_snowflake_project.bronze_bookings"
[0m11:50:54.266993 [debug] [Thread-2 (]: Began executing node model.aws_dbt_snowflake_project.bronze_bookings
[0m11:50:54.271992 [debug] [Thread-2 (]: Finished running node model.aws_dbt_snowflake_project.bronze_bookings
[0m11:50:54.271992 [debug] [Thread-2 (]: Began running node model.aws_dbt_snowflake_project.bronze_hosts
[0m11:50:54.271992 [debug] [Thread-2 (]: Re-using an available connection from the pool (formerly model.aws_dbt_snowflake_project.bronze_bookings, now model.aws_dbt_snowflake_project.bronze_hosts)
[0m11:50:54.271992 [debug] [Thread-2 (]: Began compiling node model.aws_dbt_snowflake_project.bronze_hosts
[0m11:50:54.282012 [debug] [Thread-2 (]: Writing injected SQL for node "model.aws_dbt_snowflake_project.bronze_hosts"
[0m11:50:54.282012 [debug] [Thread-2 (]: Began executing node model.aws_dbt_snowflake_project.bronze_hosts
[0m11:50:54.286997 [debug] [Thread-2 (]: Finished running node model.aws_dbt_snowflake_project.bronze_hosts
[0m11:50:54.286997 [debug] [Thread-2 (]: Began running node model.aws_dbt_snowflake_project.bronze_listings
[0m11:50:54.286997 [debug] [Thread-2 (]: Re-using an available connection from the pool (formerly model.aws_dbt_snowflake_project.bronze_hosts, now model.aws_dbt_snowflake_project.bronze_listings)
[0m11:50:54.286997 [debug] [Thread-2 (]: Began compiling node model.aws_dbt_snowflake_project.bronze_listings
[0m11:50:54.296989 [debug] [Thread-2 (]: Writing injected SQL for node "model.aws_dbt_snowflake_project.bronze_listings"
[0m11:50:54.296989 [debug] [Thread-2 (]: Began executing node model.aws_dbt_snowflake_project.bronze_listings
[0m11:50:54.301995 [debug] [Thread-2 (]: Finished running node model.aws_dbt_snowflake_project.bronze_listings
[0m11:50:54.301995 [debug] [Thread-2 (]: Began running node analysis.aws_dbt_snowflake_project.explore
[0m11:50:54.301995 [debug] [Thread-2 (]: Re-using an available connection from the pool (formerly model.aws_dbt_snowflake_project.bronze_listings, now analysis.aws_dbt_snowflake_project.explore)
[0m11:50:54.307003 [debug] [Thread-2 (]: Began compiling node analysis.aws_dbt_snowflake_project.explore
[0m11:50:54.307003 [debug] [Thread-2 (]: Writing injected SQL for node "analysis.aws_dbt_snowflake_project.explore"
[0m11:50:54.312023 [debug] [Thread-2 (]: Began executing node analysis.aws_dbt_snowflake_project.explore
[0m11:50:54.312023 [debug] [Thread-2 (]: Finished running node analysis.aws_dbt_snowflake_project.explore
[0m11:50:54.312023 [debug] [Thread-2 (]: Began running node analysis.aws_dbt_snowflake_project.playing
[0m11:50:54.316993 [debug] [Thread-2 (]: Re-using an available connection from the pool (formerly analysis.aws_dbt_snowflake_project.explore, now analysis.aws_dbt_snowflake_project.playing)
[0m11:50:54.316993 [debug] [Thread-2 (]: Began compiling node analysis.aws_dbt_snowflake_project.playing
[0m11:50:54.321996 [debug] [Thread-2 (]: Writing injected SQL for node "analysis.aws_dbt_snowflake_project.playing"
[0m11:50:54.326986 [debug] [Thread-2 (]: Began executing node analysis.aws_dbt_snowflake_project.playing
[0m11:50:54.326986 [debug] [Thread-2 (]: Finished running node analysis.aws_dbt_snowflake_project.playing
[0m11:50:54.326986 [debug] [Thread-2 (]: Began running node model.aws_dbt_snowflake_project.silver_bookings
[0m11:50:54.326986 [debug] [Thread-2 (]: Re-using an available connection from the pool (formerly analysis.aws_dbt_snowflake_project.playing, now model.aws_dbt_snowflake_project.silver_bookings)
[0m11:50:54.331989 [debug] [Thread-2 (]: Began compiling node model.aws_dbt_snowflake_project.silver_bookings
[0m11:50:54.336986 [debug] [Thread-2 (]: Writing injected SQL for node "model.aws_dbt_snowflake_project.silver_bookings"
[0m11:50:54.341995 [debug] [Thread-2 (]: Began executing node model.aws_dbt_snowflake_project.silver_bookings
[0m11:50:54.341995 [debug] [Thread-2 (]: Finished running node model.aws_dbt_snowflake_project.silver_bookings
[0m11:50:54.341995 [debug] [MainThread]: Connection 'master' was properly closed.
[0m11:50:54.347005 [debug] [MainThread]: Connection 'list_AIRBNB_bronze' was left open.
[0m11:50:54.347005 [debug] [MainThread]: On list_AIRBNB_bronze: Close
[0m11:50:54.740459 [debug] [MainThread]: Connection 'model.aws_dbt_snowflake_project.silver_bookings' was properly closed.
[0m11:50:54.745490 [debug] [MainThread]: Command end result
[0m11:50:54.835102 [debug] [MainThread]: Wrote artifact WritableManifest to C:\Users\Zaheer Alam\Desktop\all files\AWS_DBT_Snowflake\aws_dbt_snowflake_project\target\manifest.json
[0m11:50:54.840096 [debug] [MainThread]: Wrote artifact SemanticManifest to C:\Users\Zaheer Alam\Desktop\all files\AWS_DBT_Snowflake\aws_dbt_snowflake_project\target\semantic_manifest.json
[0m11:50:54.851554 [debug] [MainThread]: Wrote artifact OsiDocument to C:\Users\Zaheer Alam\Desktop\all files\AWS_DBT_Snowflake\aws_dbt_snowflake_project\target\osi_document.json
[0m11:50:54.866583 [debug] [MainThread]: Wrote artifact RunExecutionResult to C:\Users\Zaheer Alam\Desktop\all files\AWS_DBT_Snowflake\aws_dbt_snowflake_project\target\run_results.json
[0m11:50:54.871567 [debug] [MainThread]: Command `dbt compile` succeeded at 11:50:54.871567 after 6.94 seconds
[0m11:50:54.871567 [debug] [MainThread]: Sending event: {'category': 'dbt', 'action': 'invocation', 'label': 'end', 'context': [<snowplow_tracker.self_describing_json.SelfDescribingJson object at 0x0000017516D70E60>, <snowplow_tracker.self_describing_json.SelfDescribingJson object at 0x000001751500C380>, <snowplow_tracker.self_describing_json.SelfDescribingJson object at 0x000001751297F6E0>]}
[0m11:50:54.871567 [debug] [MainThread]: Flushing usage events
[0m11:50:57.102248 [debug] [MainThread]: An error was encountered while trying to flush usage events
[0m11:53:05.683627 [debug] [MainThread]: Sending event: {'category': 'dbt', 'action': 'invocation', 'label': 'start', 'context': [<snowplow_tracker.self_describing_json.SelfDescribingJson object at 0x0000024303EE5520>, <snowplow_tracker.self_describing_json.SelfDescribingJson object at 0x000002430455D730>, <snowplow_tracker.self_describing_json.SelfDescribingJson object at 0x00000243026EF680>]}


============================== 11:53:05.693621 | 58aba0c2-b379-4376-b931-3bd07292c2e7 ==============================
[0m11:53:05.693621 [info ] [MainThread]: Running with dbt=1.12.4
[0m11:53:05.693621 [debug] [MainThread]: running dbt with arguments {'version_check': 'True', 'no_print': 'None', 'maximum_seed_size_mib': '1', 'target_path': 'None', 'warn_error_options': 'WarnErrorOptionsV2(error=[], warn=[], silence=[])', 'static_parser': 'True', 'printer_width': '80', 'write_json': 'True', 'introspect': 'True', 'log_cache_events': 'False', 'empty': 'False', 'cache_selected_only': 'False', 'log_format': 'default', 'debug': 'False', 'fail_fast': 'False', 'profiles_dir': 'C:\\Users\\Zaheer Alam\\.dbt', 'send_anonymous_usage_stats': 'True', 'quiet': 'False', 'warn_error': 'None', 'partial_parse': 'True', 'invocation_command': 'dbt run', 'hints_enabled': 'True', 'use_colors': 'True', 'use_experimental_parser': 'False', 'indirect_selection': 'eager', 'log_path': 'C:\\Users\\Zaheer Alam\\Desktop\\all files\\AWS_DBT_Snowflake\\aws_dbt_snowflake_project\\logs'}
[0m11:53:06.768162 [debug] [MainThread]: Snowflake adapter: Setting snowflake.connector to ERROR (file logging only)
[0m11:53:06.768162 [debug] [MainThread]: Snowflake adapter: Setting botocore to ERROR (file logging only)
[0m11:53:06.768162 [debug] [MainThread]: Snowflake adapter: Setting boto3 to ERROR (file logging only)
[0m11:53:07.420069 [debug] [MainThread]: Sending event: {'category': 'dbt', 'action': 'project_id', 'label': '58aba0c2-b379-4376-b931-3bd07292c2e7', 'context': [<snowplow_tracker.self_describing_json.SelfDescribingJson object at 0x0000024306FD5760>]}
[0m11:53:07.556550 [debug] [MainThread]: Sending event: {'category': 'dbt', 'action': 'adapter_info', 'label': '58aba0c2-b379-4376-b931-3bd07292c2e7', 'context': [<snowplow_tracker.self_describing_json.SelfDescribingJson object at 0x0000024302067EF0>]}
[0m11:53:07.556550 [info ] [MainThread]: Registered adapter: snowflake=1.12.0
[0m11:53:08.304727 [debug] [MainThread]: checksum: 5898aabf08c9bfee8ee956a138979f76ca666292702eae8cc33b5009f8451796, vars: {}, profile: aws_dbt_snowflake_project, target: dev, version: 1.12.4
[0m11:53:08.720586 [debug] [MainThread]: Partial parsing enabled: 0 files deleted, 0 files added, 0 files changed.
[0m11:53:08.720586 [debug] [MainThread]: Nothing changed, skipping partial parsing.
[0m11:53:08.720586 [debug] [MainThread]: Partial parsing enabled, no changes found, skipping parsing
[0m11:53:08.735590 [warn ] [MainThread]: [[33mWARNING[0m]: Configuration paths exist in your dbt_project.yml file which do not apply to any resources.
There are 1 unused configuration paths:
- models.aws_dbt_snowflake_project.gold
[0m11:53:08.745617 [debug] [MainThread]: Sending event: {'category': 'dbt', 'action': 'load_project', 'label': '58aba0c2-b379-4376-b931-3bd07292c2e7', 'context': [<snowplow_tracker.self_describing_json.SelfDescribingJson object at 0x0000024307961A00>]}
[0m11:53:09.051351 [debug] [MainThread]: Wrote artifact WritableManifest to C:\Users\Zaheer Alam\Desktop\all files\AWS_DBT_Snowflake\aws_dbt_snowflake_project\target\manifest.json
[0m11:53:09.095712 [debug] [MainThread]: Wrote artifact SemanticManifest to C:\Users\Zaheer Alam\Desktop\all files\AWS_DBT_Snowflake\aws_dbt_snowflake_project\target\semantic_manifest.json
[0m11:53:09.185275 [debug] [MainThread]: Wrote artifact OsiDocument to C:\Users\Zaheer Alam\Desktop\all files\AWS_DBT_Snowflake\aws_dbt_snowflake_project\target\osi_document.json
[0m11:53:09.213273 [debug] [MainThread]: Sending event: {'category': 'dbt', 'action': 'resource_counts', 'label': '58aba0c2-b379-4376-b931-3bd07292c2e7', 'context': [<snowplow_tracker.self_describing_json.SelfDescribingJson object at 0x00000243081CF950>]}
[0m11:53:09.213273 [info ] [MainThread]: Found 4 models, 2 analyses, 3 sources, 547 macros
[0m11:53:09.218263 [debug] [MainThread]: Sending event: {'category': 'dbt', 'action': 'runnable_timing', 'label': '58aba0c2-b379-4376-b931-3bd07292c2e7', 'context': [<snowplow_tracker.self_describing_json.SelfDescribingJson object at 0x00000243081099A0>]}
[0m11:53:09.218263 [info ] [MainThread]: 
[0m11:53:09.223285 [info ] [MainThread]: Concurrency: 1 threads (target='dev')
[0m11:53:09.223285 [info ] [MainThread]: 
[0m11:53:09.223285 [debug] [MainThread]: Acquiring new snowflake connection 'master'
[0m11:53:09.243270 [debug] [ThreadPool]: Acquiring new snowflake connection 'list_AIRBNB'
[0m11:53:09.278281 [debug] [ThreadPool]: Using snowflake connection "list_AIRBNB"
[0m11:53:09.278281 [debug] [ThreadPool]: On list_AIRBNB: show terse schemas in database AIRBNB
    limit 10000
/* {"app": "dbt", "dbt_version": "1.12.4", "profile_name": "aws_dbt_snowflake_project", "target_name": "dev", "connection_name": "list_AIRBNB"} */
[0m11:53:09.278281 [debug] [ThreadPool]: Opening a new connection, currently in state init
[0m11:53:22.771302 [debug] [ThreadPool]: SQL status: SUCCESS 5 in 13.493 seconds
[0m11:53:22.781354 [debug] [ThreadPool]: Using snowflake connection "list_AIRBNB"
[0m11:53:22.781354 [debug] [ThreadPool]: On list_AIRBNB: show terse schemas in database AIRBNB
    limit 10000
/* {"app": "dbt", "dbt_version": "1.12.4", "profile_name": "aws_dbt_snowflake_project", "target_name": "dev", "connection_name": "list_AIRBNB"} */
[0m11:53:23.017143 [debug] [ThreadPool]: SQL status: SUCCESS 5 in 0.234 seconds
[0m11:53:23.022139 [debug] [ThreadPool]: Re-using an available connection from the pool (formerly list_AIRBNB, now create_AIRBNB_silver)
[0m11:53:23.022139 [debug] [ThreadPool]: Creating schema "database: "AIRBNB"
schema: "silver"
"
[0m11:53:23.032158 [debug] [ThreadPool]: Using snowflake connection "create_AIRBNB_silver"
[0m11:53:23.032158 [debug] [ThreadPool]: On create_AIRBNB_silver: create schema if not exists AIRBNB.silver
/* {"app": "dbt", "dbt_version": "1.12.4", "profile_name": "aws_dbt_snowflake_project", "target_name": "dev", "connection_name": "create_AIRBNB_silver"} */
[0m11:53:23.220429 [debug] [ThreadPool]: SQL status: SUCCESS 1 in 0.186 seconds
[0m11:53:23.225496 [debug] [ThreadPool]: Acquiring new snowflake connection 'list_AIRBNB_bronze'
[0m11:53:23.250507 [debug] [ThreadPool]: Using snowflake connection "list_AIRBNB_bronze"
[0m11:53:23.250507 [debug] [ThreadPool]: On list_AIRBNB_bronze: show objects in AIRBNB.bronze
    limit 10000
    

/* {"app": "dbt", "dbt_version": "1.12.4", "profile_name": "aws_dbt_snowflake_project", "target_name": "dev", "connection_name": "list_AIRBNB_bronze"} */;
[0m11:53:23.250507 [debug] [ThreadPool]: Opening a new connection, currently in state init
[0m11:53:24.445659 [debug] [ThreadPool]: SQL status: SUCCESS 3 in 1.194 seconds
[0m11:53:24.459861 [debug] [ThreadPool]: Using snowflake connection "list_AIRBNB_bronze"
[0m11:53:24.459861 [debug] [ThreadPool]: On list_AIRBNB_bronze: show user functions in AIRBNB.bronze
/* {"app": "dbt", "dbt_version": "1.12.4", "profile_name": "aws_dbt_snowflake_project", "target_name": "dev", "connection_name": "list_AIRBNB_bronze"} */
[0m11:53:24.623093 [debug] [ThreadPool]: SQL status: SUCCESS 0 in 0.162 seconds
[0m11:53:24.623093 [debug] [ThreadPool]: Re-using an available connection from the pool (formerly list_AIRBNB_bronze, now list_AIRBNB_silver)
[0m11:53:24.633107 [debug] [ThreadPool]: Using snowflake connection "list_AIRBNB_silver"
[0m11:53:24.633107 [debug] [ThreadPool]: On list_AIRBNB_silver: show objects in AIRBNB.silver
    limit 10000
    

/* {"app": "dbt", "dbt_version": "1.12.4", "profile_name": "aws_dbt_snowflake_project", "target_name": "dev", "connection_name": "list_AIRBNB_silver"} */;
[0m11:53:24.816189 [debug] [ThreadPool]: SQL status: SUCCESS 0 in 0.183 seconds
[0m11:53:24.821221 [debug] [ThreadPool]: Using snowflake connection "list_AIRBNB_silver"
[0m11:53:24.821221 [debug] [ThreadPool]: On list_AIRBNB_silver: show user functions in AIRBNB.silver
/* {"app": "dbt", "dbt_version": "1.12.4", "profile_name": "aws_dbt_snowflake_project", "target_name": "dev", "connection_name": "list_AIRBNB_silver"} */
[0m11:53:24.979732 [debug] [ThreadPool]: SQL status: SUCCESS 0 in 0.157 seconds
[0m11:53:24.984764 [debug] [MainThread]: Sending event: {'category': 'dbt', 'action': 'runnable_timing', 'label': '58aba0c2-b379-4376-b931-3bd07292c2e7', 'context': [<snowplow_tracker.self_describing_json.SelfDescribingJson object at 0x0000024307CD1DF0>]}
[0m11:53:25.032978 [debug] [Thread-2 (]: Began running node model.aws_dbt_snowflake_project.bronze_bookings
[0m11:53:25.032978 [info ] [Thread-2 (]: 1 of 4 START sql incremental model bronze.bronze_bookings ...................... [RUN]
[0m11:53:25.032978 [debug] [Thread-2 (]: Acquiring new snowflake connection 'model.aws_dbt_snowflake_project.bronze_bookings'
[0m11:53:25.037998 [debug] [Thread-2 (]: Began compiling node model.aws_dbt_snowflake_project.bronze_bookings
[0m11:53:25.067989 [debug] [Thread-2 (]: Writing injected SQL for node "model.aws_dbt_snowflake_project.bronze_bookings"
[0m11:53:25.072986 [debug] [Thread-2 (]: Began executing node model.aws_dbt_snowflake_project.bronze_bookings
[0m11:53:25.213203 [debug] [Thread-2 (]: Using snowflake connection "model.aws_dbt_snowflake_project.bronze_bookings"
[0m11:53:25.213203 [debug] [Thread-2 (]: On model.aws_dbt_snowflake_project.bronze_bookings: create or replace  temporary view AIRBNB.bronze.bronze_bookings__dbt_tmp
  
  
  
  
  as (
    



SELECT *
FROM AIRBNB.staging.bookings



WHERE CREATED_AT > (
    SELECT COALESCE(
        MAX(CREATED_AT),
        '1900-01-01'::date
    )
    FROM AIRBNB.bronze.bronze_bookings
)


  )
/* {"app": "dbt", "dbt_version": "1.12.4", "profile_name": "aws_dbt_snowflake_project", "target_name": "dev", "node_id": "model.aws_dbt_snowflake_project.bronze_bookings"} */;
[0m11:53:25.213203 [debug] [Thread-2 (]: Opening a new connection, currently in state init
[0m11:53:37.605545 [debug] [Thread-2 (]: SQL status: SUCCESS 1 in 12.389 seconds
[0m11:53:37.620547 [debug] [Thread-2 (]: Using snowflake connection "model.aws_dbt_snowflake_project.bronze_bookings"
[0m11:53:37.620547 [debug] [Thread-2 (]: On model.aws_dbt_snowflake_project.bronze_bookings: describe table AIRBNB.bronze.bronze_bookings__dbt_tmp
/* {"app": "dbt", "dbt_version": "1.12.4", "profile_name": "aws_dbt_snowflake_project", "target_name": "dev", "node_id": "model.aws_dbt_snowflake_project.bronze_bookings"} */
[0m11:53:37.806826 [debug] [Thread-2 (]: SQL status: SUCCESS 9 in 0.185 seconds
[0m11:53:37.811820 [debug] [Thread-2 (]: Using snowflake connection "model.aws_dbt_snowflake_project.bronze_bookings"
[0m11:53:37.811820 [debug] [Thread-2 (]: On model.aws_dbt_snowflake_project.bronze_bookings: describe table AIRBNB.bronze.bronze_bookings
/* {"app": "dbt", "dbt_version": "1.12.4", "profile_name": "aws_dbt_snowflake_project", "target_name": "dev", "node_id": "model.aws_dbt_snowflake_project.bronze_bookings"} */
[0m11:53:37.982510 [debug] [Thread-2 (]: SQL status: SUCCESS 9 in 0.170 seconds
[0m11:53:38.002576 [debug] [Thread-2 (]: Using snowflake connection "model.aws_dbt_snowflake_project.bronze_bookings"
[0m11:53:38.002576 [debug] [Thread-2 (]: On model.aws_dbt_snowflake_project.bronze_bookings: describe table "AIRBNB"."BRONZE"."BRONZE_BOOKINGS"
/* {"app": "dbt", "dbt_version": "1.12.4", "profile_name": "aws_dbt_snowflake_project", "target_name": "dev", "node_id": "model.aws_dbt_snowflake_project.bronze_bookings"} */
[0m11:53:38.185103 [debug] [Thread-2 (]: SQL status: SUCCESS 9 in 0.178 seconds
[0m11:53:38.230104 [debug] [Thread-2 (]: Writing runtime sql for node "model.aws_dbt_snowflake_project.bronze_bookings"
[0m11:53:38.275096 [debug] [Thread-2 (]: Using snowflake connection "model.aws_dbt_snowflake_project.bronze_bookings"
[0m11:53:38.275096 [debug] [Thread-2 (]: On model.aws_dbt_snowflake_project.bronze_bookings: -- back compat for old kwarg name
  
  begin
/* {"app": "dbt", "dbt_version": "1.12.4", "profile_name": "aws_dbt_snowflake_project", "target_name": "dev", "node_id": "model.aws_dbt_snowflake_project.bronze_bookings"} */;
[0m11:53:38.445115 [debug] [Thread-2 (]: SQL status: SUCCESS 1 in 0.169 seconds
[0m11:53:38.445115 [debug] [Thread-2 (]: Using snowflake connection "model.aws_dbt_snowflake_project.bronze_bookings"
[0m11:53:38.445115 [debug] [Thread-2 (]: On model.aws_dbt_snowflake_project.bronze_bookings: insert into AIRBNB.bronze.bronze_bookings ("BOOKING_ID", "LISTING_ID", "BOOKING_DATE", "NIGHTS_BOOKED", "BOOKING_AMOUNT", "CLEANING_FEE", "SERVICE_FEE", "BOOKING_STATUS", "CREATED_AT")
        (
            select "BOOKING_ID", "LISTING_ID", "BOOKING_DATE", "NIGHTS_BOOKED", "BOOKING_AMOUNT", "CLEANING_FEE", "SERVICE_FEE", "BOOKING_STATUS", "CREATED_AT"
            from AIRBNB.bronze.bronze_bookings__dbt_tmp
        )
/* {"app": "dbt", "dbt_version": "1.12.4", "profile_name": "aws_dbt_snowflake_project", "target_name": "dev", "node_id": "model.aws_dbt_snowflake_project.bronze_bookings"} */;
[0m11:53:39.702847 [debug] [Thread-2 (]: SQL status: SUCCESS 0 in 1.255 seconds
[0m11:53:39.702847 [debug] [Thread-2 (]: Using snowflake connection "model.aws_dbt_snowflake_project.bronze_bookings"
[0m11:53:39.707524 [debug] [Thread-2 (]: On model.aws_dbt_snowflake_project.bronze_bookings: COMMIT
/* {"app": "dbt", "dbt_version": "1.12.4", "profile_name": "aws_dbt_snowflake_project", "target_name": "dev", "node_id": "model.aws_dbt_snowflake_project.bronze_bookings"} */
[0m11:53:39.902176 [debug] [Thread-2 (]: SQL status: SUCCESS 1 in 0.194 seconds
[0m11:53:39.917189 [debug] [Thread-2 (]: Applying DROP to: AIRBNB.bronze.bronze_bookings__dbt_tmp
[0m11:53:39.932168 [debug] [Thread-2 (]: Using snowflake connection "model.aws_dbt_snowflake_project.bronze_bookings"
[0m11:53:39.937190 [debug] [Thread-2 (]: On model.aws_dbt_snowflake_project.bronze_bookings: drop view if exists AIRBNB.bronze.bronze_bookings__dbt_tmp cascade
/* {"app": "dbt", "dbt_version": "1.12.4", "profile_name": "aws_dbt_snowflake_project", "target_name": "dev", "node_id": "model.aws_dbt_snowflake_project.bronze_bookings"} */
[0m11:53:40.152674 [debug] [Thread-2 (]: SQL status: SUCCESS 1 in 0.217 seconds
[0m11:53:40.202725 [debug] [Thread-2 (]: Sending event: {'category': 'dbt', 'action': 'run_model', 'label': '58aba0c2-b379-4376-b931-3bd07292c2e7', 'context': [<snowplow_tracker.self_describing_json.SelfDescribingJson object at 0x000002430432E3C0>]}
[0m11:53:40.202725 [info ] [Thread-2 (]: 1 of 4 OK created sql incremental model bronze.bronze_bookings ................. [[32mSUCCESS 0[0m in 15.16s]
[0m11:53:40.207725 [debug] [Thread-2 (]: Finished running node model.aws_dbt_snowflake_project.bronze_bookings
[0m11:53:40.207725 [debug] [Thread-2 (]: Began running node model.aws_dbt_snowflake_project.bronze_hosts
[0m11:53:40.207725 [info ] [Thread-2 (]: 2 of 4 START sql incremental model bronze.bronze_hosts ......................... [RUN]
[0m11:53:40.207725 [debug] [Thread-2 (]: Re-using an available connection from the pool (formerly model.aws_dbt_snowflake_project.bronze_bookings, now model.aws_dbt_snowflake_project.bronze_hosts)
[0m11:53:40.207725 [debug] [Thread-2 (]: Began compiling node model.aws_dbt_snowflake_project.bronze_hosts
[0m11:53:40.217727 [debug] [Thread-2 (]: Writing injected SQL for node "model.aws_dbt_snowflake_project.bronze_hosts"
[0m11:53:40.217727 [debug] [Thread-2 (]: Began executing node model.aws_dbt_snowflake_project.bronze_hosts
[0m11:53:40.227749 [debug] [Thread-2 (]: Using snowflake connection "model.aws_dbt_snowflake_project.bronze_hosts"
[0m11:53:40.227749 [debug] [Thread-2 (]: On model.aws_dbt_snowflake_project.bronze_hosts: create or replace  temporary view AIRBNB.bronze.bronze_hosts__dbt_tmp
  
  
  
  
  as (
    



SELECT *
FROM AIRBNB.staging.hosts



WHERE CREATED_AT > (
    SELECT COALESCE(
        MAX(CREATED_AT),
        '1900-01-01'::date
    )
    FROM AIRBNB.bronze.bronze_hosts
)


  )
/* {"app": "dbt", "dbt_version": "1.12.4", "profile_name": "aws_dbt_snowflake_project", "target_name": "dev", "node_id": "model.aws_dbt_snowflake_project.bronze_hosts"} */;
[0m11:53:40.509498 [debug] [Thread-2 (]: SQL status: SUCCESS 1 in 0.280 seconds
[0m11:53:40.514507 [debug] [Thread-2 (]: Using snowflake connection "model.aws_dbt_snowflake_project.bronze_hosts"
[0m11:53:40.514507 [debug] [Thread-2 (]: On model.aws_dbt_snowflake_project.bronze_hosts: describe table AIRBNB.bronze.bronze_hosts__dbt_tmp
/* {"app": "dbt", "dbt_version": "1.12.4", "profile_name": "aws_dbt_snowflake_project", "target_name": "dev", "node_id": "model.aws_dbt_snowflake_project.bronze_hosts"} */
[0m11:53:40.731216 [debug] [Thread-2 (]: SQL status: SUCCESS 6 in 0.215 seconds
[0m11:53:40.736251 [debug] [Thread-2 (]: Using snowflake connection "model.aws_dbt_snowflake_project.bronze_hosts"
[0m11:53:40.741253 [debug] [Thread-2 (]: On model.aws_dbt_snowflake_project.bronze_hosts: describe table AIRBNB.bronze.bronze_hosts
/* {"app": "dbt", "dbt_version": "1.12.4", "profile_name": "aws_dbt_snowflake_project", "target_name": "dev", "node_id": "model.aws_dbt_snowflake_project.bronze_hosts"} */
[0m11:53:40.932547 [debug] [Thread-2 (]: SQL status: SUCCESS 6 in 0.192 seconds
[0m11:53:40.942587 [debug] [Thread-2 (]: Using snowflake connection "model.aws_dbt_snowflake_project.bronze_hosts"
[0m11:53:40.942587 [debug] [Thread-2 (]: On model.aws_dbt_snowflake_project.bronze_hosts: describe table "AIRBNB"."BRONZE"."BRONZE_HOSTS"
/* {"app": "dbt", "dbt_version": "1.12.4", "profile_name": "aws_dbt_snowflake_project", "target_name": "dev", "node_id": "model.aws_dbt_snowflake_project.bronze_hosts"} */
[0m11:53:41.097203 [debug] [Thread-2 (]: SQL status: SUCCESS 6 in 0.155 seconds
[0m11:53:41.107294 [debug] [Thread-2 (]: Writing runtime sql for node "model.aws_dbt_snowflake_project.bronze_hosts"
[0m11:53:41.127239 [debug] [Thread-2 (]: Using snowflake connection "model.aws_dbt_snowflake_project.bronze_hosts"
[0m11:53:41.127239 [debug] [Thread-2 (]: On model.aws_dbt_snowflake_project.bronze_hosts: -- back compat for old kwarg name
  
  begin
/* {"app": "dbt", "dbt_version": "1.12.4", "profile_name": "aws_dbt_snowflake_project", "target_name": "dev", "node_id": "model.aws_dbt_snowflake_project.bronze_hosts"} */;
[0m11:53:41.344281 [debug] [Thread-2 (]: SQL status: SUCCESS 1 in 0.216 seconds
[0m11:53:41.344281 [debug] [Thread-2 (]: Using snowflake connection "model.aws_dbt_snowflake_project.bronze_hosts"
[0m11:53:41.344281 [debug] [Thread-2 (]: On model.aws_dbt_snowflake_project.bronze_hosts: insert into AIRBNB.bronze.bronze_hosts ("HOST_ID", "HOST_NAME", "HOST_SINCE", "IS_SUPERHOST", "RESPONSE_RATE", "CREATED_AT")
        (
            select "HOST_ID", "HOST_NAME", "HOST_SINCE", "IS_SUPERHOST", "RESPONSE_RATE", "CREATED_AT"
            from AIRBNB.bronze.bronze_hosts__dbt_tmp
        )
/* {"app": "dbt", "dbt_version": "1.12.4", "profile_name": "aws_dbt_snowflake_project", "target_name": "dev", "node_id": "model.aws_dbt_snowflake_project.bronze_hosts"} */;
[0m11:53:41.856014 [debug] [Thread-2 (]: SQL status: SUCCESS 0 in 0.511 seconds
[0m11:53:41.856014 [debug] [Thread-2 (]: Using snowflake connection "model.aws_dbt_snowflake_project.bronze_hosts"
[0m11:53:41.856014 [debug] [Thread-2 (]: On model.aws_dbt_snowflake_project.bronze_hosts: COMMIT
/* {"app": "dbt", "dbt_version": "1.12.4", "profile_name": "aws_dbt_snowflake_project", "target_name": "dev", "node_id": "model.aws_dbt_snowflake_project.bronze_hosts"} */
[0m11:53:42.042030 [debug] [Thread-2 (]: SQL status: SUCCESS 1 in 0.183 seconds
[0m11:53:42.047099 [debug] [Thread-2 (]: Applying DROP to: AIRBNB.bronze.bronze_hosts__dbt_tmp
[0m11:53:42.047099 [debug] [Thread-2 (]: Using snowflake connection "model.aws_dbt_snowflake_project.bronze_hosts"
[0m11:53:42.052093 [debug] [Thread-2 (]: On model.aws_dbt_snowflake_project.bronze_hosts: drop view if exists AIRBNB.bronze.bronze_hosts__dbt_tmp cascade
/* {"app": "dbt", "dbt_version": "1.12.4", "profile_name": "aws_dbt_snowflake_project", "target_name": "dev", "node_id": "model.aws_dbt_snowflake_project.bronze_hosts"} */
[0m11:53:42.364366 [debug] [Thread-2 (]: SQL status: SUCCESS 1 in 0.314 seconds
[0m11:53:42.369418 [debug] [Thread-2 (]: Sending event: {'category': 'dbt', 'action': 'run_model', 'label': '58aba0c2-b379-4376-b931-3bd07292c2e7', 'context': [<snowplow_tracker.self_describing_json.SelfDescribingJson object at 0x00000243094F6960>]}
[0m11:53:42.374458 [info ] [Thread-2 (]: 2 of 4 OK created sql incremental model bronze.bronze_hosts .................... [[32mSUCCESS 0[0m in 2.16s]
[0m11:53:42.374458 [debug] [Thread-2 (]: Finished running node model.aws_dbt_snowflake_project.bronze_hosts
[0m11:53:42.374458 [debug] [Thread-2 (]: Began running node model.aws_dbt_snowflake_project.bronze_listings
[0m11:53:42.374458 [info ] [Thread-2 (]: 3 of 4 START sql incremental model bronze.bronze_listings ...................... [RUN]
[0m11:53:42.379408 [debug] [Thread-2 (]: Re-using an available connection from the pool (formerly model.aws_dbt_snowflake_project.bronze_hosts, now model.aws_dbt_snowflake_project.bronze_listings)
[0m11:53:42.379408 [debug] [Thread-2 (]: Began compiling node model.aws_dbt_snowflake_project.bronze_listings
[0m11:53:42.389436 [debug] [Thread-2 (]: Writing injected SQL for node "model.aws_dbt_snowflake_project.bronze_listings"
[0m11:53:42.389436 [debug] [Thread-2 (]: Began executing node model.aws_dbt_snowflake_project.bronze_listings
[0m11:53:42.404426 [debug] [Thread-2 (]: Using snowflake connection "model.aws_dbt_snowflake_project.bronze_listings"
[0m11:53:42.404426 [debug] [Thread-2 (]: On model.aws_dbt_snowflake_project.bronze_listings: create or replace  temporary view AIRBNB.bronze.bronze_listings__dbt_tmp
  
  
  
  
  as (
    



SELECT *
FROM AIRBNB.staging.listings



WHERE CREATED_AT > (
    SELECT COALESCE(
        MAX(CREATED_AT),
        '1900-01-01'::date
    )
    FROM AIRBNB.bronze.bronze_listings
)


  )
/* {"app": "dbt", "dbt_version": "1.12.4", "profile_name": "aws_dbt_snowflake_project", "target_name": "dev", "node_id": "model.aws_dbt_snowflake_project.bronze_listings"} */;
[0m11:53:42.774219 [debug] [Thread-2 (]: SQL status: SUCCESS 1 in 0.369 seconds
[0m11:53:42.779280 [debug] [Thread-2 (]: Using snowflake connection "model.aws_dbt_snowflake_project.bronze_listings"
[0m11:53:42.779280 [debug] [Thread-2 (]: On model.aws_dbt_snowflake_project.bronze_listings: describe table AIRBNB.bronze.bronze_listings__dbt_tmp
/* {"app": "dbt", "dbt_version": "1.12.4", "profile_name": "aws_dbt_snowflake_project", "target_name": "dev", "node_id": "model.aws_dbt_snowflake_project.bronze_listings"} */
[0m11:53:42.983184 [debug] [Thread-2 (]: SQL status: SUCCESS 11 in 0.205 seconds
[0m11:53:42.993224 [debug] [Thread-2 (]: Using snowflake connection "model.aws_dbt_snowflake_project.bronze_listings"
[0m11:53:42.993224 [debug] [Thread-2 (]: On model.aws_dbt_snowflake_project.bronze_listings: describe table AIRBNB.bronze.bronze_listings
/* {"app": "dbt", "dbt_version": "1.12.4", "profile_name": "aws_dbt_snowflake_project", "target_name": "dev", "node_id": "model.aws_dbt_snowflake_project.bronze_listings"} */
[0m11:53:43.190947 [debug] [Thread-2 (]: SQL status: SUCCESS 11 in 0.197 seconds
[0m11:53:43.195990 [debug] [Thread-2 (]: Using snowflake connection "model.aws_dbt_snowflake_project.bronze_listings"
[0m11:53:43.201005 [debug] [Thread-2 (]: On model.aws_dbt_snowflake_project.bronze_listings: describe table "AIRBNB"."BRONZE"."BRONZE_LISTINGS"
/* {"app": "dbt", "dbt_version": "1.12.4", "profile_name": "aws_dbt_snowflake_project", "target_name": "dev", "node_id": "model.aws_dbt_snowflake_project.bronze_listings"} */
[0m11:53:43.411716 [debug] [Thread-2 (]: SQL status: SUCCESS 11 in 0.212 seconds
[0m11:53:43.416772 [debug] [Thread-2 (]: Writing runtime sql for node "model.aws_dbt_snowflake_project.bronze_listings"
[0m11:53:43.421744 [debug] [Thread-2 (]: Using snowflake connection "model.aws_dbt_snowflake_project.bronze_listings"
[0m11:53:43.421744 [debug] [Thread-2 (]: On model.aws_dbt_snowflake_project.bronze_listings: -- back compat for old kwarg name
  
  begin
/* {"app": "dbt", "dbt_version": "1.12.4", "profile_name": "aws_dbt_snowflake_project", "target_name": "dev", "node_id": "model.aws_dbt_snowflake_project.bronze_listings"} */;
[0m11:53:43.599544 [debug] [Thread-2 (]: SQL status: SUCCESS 1 in 0.176 seconds
[0m11:53:43.599544 [debug] [Thread-2 (]: Using snowflake connection "model.aws_dbt_snowflake_project.bronze_listings"
[0m11:53:43.599544 [debug] [Thread-2 (]: On model.aws_dbt_snowflake_project.bronze_listings: insert into AIRBNB.bronze.bronze_listings ("LISTING_ID", "HOST_ID", "PROPERTY_TYPE", "ROOM_TYPE", "CITY", "COUNTRY", "ACCOMMODATES", "BEDROOMS", "BATHROOMS", "PRICE_PER_NIGHT", "CREATED_AT")
        (
            select "LISTING_ID", "HOST_ID", "PROPERTY_TYPE", "ROOM_TYPE", "CITY", "COUNTRY", "ACCOMMODATES", "BEDROOMS", "BATHROOMS", "PRICE_PER_NIGHT", "CREATED_AT"
            from AIRBNB.bronze.bronze_listings__dbt_tmp
        )
/* {"app": "dbt", "dbt_version": "1.12.4", "profile_name": "aws_dbt_snowflake_project", "target_name": "dev", "node_id": "model.aws_dbt_snowflake_project.bronze_listings"} */;
[0m11:53:44.112871 [debug] [Thread-2 (]: SQL status: SUCCESS 0 in 0.511 seconds
[0m11:53:44.112871 [debug] [Thread-2 (]: Using snowflake connection "model.aws_dbt_snowflake_project.bronze_listings"
[0m11:53:44.112871 [debug] [Thread-2 (]: On model.aws_dbt_snowflake_project.bronze_listings: COMMIT
/* {"app": "dbt", "dbt_version": "1.12.4", "profile_name": "aws_dbt_snowflake_project", "target_name": "dev", "node_id": "model.aws_dbt_snowflake_project.bronze_listings"} */
[0m11:53:44.319753 [debug] [Thread-2 (]: SQL status: SUCCESS 1 in 0.202 seconds
[0m11:53:44.324954 [debug] [Thread-2 (]: Applying DROP to: AIRBNB.bronze.bronze_listings__dbt_tmp
[0m11:53:44.327361 [debug] [Thread-2 (]: Using snowflake connection "model.aws_dbt_snowflake_project.bronze_listings"
[0m11:53:44.327953 [debug] [Thread-2 (]: On model.aws_dbt_snowflake_project.bronze_listings: drop view if exists AIRBNB.bronze.bronze_listings__dbt_tmp cascade
/* {"app": "dbt", "dbt_version": "1.12.4", "profile_name": "aws_dbt_snowflake_project", "target_name": "dev", "node_id": "model.aws_dbt_snowflake_project.bronze_listings"} */
[0m11:53:44.517755 [debug] [Thread-2 (]: SQL status: SUCCESS 1 in 0.189 seconds
[0m11:53:44.517755 [debug] [Thread-2 (]: Sending event: {'category': 'dbt', 'action': 'run_model', 'label': '58aba0c2-b379-4376-b931-3bd07292c2e7', 'context': [<snowplow_tracker.self_describing_json.SelfDescribingJson object at 0x0000024307EFEC00>]}
[0m11:53:44.522812 [info ] [Thread-2 (]: 3 of 4 OK created sql incremental model bronze.bronze_listings ................. [[32mSUCCESS 0[0m in 2.14s]
[0m11:53:44.522812 [debug] [Thread-2 (]: Finished running node model.aws_dbt_snowflake_project.bronze_listings
[0m11:53:44.522812 [debug] [Thread-2 (]: Began running node model.aws_dbt_snowflake_project.silver_bookings
[0m11:53:44.527801 [info ] [Thread-2 (]: 4 of 4 START sql table model silver.silver_bookings ............................ [RUN]
[0m11:53:44.527801 [debug] [Thread-2 (]: Re-using an available connection from the pool (formerly model.aws_dbt_snowflake_project.bronze_listings, now model.aws_dbt_snowflake_project.silver_bookings)
[0m11:53:44.527801 [debug] [Thread-2 (]: Began compiling node model.aws_dbt_snowflake_project.silver_bookings
[0m11:53:44.537787 [debug] [Thread-2 (]: Writing injected SQL for node "model.aws_dbt_snowflake_project.silver_bookings"
[0m11:53:44.537787 [debug] [Thread-2 (]: Began executing node model.aws_dbt_snowflake_project.silver_bookings
[0m11:53:44.611380 [debug] [Thread-2 (]: Writing runtime sql for node "model.aws_dbt_snowflake_project.silver_bookings"
[0m11:53:44.616386 [debug] [Thread-2 (]: Using snowflake connection "model.aws_dbt_snowflake_project.silver_bookings"
[0m11:53:44.621386 [debug] [Thread-2 (]: On model.aws_dbt_snowflake_project.silver_bookings: create or replace transient table AIRBNB.silver.silver_bookings
    
    
    
    
    

    as (

SELECT 
    BOOKING_ID,
    LISTING_ID,
    BOOKING_DATE,
    
    round(NIGHTS_BOOKED * BOOKING_AMOUNT, precision)
 + CLEANING_FEE + SERVICE_FEE AS TOTAL_AMOUNT,
    BOOKING_STATUS,
    CRETED_AT
FROM 
    AIRBNB.bronze.bronze_bookings
    )

/* {"app": "dbt", "dbt_version": "1.12.4", "profile_name": "aws_dbt_snowflake_project", "target_name": "dev", "node_id": "model.aws_dbt_snowflake_project.silver_bookings"} */;
[0m11:53:45.485600 [debug] [Thread-2 (]: Snowflake adapter: Snowflake query id: 01c70f3f-000d-fb5d-0002-18660007e4d6
[0m11:53:45.485600 [debug] [Thread-2 (]: Snowflake adapter: Snowflake error: 000904 (42000): SQL compilation error: error line 15 at position 42
invalid identifier 'PRECISION'
[0m11:53:45.495631 [debug] [Thread-2 (]: Database Error in model silver_bookings (models\silver\silver_bookings.sql)
  000904 (42000): SQL compilation error: error line 15 at position 42
  invalid identifier 'PRECISION'
  compiled code at target\run\aws_dbt_snowflake_project\models\silver\silver_bookings.sql
[0m11:53:45.495631 [debug] [Thread-2 (]: Sending event: {'category': 'dbt', 'action': 'run_model', 'label': '58aba0c2-b379-4376-b931-3bd07292c2e7', 'context': [<snowplow_tracker.self_describing_json.SelfDescribingJson object at 0x00000243095EC7D0>]}
[0m11:53:45.495631 [error] [Thread-2 (]: 4 of 4 ERROR creating sql table model silver.silver_bookings ................... [[31mERROR[0m in 0.97s]
[0m11:53:45.500628 [debug] [Thread-2 (]: Finished running node model.aws_dbt_snowflake_project.silver_bookings
[0m11:53:45.500628 [debug] [Thread-5 (]: Marking all children of 'model.aws_dbt_snowflake_project.silver_bookings' to be skipped because of status 'error'.  Reason: Database Error in model silver_bookings (models\silver\silver_bookings.sql)
  000904 (42000): SQL compilation error: error line 15 at position 42
  invalid identifier 'PRECISION'
  compiled code at target\run\aws_dbt_snowflake_project\models\silver\silver_bookings.sql.
[0m11:53:45.505620 [debug] [MainThread]: Connection 'master' was properly closed.
[0m11:53:45.505620 [debug] [MainThread]: Connection 'create_AIRBNB_silver' was left open.
[0m11:53:45.505620 [debug] [MainThread]: On create_AIRBNB_silver: Close
[0m11:53:46.127399 [debug] [MainThread]: Connection 'list_AIRBNB_silver' was left open.
[0m11:53:46.127399 [debug] [MainThread]: On list_AIRBNB_silver: Close
[0m11:53:46.569376 [debug] [MainThread]: Connection 'model.aws_dbt_snowflake_project.silver_bookings' was left open.
[0m11:53:46.569376 [debug] [MainThread]: On model.aws_dbt_snowflake_project.silver_bookings: Close
[0m11:53:46.875574 [info ] [MainThread]: 
[0m11:53:46.880582 [info ] [MainThread]: Finished running 3 incremental models, 1 table model in 0 hours 0 minutes and 37.65 seconds (37.65s).
[0m11:53:46.885592 [debug] [MainThread]: Command end result
[0m11:53:46.989597 [debug] [MainThread]: Wrote artifact WritableManifest to C:\Users\Zaheer Alam\Desktop\all files\AWS_DBT_Snowflake\aws_dbt_snowflake_project\target\manifest.json
[0m11:53:46.994607 [debug] [MainThread]: Wrote artifact SemanticManifest to C:\Users\Zaheer Alam\Desktop\all files\AWS_DBT_Snowflake\aws_dbt_snowflake_project\target\semantic_manifest.json
[0m11:53:47.004586 [debug] [MainThread]: Wrote artifact OsiDocument to C:\Users\Zaheer Alam\Desktop\all files\AWS_DBT_Snowflake\aws_dbt_snowflake_project\target\osi_document.json
[0m11:53:47.024589 [debug] [MainThread]: Wrote artifact RunExecutionResult to C:\Users\Zaheer Alam\Desktop\all files\AWS_DBT_Snowflake\aws_dbt_snowflake_project\target\run_results.json
[0m11:53:47.024589 [info ] [MainThread]: 
[0m11:53:47.024589 [info ] [MainThread]: [31mCompleted with 1 error, 0 partial successes, and 0 warnings:[0m
[0m11:53:47.029594 [info ] [MainThread]: 
[0m11:53:47.029594 [error] [MainThread]: [[31mERROR[0m]: in model silver_bookings (models\silver\silver_bookings.sql)
[0m11:53:47.029594 [error] [MainThread]:   Database Error in model silver_bookings (models\silver\silver_bookings.sql)
  000904 (42000): SQL compilation error: error line 15 at position 42
  invalid identifier 'PRECISION'
  compiled code at target\run\aws_dbt_snowflake_project\models\silver\silver_bookings.sql
[0m11:53:47.034588 [info ] [MainThread]: 
[0m11:53:47.034588 [info ] [MainThread]:   compiled code at target\compiled\aws_dbt_snowflake_project\models\silver\silver_bookings.sql
[0m11:53:47.034588 [info ] [MainThread]: 
[0m11:53:47.039592 [info ] [MainThread]: Done. PASS=3 WARN=0 ERROR=1 SKIP=0 NO-OP=0 REUSED=0 TOTAL=4
[0m11:53:47.044589 [debug] [MainThread]: Command `dbt run` failed at 11:53:47.039592 after 41.76 seconds
[0m11:53:47.044589 [debug] [MainThread]: Sending event: {'category': 'dbt', 'action': 'invocation', 'label': 'end', 'context': [<snowplow_tracker.self_describing_json.SelfDescribingJson object at 0x0000024304433D70>, <snowplow_tracker.self_describing_json.SelfDescribingJson object at 0x0000024304A5D820>, <snowplow_tracker.self_describing_json.SelfDescribingJson object at 0x000002437F5FF380>]}
[0m11:53:47.044589 [debug] [MainThread]: Flushing usage events
[0m11:53:50.155174 [debug] [MainThread]: An error was encountered while trying to flush usage events
[0m11:54:52.782298 [debug] [MainThread]: Sending event: {'category': 'dbt', 'action': 'invocation', 'label': 'start', 'context': [<snowplow_tracker.self_describing_json.SelfDescribingJson object at 0x0000027EE756BD70>, <snowplow_tracker.self_describing_json.SelfDescribingJson object at 0x0000027EE73DE0F0>, <snowplow_tracker.self_describing_json.SelfDescribingJson object at 0x0000027EE73DC380>]}


============================== 11:54:52.792328 | c3ae85d7-285a-4f9f-bc7a-f745fe6be654 ==============================
[0m11:54:52.792328 [info ] [MainThread]: Running with dbt=1.12.4
[0m11:54:52.792328 [debug] [MainThread]: running dbt with arguments {'maximum_seed_size_mib': '1', 'no_print': 'None', 'version_check': 'True', 'warn_error_options': 'WarnErrorOptionsV2(error=[], warn=[], silence=[])', 'target_path': 'None', 'static_parser': 'True', 'printer_width': '80', 'write_json': 'True', 'introspect': 'True', 'log_cache_events': 'False', 'empty': 'False', 'cache_selected_only': 'False', 'fail_fast': 'False', 'debug': 'False', 'log_format': 'default', 'profiles_dir': 'C:\\Users\\Zaheer Alam\\.dbt', 'send_anonymous_usage_stats': 'True', 'quiet': 'False', 'warn_error': 'None', 'partial_parse': 'True', 'use_colors': 'True', 'hints_enabled': 'True', 'invocation_command': 'dbt compile', 'use_experimental_parser': 'False', 'indirect_selection': 'eager', 'log_path': 'C:\\Users\\Zaheer Alam\\Desktop\\all files\\AWS_DBT_Snowflake\\aws_dbt_snowflake_project\\logs'}
[0m11:54:53.803773 [debug] [MainThread]: Snowflake adapter: Setting snowflake.connector to ERROR (file logging only)
[0m11:54:53.803773 [debug] [MainThread]: Snowflake adapter: Setting botocore to ERROR (file logging only)
[0m11:54:53.808791 [debug] [MainThread]: Snowflake adapter: Setting boto3 to ERROR (file logging only)
[0m11:54:54.428741 [debug] [MainThread]: Sending event: {'category': 'dbt', 'action': 'project_id', 'label': 'c3ae85d7-285a-4f9f-bc7a-f745fe6be654', 'context': [<snowplow_tracker.self_describing_json.SelfDescribingJson object at 0x0000027EEAB6DC10>]}
[0m11:54:54.571573 [debug] [MainThread]: Sending event: {'category': 'dbt', 'action': 'adapter_info', 'label': 'c3ae85d7-285a-4f9f-bc7a-f745fe6be654', 'context': [<snowplow_tracker.self_describing_json.SelfDescribingJson object at 0x0000027EEA4F6F00>]}
[0m11:54:54.576574 [info ] [MainThread]: Registered adapter: snowflake=1.12.0
[0m11:54:55.335908 [debug] [MainThread]: checksum: 5898aabf08c9bfee8ee956a138979f76ca666292702eae8cc33b5009f8451796, vars: {}, profile: aws_dbt_snowflake_project, target: dev, version: 1.12.4
[0m11:54:55.798252 [debug] [MainThread]: Partial parsing enabled: 0 files deleted, 0 files added, 0 files changed.
[0m11:54:55.798252 [debug] [MainThread]: Nothing changed, skipping partial parsing.
[0m11:54:55.798252 [debug] [MainThread]: Partial parsing enabled, no changes found, skipping parsing
[0m11:54:55.807974 [warn ] [MainThread]: [[33mWARNING[0m]: Configuration paths exist in your dbt_project.yml file which do not apply to any resources.
There are 1 unused configuration paths:
- models.aws_dbt_snowflake_project.gold
[0m11:54:55.821064 [debug] [MainThread]: Sending event: {'category': 'dbt', 'action': 'load_project', 'label': 'c3ae85d7-285a-4f9f-bc7a-f745fe6be654', 'context': [<snowplow_tracker.self_describing_json.SelfDescribingJson object at 0x0000027EEA6F1D30>]}
[0m11:54:56.127798 [debug] [MainThread]: Wrote artifact WritableManifest to C:\Users\Zaheer Alam\Desktop\all files\AWS_DBT_Snowflake\aws_dbt_snowflake_project\target\manifest.json
[0m11:54:56.137804 [debug] [MainThread]: Wrote artifact SemanticManifest to C:\Users\Zaheer Alam\Desktop\all files\AWS_DBT_Snowflake\aws_dbt_snowflake_project\target\semantic_manifest.json
[0m11:54:56.208151 [debug] [MainThread]: Wrote artifact OsiDocument to C:\Users\Zaheer Alam\Desktop\all files\AWS_DBT_Snowflake\aws_dbt_snowflake_project\target\osi_document.json
[0m11:54:56.227083 [debug] [MainThread]: Sending event: {'category': 'dbt', 'action': 'resource_counts', 'label': 'c3ae85d7-285a-4f9f-bc7a-f745fe6be654', 'context': [<snowplow_tracker.self_describing_json.SelfDescribingJson object at 0x0000027EEAF6E3F0>]}
[0m11:54:56.232081 [info ] [MainThread]: Found 4 models, 2 analyses, 3 sources, 547 macros
[0m11:54:56.232081 [debug] [MainThread]: Sending event: {'category': 'dbt', 'action': 'runnable_timing', 'label': 'c3ae85d7-285a-4f9f-bc7a-f745fe6be654', 'context': [<snowplow_tracker.self_describing_json.SelfDescribingJson object at 0x0000027EEAC96960>]}
[0m11:54:56.237097 [info ] [MainThread]: 
[0m11:54:56.237097 [info ] [MainThread]: Concurrency: 1 threads (target='dev')
[0m11:54:56.237097 [info ] [MainThread]: 
[0m11:54:56.242078 [debug] [MainThread]: Acquiring new snowflake connection 'master'
[0m11:54:56.252080 [debug] [ThreadPool]: Acquiring new snowflake connection 'list_AIRBNB_silver'
[0m11:54:56.317102 [debug] [ThreadPool]: Using snowflake connection "list_AIRBNB_silver"
[0m11:54:56.317102 [debug] [ThreadPool]: On list_AIRBNB_silver: show objects in AIRBNB.silver
    limit 10000
    

/* {"app": "dbt", "dbt_version": "1.12.4", "profile_name": "aws_dbt_snowflake_project", "target_name": "dev", "connection_name": "list_AIRBNB_silver"} */;
[0m11:54:56.317102 [debug] [ThreadPool]: Opening a new connection, currently in state init
[0m11:55:09.542221 [debug] [ThreadPool]: SQL status: SUCCESS 0 in 13.226 seconds
[0m11:55:09.557265 [debug] [ThreadPool]: Using snowflake connection "list_AIRBNB_silver"
[0m11:55:09.557265 [debug] [ThreadPool]: On list_AIRBNB_silver: show user functions in AIRBNB.silver
/* {"app": "dbt", "dbt_version": "1.12.4", "profile_name": "aws_dbt_snowflake_project", "target_name": "dev", "connection_name": "list_AIRBNB_silver"} */
[0m11:55:09.747700 [debug] [ThreadPool]: SQL status: SUCCESS 0 in 0.190 seconds
[0m11:55:09.752767 [debug] [ThreadPool]: Re-using an available connection from the pool (formerly list_AIRBNB_silver, now list_AIRBNB_bronze)
[0m11:55:09.752767 [debug] [ThreadPool]: Using snowflake connection "list_AIRBNB_bronze"
[0m11:55:09.757756 [debug] [ThreadPool]: On list_AIRBNB_bronze: show objects in AIRBNB.bronze
    limit 10000
    

/* {"app": "dbt", "dbt_version": "1.12.4", "profile_name": "aws_dbt_snowflake_project", "target_name": "dev", "connection_name": "list_AIRBNB_bronze"} */;
[0m11:55:09.957845 [debug] [ThreadPool]: SQL status: SUCCESS 3 in 0.201 seconds
[0m11:55:09.962877 [debug] [ThreadPool]: Using snowflake connection "list_AIRBNB_bronze"
[0m11:55:09.962877 [debug] [ThreadPool]: On list_AIRBNB_bronze: show user functions in AIRBNB.bronze
/* {"app": "dbt", "dbt_version": "1.12.4", "profile_name": "aws_dbt_snowflake_project", "target_name": "dev", "connection_name": "list_AIRBNB_bronze"} */
[0m11:55:10.143091 [debug] [ThreadPool]: SQL status: SUCCESS 0 in 0.181 seconds
[0m11:55:10.153135 [debug] [MainThread]: Sending event: {'category': 'dbt', 'action': 'runnable_timing', 'label': 'c3ae85d7-285a-4f9f-bc7a-f745fe6be654', 'context': [<snowplow_tracker.self_describing_json.SelfDescribingJson object at 0x0000027EEA731220>]}
[0m11:55:10.158132 [debug] [Thread-2 (]: Began running node model.aws_dbt_snowflake_project.bronze_bookings
[0m11:55:10.163154 [debug] [Thread-2 (]: Acquiring new snowflake connection 'model.aws_dbt_snowflake_project.bronze_bookings'
[0m11:55:10.163154 [debug] [Thread-2 (]: Began compiling node model.aws_dbt_snowflake_project.bronze_bookings
[0m11:55:10.188167 [debug] [Thread-2 (]: Writing injected SQL for node "model.aws_dbt_snowflake_project.bronze_bookings"
[0m11:55:10.188167 [debug] [Thread-2 (]: Began executing node model.aws_dbt_snowflake_project.bronze_bookings
[0m11:55:10.193140 [debug] [Thread-2 (]: Finished running node model.aws_dbt_snowflake_project.bronze_bookings
[0m11:55:10.193140 [debug] [Thread-2 (]: Began running node model.aws_dbt_snowflake_project.bronze_hosts
[0m11:55:10.193140 [debug] [Thread-2 (]: Re-using an available connection from the pool (formerly model.aws_dbt_snowflake_project.bronze_bookings, now model.aws_dbt_snowflake_project.bronze_hosts)
[0m11:55:10.193140 [debug] [Thread-2 (]: Began compiling node model.aws_dbt_snowflake_project.bronze_hosts
[0m11:55:10.203133 [debug] [Thread-2 (]: Writing injected SQL for node "model.aws_dbt_snowflake_project.bronze_hosts"
[0m11:55:10.203133 [debug] [Thread-2 (]: Began executing node model.aws_dbt_snowflake_project.bronze_hosts
[0m11:55:10.208141 [debug] [Thread-2 (]: Finished running node model.aws_dbt_snowflake_project.bronze_hosts
[0m11:55:10.208141 [debug] [Thread-2 (]: Began running node model.aws_dbt_snowflake_project.bronze_listings
[0m11:55:10.208141 [debug] [Thread-2 (]: Re-using an available connection from the pool (formerly model.aws_dbt_snowflake_project.bronze_hosts, now model.aws_dbt_snowflake_project.bronze_listings)
[0m11:55:10.213150 [debug] [Thread-2 (]: Began compiling node model.aws_dbt_snowflake_project.bronze_listings
[0m11:55:10.218186 [debug] [Thread-2 (]: Writing injected SQL for node "model.aws_dbt_snowflake_project.bronze_listings"
[0m11:55:10.218186 [debug] [Thread-2 (]: Began executing node model.aws_dbt_snowflake_project.bronze_listings
[0m11:55:10.223145 [debug] [Thread-2 (]: Finished running node model.aws_dbt_snowflake_project.bronze_listings
[0m11:55:10.223145 [debug] [Thread-2 (]: Began running node analysis.aws_dbt_snowflake_project.explore
[0m11:55:10.223145 [debug] [Thread-2 (]: Re-using an available connection from the pool (formerly model.aws_dbt_snowflake_project.bronze_listings, now analysis.aws_dbt_snowflake_project.explore)
[0m11:55:10.223145 [debug] [Thread-2 (]: Began compiling node analysis.aws_dbt_snowflake_project.explore
[0m11:55:10.228143 [debug] [Thread-2 (]: Writing injected SQL for node "analysis.aws_dbt_snowflake_project.explore"
[0m11:55:10.228143 [debug] [Thread-2 (]: Began executing node analysis.aws_dbt_snowflake_project.explore
[0m11:55:10.233141 [debug] [Thread-2 (]: Finished running node analysis.aws_dbt_snowflake_project.explore
[0m11:55:10.233141 [debug] [Thread-2 (]: Began running node analysis.aws_dbt_snowflake_project.playing
[0m11:55:10.233141 [debug] [Thread-2 (]: Re-using an available connection from the pool (formerly analysis.aws_dbt_snowflake_project.explore, now analysis.aws_dbt_snowflake_project.playing)
[0m11:55:10.233141 [debug] [Thread-2 (]: Began compiling node analysis.aws_dbt_snowflake_project.playing
[0m11:55:10.243178 [debug] [Thread-2 (]: Writing injected SQL for node "analysis.aws_dbt_snowflake_project.playing"
[0m11:55:10.243178 [debug] [Thread-2 (]: Began executing node analysis.aws_dbt_snowflake_project.playing
[0m11:55:10.248135 [debug] [Thread-2 (]: Finished running node analysis.aws_dbt_snowflake_project.playing
[0m11:55:10.248135 [debug] [Thread-2 (]: Began running node model.aws_dbt_snowflake_project.silver_bookings
[0m11:55:10.248135 [debug] [Thread-2 (]: Re-using an available connection from the pool (formerly analysis.aws_dbt_snowflake_project.playing, now model.aws_dbt_snowflake_project.silver_bookings)
[0m11:55:10.248135 [debug] [Thread-2 (]: Began compiling node model.aws_dbt_snowflake_project.silver_bookings
[0m11:55:10.253171 [debug] [Thread-2 (]: Writing injected SQL for node "model.aws_dbt_snowflake_project.silver_bookings"
[0m11:55:10.258176 [debug] [Thread-2 (]: Began executing node model.aws_dbt_snowflake_project.silver_bookings
[0m11:55:10.258176 [debug] [Thread-2 (]: Finished running node model.aws_dbt_snowflake_project.silver_bookings
[0m11:55:10.263134 [debug] [MainThread]: Connection 'master' was properly closed.
[0m11:55:10.263134 [debug] [MainThread]: Connection 'list_AIRBNB_bronze' was left open.
[0m11:55:10.263134 [debug] [MainThread]: On list_AIRBNB_bronze: Close
[0m11:55:10.638963 [debug] [MainThread]: Connection 'model.aws_dbt_snowflake_project.silver_bookings' was properly closed.
[0m11:55:10.638963 [debug] [MainThread]: Command end result
[0m11:55:10.771265 [debug] [MainThread]: Wrote artifact WritableManifest to C:\Users\Zaheer Alam\Desktop\all files\AWS_DBT_Snowflake\aws_dbt_snowflake_project\target\manifest.json
[0m11:55:10.776289 [debug] [MainThread]: Wrote artifact SemanticManifest to C:\Users\Zaheer Alam\Desktop\all files\AWS_DBT_Snowflake\aws_dbt_snowflake_project\target\semantic_manifest.json
[0m11:55:10.786289 [debug] [MainThread]: Wrote artifact OsiDocument to C:\Users\Zaheer Alam\Desktop\all files\AWS_DBT_Snowflake\aws_dbt_snowflake_project\target\osi_document.json
[0m11:55:10.801286 [debug] [MainThread]: Wrote artifact RunExecutionResult to C:\Users\Zaheer Alam\Desktop\all files\AWS_DBT_Snowflake\aws_dbt_snowflake_project\target\run_results.json
[0m11:55:10.806268 [debug] [MainThread]: Command `dbt compile` succeeded at 11:55:10.806268 after 18.39 seconds
[0m11:55:10.806268 [debug] [MainThread]: Sending event: {'category': 'dbt', 'action': 'invocation', 'label': 'end', 'context': [<snowplow_tracker.self_describing_json.SelfDescribingJson object at 0x0000027EE7756A50>, <snowplow_tracker.self_describing_json.SelfDescribingJson object at 0x0000027EE585B110>, <snowplow_tracker.self_describing_json.SelfDescribingJson object at 0x0000027EEAF202F0>]}
[0m11:55:10.806268 [debug] [MainThread]: Flushing usage events
[0m11:55:12.839192 [debug] [MainThread]: An error was encountered while trying to flush usage events
[0m11:55:29.265245 [debug] [MainThread]: Sending event: {'category': 'dbt', 'action': 'invocation', 'label': 'start', 'context': [<snowplow_tracker.self_describing_json.SelfDescribingJson object at 0x000001E842D05730>, <snowplow_tracker.self_describing_json.SelfDescribingJson object at 0x000001E842F8E2D0>, <snowplow_tracker.self_describing_json.SelfDescribingJson object at 0x000001E842EB1160>]}


============================== 11:55:29.270300 | a4cc79aa-175f-46ab-9d84-c8df8952e98f ==============================
[0m11:55:29.270300 [info ] [MainThread]: Running with dbt=1.12.4
[0m11:55:29.275272 [debug] [MainThread]: running dbt with arguments {'version_check': 'True', 'no_print': 'None', 'static_parser': 'True', 'warn_error_options': 'WarnErrorOptionsV2(error=[], warn=[], silence=[])', 'maximum_seed_size_mib': '1', 'target_path': 'None', 'printer_width': '80', 'write_json': 'True', 'introspect': 'True', 'log_cache_events': 'False', 'empty': 'False', 'cache_selected_only': 'False', 'fail_fast': 'False', 'debug': 'False', 'log_format': 'default', 'partial_parse': 'True', 'send_anonymous_usage_stats': 'True', 'quiet': 'False', 'warn_error': 'None', 'profiles_dir': 'C:\\Users\\Zaheer Alam\\.dbt', 'indirect_selection': 'eager', 'hints_enabled': 'True', 'use_colors': 'True', 'use_experimental_parser': 'False', 'invocation_command': 'dbt run', 'log_path': 'C:\\Users\\Zaheer Alam\\Desktop\\all files\\AWS_DBT_Snowflake\\aws_dbt_snowflake_project\\logs'}
[0m11:55:30.049156 [debug] [MainThread]: Snowflake adapter: Setting snowflake.connector to ERROR (file logging only)
[0m11:55:30.054164 [debug] [MainThread]: Snowflake adapter: Setting botocore to ERROR (file logging only)
[0m11:55:30.054164 [debug] [MainThread]: Snowflake adapter: Setting boto3 to ERROR (file logging only)
[0m11:55:30.635469 [debug] [MainThread]: Sending event: {'category': 'dbt', 'action': 'project_id', 'label': 'a4cc79aa-175f-46ab-9d84-c8df8952e98f', 'context': [<snowplow_tracker.self_describing_json.SelfDescribingJson object at 0x000001E844C8E060>]}
[0m11:55:30.778573 [debug] [MainThread]: Sending event: {'category': 'dbt', 'action': 'adapter_info', 'label': 'a4cc79aa-175f-46ab-9d84-c8df8952e98f', 'context': [<snowplow_tracker.self_describing_json.SelfDescribingJson object at 0x000001E845E92870>]}
[0m11:55:30.778573 [info ] [MainThread]: Registered adapter: snowflake=1.12.0
[0m11:55:31.461907 [debug] [MainThread]: checksum: 5898aabf08c9bfee8ee956a138979f76ca666292702eae8cc33b5009f8451796, vars: {}, profile: aws_dbt_snowflake_project, target: dev, version: 1.12.4
[0m11:55:31.796581 [debug] [MainThread]: Partial parsing enabled: 0 files deleted, 0 files added, 0 files changed.
[0m11:55:31.796581 [debug] [MainThread]: Nothing changed, skipping partial parsing.
[0m11:55:31.796581 [debug] [MainThread]: Partial parsing enabled, no changes found, skipping parsing
[0m11:55:31.806592 [warn ] [MainThread]: [[33mWARNING[0m]: Configuration paths exist in your dbt_project.yml file which do not apply to any resources.
There are 1 unused configuration paths:
- models.aws_dbt_snowflake_project.gold
[0m11:55:31.816576 [debug] [MainThread]: Sending event: {'category': 'dbt', 'action': 'load_project', 'label': 'a4cc79aa-175f-46ab-9d84-c8df8952e98f', 'context': [<snowplow_tracker.self_describing_json.SelfDescribingJson object at 0x000001E840817350>]}
[0m11:55:32.257141 [debug] [MainThread]: Wrote artifact WritableManifest to C:\Users\Zaheer Alam\Desktop\all files\AWS_DBT_Snowflake\aws_dbt_snowflake_project\target\manifest.json
[0m11:55:32.262101 [debug] [MainThread]: Wrote artifact SemanticManifest to C:\Users\Zaheer Alam\Desktop\all files\AWS_DBT_Snowflake\aws_dbt_snowflake_project\target\semantic_manifest.json
[0m11:55:32.322101 [debug] [MainThread]: Wrote artifact OsiDocument to C:\Users\Zaheer Alam\Desktop\all files\AWS_DBT_Snowflake\aws_dbt_snowflake_project\target\osi_document.json
[0m11:55:32.384472 [debug] [MainThread]: Sending event: {'category': 'dbt', 'action': 'resource_counts', 'label': 'a4cc79aa-175f-46ab-9d84-c8df8952e98f', 'context': [<snowplow_tracker.self_describing_json.SelfDescribingJson object at 0x000001E8468AF920>]}
[0m11:55:32.387414 [info ] [MainThread]: Found 4 models, 2 analyses, 3 sources, 547 macros
[0m11:55:32.387414 [debug] [MainThread]: Sending event: {'category': 'dbt', 'action': 'runnable_timing', 'label': 'a4cc79aa-175f-46ab-9d84-c8df8952e98f', 'context': [<snowplow_tracker.self_describing_json.SelfDescribingJson object at 0x000001E846A65580>]}
[0m11:55:32.392450 [info ] [MainThread]: 
[0m11:55:32.392450 [info ] [MainThread]: Concurrency: 1 threads (target='dev')
[0m11:55:32.392450 [info ] [MainThread]: 
[0m11:55:32.397454 [debug] [MainThread]: Acquiring new snowflake connection 'master'
[0m11:55:32.412450 [debug] [ThreadPool]: Acquiring new snowflake connection 'list_AIRBNB'
[0m11:55:32.447954 [debug] [ThreadPool]: Using snowflake connection "list_AIRBNB"
[0m11:55:32.447954 [debug] [ThreadPool]: On list_AIRBNB: show terse schemas in database AIRBNB
    limit 10000
/* {"app": "dbt", "dbt_version": "1.12.4", "profile_name": "aws_dbt_snowflake_project", "target_name": "dev", "connection_name": "list_AIRBNB"} */
[0m11:55:32.447954 [debug] [ThreadPool]: Opening a new connection, currently in state init
[0m11:55:34.123554 [debug] [ThreadPool]: SQL status: SUCCESS 6 in 1.676 seconds
[0m11:55:34.128609 [debug] [ThreadPool]: Using snowflake connection "list_AIRBNB"
[0m11:55:34.133648 [debug] [ThreadPool]: On list_AIRBNB: show terse schemas in database AIRBNB
    limit 10000
/* {"app": "dbt", "dbt_version": "1.12.4", "profile_name": "aws_dbt_snowflake_project", "target_name": "dev", "connection_name": "list_AIRBNB"} */
[0m11:55:34.315778 [debug] [ThreadPool]: SQL status: SUCCESS 6 in 0.183 seconds
[0m11:55:34.320821 [debug] [ThreadPool]: Acquiring new snowflake connection 'list_AIRBNB_silver'
[0m11:55:34.345837 [debug] [ThreadPool]: Using snowflake connection "list_AIRBNB_silver"
[0m11:55:34.345837 [debug] [ThreadPool]: On list_AIRBNB_silver: show objects in AIRBNB.silver
    limit 10000
    

/* {"app": "dbt", "dbt_version": "1.12.4", "profile_name": "aws_dbt_snowflake_project", "target_name": "dev", "connection_name": "list_AIRBNB_silver"} */;
[0m11:55:34.345837 [debug] [ThreadPool]: Opening a new connection, currently in state init
[0m11:55:35.616989 [debug] [ThreadPool]: SQL status: SUCCESS 0 in 1.270 seconds
[0m11:55:35.632050 [debug] [ThreadPool]: Using snowflake connection "list_AIRBNB_silver"
[0m11:55:35.632050 [debug] [ThreadPool]: On list_AIRBNB_silver: show user functions in AIRBNB.silver
/* {"app": "dbt", "dbt_version": "1.12.4", "profile_name": "aws_dbt_snowflake_project", "target_name": "dev", "connection_name": "list_AIRBNB_silver"} */
[0m11:55:35.839761 [debug] [ThreadPool]: SQL status: SUCCESS 0 in 0.207 seconds
[0m11:55:35.839761 [debug] [ThreadPool]: Re-using an available connection from the pool (formerly list_AIRBNB_silver, now list_AIRBNB_bronze)
[0m11:55:35.844786 [debug] [ThreadPool]: Using snowflake connection "list_AIRBNB_bronze"
[0m11:55:35.844786 [debug] [ThreadPool]: On list_AIRBNB_bronze: show objects in AIRBNB.bronze
    limit 10000
    

/* {"app": "dbt", "dbt_version": "1.12.4", "profile_name": "aws_dbt_snowflake_project", "target_name": "dev", "connection_name": "list_AIRBNB_bronze"} */;
[0m11:55:36.048509 [debug] [ThreadPool]: SQL status: SUCCESS 3 in 0.202 seconds
[0m11:55:36.053486 [debug] [ThreadPool]: Using snowflake connection "list_AIRBNB_bronze"
[0m11:55:36.053486 [debug] [ThreadPool]: On list_AIRBNB_bronze: show user functions in AIRBNB.bronze
/* {"app": "dbt", "dbt_version": "1.12.4", "profile_name": "aws_dbt_snowflake_project", "target_name": "dev", "connection_name": "list_AIRBNB_bronze"} */
[0m11:55:36.253277 [debug] [ThreadPool]: SQL status: SUCCESS 0 in 0.199 seconds
[0m11:55:36.258331 [debug] [MainThread]: Sending event: {'category': 'dbt', 'action': 'runnable_timing', 'label': 'a4cc79aa-175f-46ab-9d84-c8df8952e98f', 'context': [<snowplow_tracker.self_describing_json.SelfDescribingJson object at 0x000001E8408177D0>]}
[0m11:55:36.268312 [debug] [Thread-2 (]: Began running node model.aws_dbt_snowflake_project.bronze_bookings
[0m11:55:36.268312 [info ] [Thread-2 (]: 1 of 4 START sql incremental model bronze.bronze_bookings ...................... [RUN]
[0m11:55:36.273315 [debug] [Thread-2 (]: Acquiring new snowflake connection 'model.aws_dbt_snowflake_project.bronze_bookings'
[0m11:55:36.273315 [debug] [Thread-2 (]: Began compiling node model.aws_dbt_snowflake_project.bronze_bookings
[0m11:55:36.308338 [debug] [Thread-2 (]: Writing injected SQL for node "model.aws_dbt_snowflake_project.bronze_bookings"
[0m11:55:36.308338 [debug] [Thread-2 (]: Began executing node model.aws_dbt_snowflake_project.bronze_bookings
[0m11:55:36.448968 [debug] [Thread-2 (]: Using snowflake connection "model.aws_dbt_snowflake_project.bronze_bookings"
[0m11:55:36.453978 [debug] [Thread-2 (]: On model.aws_dbt_snowflake_project.bronze_bookings: create or replace  temporary view AIRBNB.bronze.bronze_bookings__dbt_tmp
  
  
  
  
  as (
    



SELECT *
FROM AIRBNB.staging.bookings



WHERE CREATED_AT > (
    SELECT COALESCE(
        MAX(CREATED_AT),
        '1900-01-01'::date
    )
    FROM AIRBNB.bronze.bronze_bookings
)


  )
/* {"app": "dbt", "dbt_version": "1.12.4", "profile_name": "aws_dbt_snowflake_project", "target_name": "dev", "node_id": "model.aws_dbt_snowflake_project.bronze_bookings"} */;
[0m11:55:36.453978 [debug] [Thread-2 (]: Opening a new connection, currently in state init
[0m11:55:37.770711 [debug] [Thread-2 (]: SQL status: SUCCESS 1 in 1.318 seconds
[0m11:55:37.785745 [debug] [Thread-2 (]: Using snowflake connection "model.aws_dbt_snowflake_project.bronze_bookings"
[0m11:55:37.790760 [debug] [Thread-2 (]: On model.aws_dbt_snowflake_project.bronze_bookings: describe table AIRBNB.bronze.bronze_bookings__dbt_tmp
/* {"app": "dbt", "dbt_version": "1.12.4", "profile_name": "aws_dbt_snowflake_project", "target_name": "dev", "node_id": "model.aws_dbt_snowflake_project.bronze_bookings"} */
[0m11:55:37.969836 [debug] [Thread-2 (]: SQL status: SUCCESS 9 in 0.183 seconds
[0m11:55:37.979876 [debug] [Thread-2 (]: Using snowflake connection "model.aws_dbt_snowflake_project.bronze_bookings"
[0m11:55:37.979876 [debug] [Thread-2 (]: On model.aws_dbt_snowflake_project.bronze_bookings: describe table AIRBNB.bronze.bronze_bookings
/* {"app": "dbt", "dbt_version": "1.12.4", "profile_name": "aws_dbt_snowflake_project", "target_name": "dev", "node_id": "model.aws_dbt_snowflake_project.bronze_bookings"} */
[0m11:55:38.175912 [debug] [Thread-2 (]: SQL status: SUCCESS 9 in 0.197 seconds
[0m11:55:38.196481 [debug] [Thread-2 (]: Using snowflake connection "model.aws_dbt_snowflake_project.bronze_bookings"
[0m11:55:38.196481 [debug] [Thread-2 (]: On model.aws_dbt_snowflake_project.bronze_bookings: describe table "AIRBNB"."BRONZE"."BRONZE_BOOKINGS"
/* {"app": "dbt", "dbt_version": "1.12.4", "profile_name": "aws_dbt_snowflake_project", "target_name": "dev", "node_id": "model.aws_dbt_snowflake_project.bronze_bookings"} */
[0m11:55:38.384890 [debug] [Thread-2 (]: SQL status: SUCCESS 9 in 0.186 seconds
[0m11:55:38.441364 [debug] [Thread-2 (]: Writing runtime sql for node "model.aws_dbt_snowflake_project.bronze_bookings"
[0m11:55:38.446349 [debug] [Thread-2 (]: Using snowflake connection "model.aws_dbt_snowflake_project.bronze_bookings"
[0m11:55:38.451352 [debug] [Thread-2 (]: On model.aws_dbt_snowflake_project.bronze_bookings: -- back compat for old kwarg name
  
  begin
/* {"app": "dbt", "dbt_version": "1.12.4", "profile_name": "aws_dbt_snowflake_project", "target_name": "dev", "node_id": "model.aws_dbt_snowflake_project.bronze_bookings"} */;
[0m11:55:38.692737 [debug] [Thread-2 (]: SQL status: SUCCESS 1 in 0.241 seconds
[0m11:55:38.692737 [debug] [Thread-2 (]: Using snowflake connection "model.aws_dbt_snowflake_project.bronze_bookings"
[0m11:55:38.696659 [debug] [Thread-2 (]: On model.aws_dbt_snowflake_project.bronze_bookings: insert into AIRBNB.bronze.bronze_bookings ("BOOKING_ID", "LISTING_ID", "BOOKING_DATE", "NIGHTS_BOOKED", "BOOKING_AMOUNT", "CLEANING_FEE", "SERVICE_FEE", "BOOKING_STATUS", "CREATED_AT")
        (
            select "BOOKING_ID", "LISTING_ID", "BOOKING_DATE", "NIGHTS_BOOKED", "BOOKING_AMOUNT", "CLEANING_FEE", "SERVICE_FEE", "BOOKING_STATUS", "CREATED_AT"
            from AIRBNB.bronze.bronze_bookings__dbt_tmp
        )
/* {"app": "dbt", "dbt_version": "1.12.4", "profile_name": "aws_dbt_snowflake_project", "target_name": "dev", "node_id": "model.aws_dbt_snowflake_project.bronze_bookings"} */;
[0m11:55:39.201134 [debug] [Thread-2 (]: SQL status: SUCCESS 0 in 0.505 seconds
[0m11:55:39.201134 [debug] [Thread-2 (]: Using snowflake connection "model.aws_dbt_snowflake_project.bronze_bookings"
[0m11:55:39.201134 [debug] [Thread-2 (]: On model.aws_dbt_snowflake_project.bronze_bookings: COMMIT
/* {"app": "dbt", "dbt_version": "1.12.4", "profile_name": "aws_dbt_snowflake_project", "target_name": "dev", "node_id": "model.aws_dbt_snowflake_project.bronze_bookings"} */
[0m11:55:39.396846 [debug] [Thread-2 (]: SQL status: SUCCESS 1 in 0.192 seconds
[0m11:55:39.411847 [debug] [Thread-2 (]: Applying DROP to: AIRBNB.bronze.bronze_bookings__dbt_tmp
[0m11:55:39.431845 [debug] [Thread-2 (]: Using snowflake connection "model.aws_dbt_snowflake_project.bronze_bookings"
[0m11:55:39.431845 [debug] [Thread-2 (]: On model.aws_dbt_snowflake_project.bronze_bookings: drop view if exists AIRBNB.bronze.bronze_bookings__dbt_tmp cascade
/* {"app": "dbt", "dbt_version": "1.12.4", "profile_name": "aws_dbt_snowflake_project", "target_name": "dev", "node_id": "model.aws_dbt_snowflake_project.bronze_bookings"} */
[0m11:55:39.636526 [debug] [Thread-2 (]: SQL status: SUCCESS 1 in 0.205 seconds
[0m11:55:39.699723 [debug] [Thread-2 (]: Sending event: {'category': 'dbt', 'action': 'run_model', 'label': 'a4cc79aa-175f-46ab-9d84-c8df8952e98f', 'context': [<snowplow_tracker.self_describing_json.SelfDescribingJson object at 0x000001E842A0E2A0>]}
[0m11:55:39.699723 [info ] [Thread-2 (]: 1 of 4 OK created sql incremental model bronze.bronze_bookings ................. [[32mSUCCESS 0[0m in 3.42s]
[0m11:55:39.704952 [debug] [Thread-2 (]: Finished running node model.aws_dbt_snowflake_project.bronze_bookings
[0m11:55:39.705470 [debug] [Thread-2 (]: Began running node model.aws_dbt_snowflake_project.bronze_hosts
[0m11:55:39.707620 [info ] [Thread-2 (]: 2 of 4 START sql incremental model bronze.bronze_hosts ......................... [RUN]
[0m11:55:39.707620 [debug] [Thread-2 (]: Re-using an available connection from the pool (formerly model.aws_dbt_snowflake_project.bronze_bookings, now model.aws_dbt_snowflake_project.bronze_hosts)
[0m11:55:39.707620 [debug] [Thread-2 (]: Began compiling node model.aws_dbt_snowflake_project.bronze_hosts
[0m11:55:39.717685 [debug] [Thread-2 (]: Writing injected SQL for node "model.aws_dbt_snowflake_project.bronze_hosts"
[0m11:55:39.722657 [debug] [Thread-2 (]: Began executing node model.aws_dbt_snowflake_project.bronze_hosts
[0m11:55:39.731519 [debug] [Thread-2 (]: Using snowflake connection "model.aws_dbt_snowflake_project.bronze_hosts"
[0m11:55:39.731519 [debug] [Thread-2 (]: On model.aws_dbt_snowflake_project.bronze_hosts: create or replace  temporary view AIRBNB.bronze.bronze_hosts__dbt_tmp
  
  
  
  
  as (
    



SELECT *
FROM AIRBNB.staging.hosts



WHERE CREATED_AT > (
    SELECT COALESCE(
        MAX(CREATED_AT),
        '1900-01-01'::date
    )
    FROM AIRBNB.bronze.bronze_hosts
)


  )
/* {"app": "dbt", "dbt_version": "1.12.4", "profile_name": "aws_dbt_snowflake_project", "target_name": "dev", "node_id": "model.aws_dbt_snowflake_project.bronze_hosts"} */;
[0m11:55:39.992207 [debug] [Thread-2 (]: SQL status: SUCCESS 1 in 0.257 seconds
[0m11:55:39.995999 [debug] [Thread-2 (]: Using snowflake connection "model.aws_dbt_snowflake_project.bronze_hosts"
[0m11:55:39.995999 [debug] [Thread-2 (]: On model.aws_dbt_snowflake_project.bronze_hosts: describe table AIRBNB.bronze.bronze_hosts__dbt_tmp
/* {"app": "dbt", "dbt_version": "1.12.4", "profile_name": "aws_dbt_snowflake_project", "target_name": "dev", "node_id": "model.aws_dbt_snowflake_project.bronze_hosts"} */
[0m11:55:40.224778 [debug] [Thread-2 (]: SQL status: SUCCESS 6 in 0.226 seconds
[0m11:55:40.234835 [debug] [Thread-2 (]: Using snowflake connection "model.aws_dbt_snowflake_project.bronze_hosts"
[0m11:55:40.234835 [debug] [Thread-2 (]: On model.aws_dbt_snowflake_project.bronze_hosts: describe table AIRBNB.bronze.bronze_hosts
/* {"app": "dbt", "dbt_version": "1.12.4", "profile_name": "aws_dbt_snowflake_project", "target_name": "dev", "node_id": "model.aws_dbt_snowflake_project.bronze_hosts"} */
[0m11:55:40.438224 [debug] [Thread-2 (]: SQL status: SUCCESS 6 in 0.202 seconds
[0m11:55:40.443260 [debug] [Thread-2 (]: Using snowflake connection "model.aws_dbt_snowflake_project.bronze_hosts"
[0m11:55:40.443260 [debug] [Thread-2 (]: On model.aws_dbt_snowflake_project.bronze_hosts: describe table "AIRBNB"."BRONZE"."BRONZE_HOSTS"
/* {"app": "dbt", "dbt_version": "1.12.4", "profile_name": "aws_dbt_snowflake_project", "target_name": "dev", "node_id": "model.aws_dbt_snowflake_project.bronze_hosts"} */
[0m11:55:40.638150 [debug] [Thread-2 (]: SQL status: SUCCESS 6 in 0.192 seconds
[0m11:55:40.643183 [debug] [Thread-2 (]: Writing runtime sql for node "model.aws_dbt_snowflake_project.bronze_hosts"
[0m11:55:40.685152 [debug] [Thread-2 (]: Using snowflake connection "model.aws_dbt_snowflake_project.bronze_hosts"
[0m11:55:40.685152 [debug] [Thread-2 (]: On model.aws_dbt_snowflake_project.bronze_hosts: -- back compat for old kwarg name
  
  begin
/* {"app": "dbt", "dbt_version": "1.12.4", "profile_name": "aws_dbt_snowflake_project", "target_name": "dev", "node_id": "model.aws_dbt_snowflake_project.bronze_hosts"} */;
[0m11:55:40.861712 [debug] [Thread-2 (]: SQL status: SUCCESS 1 in 0.174 seconds
[0m11:55:40.861712 [debug] [Thread-2 (]: Using snowflake connection "model.aws_dbt_snowflake_project.bronze_hosts"
[0m11:55:40.866663 [debug] [Thread-2 (]: On model.aws_dbt_snowflake_project.bronze_hosts: insert into AIRBNB.bronze.bronze_hosts ("HOST_ID", "HOST_NAME", "HOST_SINCE", "IS_SUPERHOST", "RESPONSE_RATE", "CREATED_AT")
        (
            select "HOST_ID", "HOST_NAME", "HOST_SINCE", "IS_SUPERHOST", "RESPONSE_RATE", "CREATED_AT"
            from AIRBNB.bronze.bronze_hosts__dbt_tmp
        )
/* {"app": "dbt", "dbt_version": "1.12.4", "profile_name": "aws_dbt_snowflake_project", "target_name": "dev", "node_id": "model.aws_dbt_snowflake_project.bronze_hosts"} */;
[0m11:55:41.253664 [debug] [Thread-2 (]: SQL status: SUCCESS 0 in 0.386 seconds
[0m11:55:41.253664 [debug] [Thread-2 (]: Using snowflake connection "model.aws_dbt_snowflake_project.bronze_hosts"
[0m11:55:41.253664 [debug] [Thread-2 (]: On model.aws_dbt_snowflake_project.bronze_hosts: COMMIT
/* {"app": "dbt", "dbt_version": "1.12.4", "profile_name": "aws_dbt_snowflake_project", "target_name": "dev", "node_id": "model.aws_dbt_snowflake_project.bronze_hosts"} */
[0m11:55:41.445400 [debug] [Thread-2 (]: SQL status: SUCCESS 1 in 0.191 seconds
[0m11:55:41.450449 [debug] [Thread-2 (]: Applying DROP to: AIRBNB.bronze.bronze_hosts__dbt_tmp
[0m11:55:41.450449 [debug] [Thread-2 (]: Using snowflake connection "model.aws_dbt_snowflake_project.bronze_hosts"
[0m11:55:41.455454 [debug] [Thread-2 (]: On model.aws_dbt_snowflake_project.bronze_hosts: drop view if exists AIRBNB.bronze.bronze_hosts__dbt_tmp cascade
/* {"app": "dbt", "dbt_version": "1.12.4", "profile_name": "aws_dbt_snowflake_project", "target_name": "dev", "node_id": "model.aws_dbt_snowflake_project.bronze_hosts"} */
[0m11:55:41.761263 [debug] [Thread-2 (]: SQL status: SUCCESS 1 in 0.307 seconds
[0m11:55:41.766322 [debug] [Thread-2 (]: Sending event: {'category': 'dbt', 'action': 'run_model', 'label': 'a4cc79aa-175f-46ab-9d84-c8df8952e98f', 'context': [<snowplow_tracker.self_describing_json.SelfDescribingJson object at 0x000001E84651FB30>]}
[0m11:55:41.766322 [info ] [Thread-2 (]: 2 of 4 OK created sql incremental model bronze.bronze_hosts .................... [[32mSUCCESS 0[0m in 2.06s]
[0m11:55:41.771302 [debug] [Thread-2 (]: Finished running node model.aws_dbt_snowflake_project.bronze_hosts
[0m11:55:41.771302 [debug] [Thread-2 (]: Began running node model.aws_dbt_snowflake_project.bronze_listings
[0m11:55:41.771302 [info ] [Thread-2 (]: 3 of 4 START sql incremental model bronze.bronze_listings ...................... [RUN]
[0m11:55:41.776302 [debug] [Thread-2 (]: Re-using an available connection from the pool (formerly model.aws_dbt_snowflake_project.bronze_hosts, now model.aws_dbt_snowflake_project.bronze_listings)
[0m11:55:41.776302 [debug] [Thread-2 (]: Began compiling node model.aws_dbt_snowflake_project.bronze_listings
[0m11:55:41.781307 [debug] [Thread-2 (]: Writing injected SQL for node "model.aws_dbt_snowflake_project.bronze_listings"
[0m11:55:41.786311 [debug] [Thread-2 (]: Began executing node model.aws_dbt_snowflake_project.bronze_listings
[0m11:55:41.796310 [debug] [Thread-2 (]: Using snowflake connection "model.aws_dbt_snowflake_project.bronze_listings"
[0m11:55:41.796310 [debug] [Thread-2 (]: On model.aws_dbt_snowflake_project.bronze_listings: create or replace  temporary view AIRBNB.bronze.bronze_listings__dbt_tmp
  
  
  
  
  as (
    



SELECT *
FROM AIRBNB.staging.listings



WHERE CREATED_AT > (
    SELECT COALESCE(
        MAX(CREATED_AT),
        '1900-01-01'::date
    )
    FROM AIRBNB.bronze.bronze_listings
)


  )
/* {"app": "dbt", "dbt_version": "1.12.4", "profile_name": "aws_dbt_snowflake_project", "target_name": "dev", "node_id": "model.aws_dbt_snowflake_project.bronze_listings"} */;
[0m11:55:42.169606 [debug] [Thread-2 (]: SQL status: SUCCESS 1 in 0.372 seconds
[0m11:55:42.174651 [debug] [Thread-2 (]: Using snowflake connection "model.aws_dbt_snowflake_project.bronze_listings"
[0m11:55:42.179666 [debug] [Thread-2 (]: On model.aws_dbt_snowflake_project.bronze_listings: describe table AIRBNB.bronze.bronze_listings__dbt_tmp
/* {"app": "dbt", "dbt_version": "1.12.4", "profile_name": "aws_dbt_snowflake_project", "target_name": "dev", "node_id": "model.aws_dbt_snowflake_project.bronze_listings"} */
[0m11:55:42.381028 [debug] [Thread-2 (]: SQL status: SUCCESS 11 in 0.202 seconds
[0m11:55:42.386032 [debug] [Thread-2 (]: Using snowflake connection "model.aws_dbt_snowflake_project.bronze_listings"
[0m11:55:42.386032 [debug] [Thread-2 (]: On model.aws_dbt_snowflake_project.bronze_listings: describe table AIRBNB.bronze.bronze_listings
/* {"app": "dbt", "dbt_version": "1.12.4", "profile_name": "aws_dbt_snowflake_project", "target_name": "dev", "node_id": "model.aws_dbt_snowflake_project.bronze_listings"} */
[0m11:55:42.585415 [debug] [Thread-2 (]: SQL status: SUCCESS 11 in 0.197 seconds
[0m11:55:42.595462 [debug] [Thread-2 (]: Using snowflake connection "model.aws_dbt_snowflake_project.bronze_listings"
[0m11:55:42.595462 [debug] [Thread-2 (]: On model.aws_dbt_snowflake_project.bronze_listings: describe table "AIRBNB"."BRONZE"."BRONZE_LISTINGS"
/* {"app": "dbt", "dbt_version": "1.12.4", "profile_name": "aws_dbt_snowflake_project", "target_name": "dev", "node_id": "model.aws_dbt_snowflake_project.bronze_listings"} */
[0m11:55:42.782929 [debug] [Thread-2 (]: SQL status: SUCCESS 11 in 0.190 seconds
[0m11:55:42.792975 [debug] [Thread-2 (]: Writing runtime sql for node "model.aws_dbt_snowflake_project.bronze_listings"
[0m11:55:42.792975 [debug] [Thread-2 (]: Using snowflake connection "model.aws_dbt_snowflake_project.bronze_listings"
[0m11:55:42.797954 [debug] [Thread-2 (]: On model.aws_dbt_snowflake_project.bronze_listings: -- back compat for old kwarg name
  
  begin
/* {"app": "dbt", "dbt_version": "1.12.4", "profile_name": "aws_dbt_snowflake_project", "target_name": "dev", "node_id": "model.aws_dbt_snowflake_project.bronze_listings"} */;
[0m11:55:42.990600 [debug] [Thread-2 (]: SQL status: SUCCESS 1 in 0.192 seconds
[0m11:55:42.990600 [debug] [Thread-2 (]: Using snowflake connection "model.aws_dbt_snowflake_project.bronze_listings"
[0m11:55:42.990600 [debug] [Thread-2 (]: On model.aws_dbt_snowflake_project.bronze_listings: insert into AIRBNB.bronze.bronze_listings ("LISTING_ID", "HOST_ID", "PROPERTY_TYPE", "ROOM_TYPE", "CITY", "COUNTRY", "ACCOMMODATES", "BEDROOMS", "BATHROOMS", "PRICE_PER_NIGHT", "CREATED_AT")
        (
            select "LISTING_ID", "HOST_ID", "PROPERTY_TYPE", "ROOM_TYPE", "CITY", "COUNTRY", "ACCOMMODATES", "BEDROOMS", "BATHROOMS", "PRICE_PER_NIGHT", "CREATED_AT"
            from AIRBNB.bronze.bronze_listings__dbt_tmp
        )
/* {"app": "dbt", "dbt_version": "1.12.4", "profile_name": "aws_dbt_snowflake_project", "target_name": "dev", "node_id": "model.aws_dbt_snowflake_project.bronze_listings"} */;
[0m11:55:43.501544 [debug] [Thread-2 (]: SQL status: SUCCESS 0 in 0.510 seconds
[0m11:55:43.501544 [debug] [Thread-2 (]: Using snowflake connection "model.aws_dbt_snowflake_project.bronze_listings"
[0m11:55:43.501544 [debug] [Thread-2 (]: On model.aws_dbt_snowflake_project.bronze_listings: COMMIT
/* {"app": "dbt", "dbt_version": "1.12.4", "profile_name": "aws_dbt_snowflake_project", "target_name": "dev", "node_id": "model.aws_dbt_snowflake_project.bronze_listings"} */
[0m11:55:43.688274 [debug] [Thread-2 (]: SQL status: SUCCESS 1 in 0.184 seconds
[0m11:55:43.697084 [debug] [Thread-2 (]: Applying DROP to: AIRBNB.bronze.bronze_listings__dbt_tmp
[0m11:55:43.731746 [debug] [Thread-2 (]: Using snowflake connection "model.aws_dbt_snowflake_project.bronze_listings"
[0m11:55:43.731746 [debug] [Thread-2 (]: On model.aws_dbt_snowflake_project.bronze_listings: drop view if exists AIRBNB.bronze.bronze_listings__dbt_tmp cascade
/* {"app": "dbt", "dbt_version": "1.12.4", "profile_name": "aws_dbt_snowflake_project", "target_name": "dev", "node_id": "model.aws_dbt_snowflake_project.bronze_listings"} */
[0m11:55:43.984010 [debug] [Thread-2 (]: SQL status: SUCCESS 1 in 0.248 seconds
[0m11:55:43.989013 [debug] [Thread-2 (]: Sending event: {'category': 'dbt', 'action': 'run_model', 'label': 'a4cc79aa-175f-46ab-9d84-c8df8952e98f', 'context': [<snowplow_tracker.self_describing_json.SelfDescribingJson object at 0x000001E847BE41D0>]}
[0m11:55:43.989013 [info ] [Thread-2 (]: 3 of 4 OK created sql incremental model bronze.bronze_listings ................. [[32mSUCCESS 0[0m in 2.21s]
[0m11:55:43.989013 [debug] [Thread-2 (]: Finished running node model.aws_dbt_snowflake_project.bronze_listings
[0m11:55:43.994004 [debug] [Thread-2 (]: Began running node model.aws_dbt_snowflake_project.silver_bookings
[0m11:55:43.994004 [info ] [Thread-2 (]: 4 of 4 START sql table model silver.silver_bookings ............................ [RUN]
[0m11:55:43.994004 [debug] [Thread-2 (]: Re-using an available connection from the pool (formerly model.aws_dbt_snowflake_project.bronze_listings, now model.aws_dbt_snowflake_project.silver_bookings)
[0m11:55:43.999017 [debug] [Thread-2 (]: Began compiling node model.aws_dbt_snowflake_project.silver_bookings
[0m11:55:44.004012 [debug] [Thread-2 (]: Writing injected SQL for node "model.aws_dbt_snowflake_project.silver_bookings"
[0m11:55:44.009004 [debug] [Thread-2 (]: Began executing node model.aws_dbt_snowflake_project.silver_bookings
[0m11:55:44.096830 [debug] [Thread-2 (]: Writing runtime sql for node "model.aws_dbt_snowflake_project.silver_bookings"
[0m11:55:44.101823 [debug] [Thread-2 (]: Using snowflake connection "model.aws_dbt_snowflake_project.silver_bookings"
[0m11:55:44.101823 [debug] [Thread-2 (]: On model.aws_dbt_snowflake_project.silver_bookings: create or replace transient table AIRBNB.silver.silver_bookings
    
    
    
    
    

    as (

SELECT 
    BOOKING_ID,
    LISTING_ID,
    BOOKING_DATE,
    
    round(NIGHTS_BOOKED * BOOKING_AMOUNT, 2)
 + CLEANING_FEE + SERVICE_FEE AS TOTAL_AMOUNT,
    BOOKING_STATUS,
    CRETED_AT
FROM 
    AIRBNB.bronze.bronze_bookings
    )

/* {"app": "dbt", "dbt_version": "1.12.4", "profile_name": "aws_dbt_snowflake_project", "target_name": "dev", "node_id": "model.aws_dbt_snowflake_project.silver_bookings"} */;
[0m11:55:44.318467 [debug] [Thread-2 (]: Snowflake adapter: Snowflake query id: 01c70f41-000d-fb51-0002-18660007cebe
[0m11:55:44.318467 [debug] [Thread-2 (]: Snowflake adapter: Snowflake error: 000904 (42000): SQL compilation error: error line 18 at position 4
invalid identifier 'CRETED_AT'
[0m11:55:44.328467 [debug] [Thread-2 (]: Database Error in model silver_bookings (models\silver\silver_bookings.sql)
  000904 (42000): SQL compilation error: error line 18 at position 4
  invalid identifier 'CRETED_AT'
  compiled code at target\run\aws_dbt_snowflake_project\models\silver\silver_bookings.sql
[0m11:55:44.328467 [debug] [Thread-2 (]: Sending event: {'category': 'dbt', 'action': 'run_model', 'label': 'a4cc79aa-175f-46ab-9d84-c8df8952e98f', 'context': [<snowplow_tracker.self_describing_json.SelfDescribingJson object at 0x000001E847BE4620>]}
[0m11:55:44.328467 [error] [Thread-2 (]: 4 of 4 ERROR creating sql table model silver.silver_bookings ................... [[31mERROR[0m in 0.33s]
[0m11:55:44.333474 [debug] [Thread-2 (]: Finished running node model.aws_dbt_snowflake_project.silver_bookings
[0m11:55:44.333474 [debug] [Thread-5 (]: Marking all children of 'model.aws_dbt_snowflake_project.silver_bookings' to be skipped because of status 'error'.  Reason: Database Error in model silver_bookings (models\silver\silver_bookings.sql)
  000904 (42000): SQL compilation error: error line 18 at position 4
  invalid identifier 'CRETED_AT'
  compiled code at target\run\aws_dbt_snowflake_project\models\silver\silver_bookings.sql.
[0m11:55:44.338473 [debug] [MainThread]: Connection 'master' was properly closed.
[0m11:55:44.338473 [debug] [MainThread]: Connection 'list_AIRBNB' was left open.
[0m11:55:44.338473 [debug] [MainThread]: On list_AIRBNB: Close
[0m11:55:44.633117 [debug] [MainThread]: Connection 'list_AIRBNB_bronze' was left open.
[0m11:55:44.638183 [debug] [MainThread]: On list_AIRBNB_bronze: Close
[0m11:55:44.939404 [debug] [MainThread]: Connection 'model.aws_dbt_snowflake_project.silver_bookings' was left open.
[0m11:55:44.939404 [debug] [MainThread]: On model.aws_dbt_snowflake_project.silver_bookings: Close
[0m11:55:45.344836 [info ] [MainThread]: 
[0m11:55:45.349872 [info ] [MainThread]: Finished running 3 incremental models, 1 table model in 0 hours 0 minutes and 12.95 seconds (12.95s).
[0m11:55:45.349872 [debug] [MainThread]: Command end result
[0m11:55:45.478231 [debug] [MainThread]: Wrote artifact WritableManifest to C:\Users\Zaheer Alam\Desktop\all files\AWS_DBT_Snowflake\aws_dbt_snowflake_project\target\manifest.json
[0m11:55:45.488025 [debug] [MainThread]: Wrote artifact SemanticManifest to C:\Users\Zaheer Alam\Desktop\all files\AWS_DBT_Snowflake\aws_dbt_snowflake_project\target\semantic_manifest.json
[0m11:55:45.493023 [debug] [MainThread]: Wrote artifact OsiDocument to C:\Users\Zaheer Alam\Desktop\all files\AWS_DBT_Snowflake\aws_dbt_snowflake_project\target\osi_document.json
[0m11:55:45.508011 [debug] [MainThread]: Wrote artifact RunExecutionResult to C:\Users\Zaheer Alam\Desktop\all files\AWS_DBT_Snowflake\aws_dbt_snowflake_project\target\run_results.json
[0m11:55:45.508011 [info ] [MainThread]: 
[0m11:55:45.513224 [info ] [MainThread]: [31mCompleted with 1 error, 0 partial successes, and 0 warnings:[0m
[0m11:55:45.513224 [info ] [MainThread]: 
[0m11:55:45.513224 [error] [MainThread]: [[31mERROR[0m]: in model silver_bookings (models\silver\silver_bookings.sql)
[0m11:55:45.518212 [error] [MainThread]:   Database Error in model silver_bookings (models\silver\silver_bookings.sql)
  000904 (42000): SQL compilation error: error line 18 at position 4
  invalid identifier 'CRETED_AT'
  compiled code at target\run\aws_dbt_snowflake_project\models\silver\silver_bookings.sql
[0m11:55:45.518212 [info ] [MainThread]: 
[0m11:55:45.518212 [info ] [MainThread]:   compiled code at target\compiled\aws_dbt_snowflake_project\models\silver\silver_bookings.sql
[0m11:55:45.523227 [info ] [MainThread]: 
[0m11:55:45.523227 [info ] [MainThread]: Done. PASS=3 WARN=0 ERROR=1 SKIP=0 NO-OP=0 REUSED=0 TOTAL=4
[0m11:55:45.528226 [debug] [MainThread]: Command `dbt run` failed at 11:55:45.528226 after 16.55 seconds
[0m11:55:45.528226 [debug] [MainThread]: Sending event: {'category': 'dbt', 'action': 'invocation', 'label': 'end', 'context': [<snowplow_tracker.self_describing_json.SelfDescribingJson object at 0x000001E842483DA0>, <snowplow_tracker.self_describing_json.SelfDescribingJson object at 0x000001E842FBDA00>, <snowplow_tracker.self_describing_json.SelfDescribingJson object at 0x000001E83FA8DFA0>]}
[0m11:55:45.528226 [debug] [MainThread]: Flushing usage events
[0m11:55:47.700025 [debug] [MainThread]: An error was encountered while trying to flush usage events
[0m11:56:22.324260 [debug] [MainThread]: Sending event: {'category': 'dbt', 'action': 'invocation', 'label': 'start', 'context': [<snowplow_tracker.self_describing_json.SelfDescribingJson object at 0x0000014A9925C860>, <snowplow_tracker.self_describing_json.SelfDescribingJson object at 0x0000014A9C552D20>, <snowplow_tracker.self_describing_json.SelfDescribingJson object at 0x0000014A9CB5E780>]}


============================== 11:56:22.329244 | f8699caf-68dc-410d-bac1-4b48095fbcfe ==============================
[0m11:56:22.329244 [info ] [MainThread]: Running with dbt=1.12.4
[0m11:56:22.334589 [debug] [MainThread]: running dbt with arguments {'maximum_seed_size_mib': '1', 'no_print': 'None', 'static_parser': 'True', 'target_path': 'None', 'warn_error_options': 'WarnErrorOptionsV2(error=[], warn=[], silence=[])', 'version_check': 'True', 'printer_width': '80', 'write_json': 'True', 'empty': 'False', 'log_cache_events': 'False', 'introspect': 'True', 'cache_selected_only': 'False', 'fail_fast': 'False', 'debug': 'False', 'log_format': 'default', 'partial_parse': 'True', 'send_anonymous_usage_stats': 'True', 'quiet': 'False', 'warn_error': 'None', 'profiles_dir': 'C:\\Users\\Zaheer Alam\\.dbt', 'indirect_selection': 'eager', 'hints_enabled': 'True', 'use_colors': 'True', 'use_experimental_parser': 'False', 'invocation_command': 'dbt run', 'log_path': 'C:\\Users\\Zaheer Alam\\Desktop\\all files\\AWS_DBT_Snowflake\\aws_dbt_snowflake_project\\logs'}
[0m11:56:23.105840 [debug] [MainThread]: Snowflake adapter: Setting snowflake.connector to ERROR (file logging only)
[0m11:56:23.110841 [debug] [MainThread]: Snowflake adapter: Setting botocore to ERROR (file logging only)
[0m11:56:23.110841 [debug] [MainThread]: Snowflake adapter: Setting boto3 to ERROR (file logging only)
[0m11:56:23.652072 [debug] [MainThread]: Sending event: {'category': 'dbt', 'action': 'project_id', 'label': 'f8699caf-68dc-410d-bac1-4b48095fbcfe', 'context': [<snowplow_tracker.self_describing_json.SelfDescribingJson object at 0x0000014A9A257FB0>]}
[0m11:56:23.788650 [debug] [MainThread]: Sending event: {'category': 'dbt', 'action': 'adapter_info', 'label': 'f8699caf-68dc-410d-bac1-4b48095fbcfe', 'context': [<snowplow_tracker.self_describing_json.SelfDescribingJson object at 0x0000014A9E6475F0>]}
[0m11:56:23.788650 [info ] [MainThread]: Registered adapter: snowflake=1.12.0
[0m11:56:24.426567 [debug] [MainThread]: checksum: 5898aabf08c9bfee8ee956a138979f76ca666292702eae8cc33b5009f8451796, vars: {}, profile: aws_dbt_snowflake_project, target: dev, version: 1.12.4
[0m11:56:24.759664 [debug] [MainThread]: Partial parsing enabled: 0 files deleted, 0 files added, 0 files changed.
[0m11:56:24.759664 [debug] [MainThread]: Nothing changed, skipping partial parsing.
[0m11:56:24.759664 [debug] [MainThread]: Partial parsing enabled, no changes found, skipping parsing
[0m11:56:24.769663 [warn ] [MainThread]: [[33mWARNING[0m]: Configuration paths exist in your dbt_project.yml file which do not apply to any resources.
There are 1 unused configuration paths:
- models.aws_dbt_snowflake_project.gold
[0m11:56:24.779679 [debug] [MainThread]: Sending event: {'category': 'dbt', 'action': 'load_project', 'label': 'f8699caf-68dc-410d-bac1-4b48095fbcfe', 'context': [<snowplow_tracker.self_describing_json.SelfDescribingJson object at 0x0000014A9A327440>]}
[0m11:56:25.130430 [debug] [MainThread]: Wrote artifact WritableManifest to C:\Users\Zaheer Alam\Desktop\all files\AWS_DBT_Snowflake\aws_dbt_snowflake_project\target\manifest.json
[0m11:56:25.135433 [debug] [MainThread]: Wrote artifact SemanticManifest to C:\Users\Zaheer Alam\Desktop\all files\AWS_DBT_Snowflake\aws_dbt_snowflake_project\target\semantic_manifest.json
[0m11:56:25.196302 [debug] [MainThread]: Wrote artifact OsiDocument to C:\Users\Zaheer Alam\Desktop\all files\AWS_DBT_Snowflake\aws_dbt_snowflake_project\target\osi_document.json
[0m11:56:25.224840 [debug] [MainThread]: Sending event: {'category': 'dbt', 'action': 'resource_counts', 'label': 'f8699caf-68dc-410d-bac1-4b48095fbcfe', 'context': [<snowplow_tracker.self_describing_json.SelfDescribingJson object at 0x0000014AA03CFB00>]}
[0m11:56:25.225905 [info ] [MainThread]: Found 4 models, 2 analyses, 3 sources, 547 macros
[0m11:56:25.226993 [debug] [MainThread]: Sending event: {'category': 'dbt', 'action': 'runnable_timing', 'label': 'f8699caf-68dc-410d-bac1-4b48095fbcfe', 'context': [<snowplow_tracker.self_describing_json.SelfDescribingJson object at 0x0000014AA15563C0>]}
[0m11:56:25.231312 [info ] [MainThread]: 
[0m11:56:25.232381 [info ] [MainThread]: Concurrency: 1 threads (target='dev')
[0m11:56:25.234549 [info ] [MainThread]: 
[0m11:56:25.236705 [debug] [MainThread]: Acquiring new snowflake connection 'master'
[0m11:56:25.247744 [debug] [ThreadPool]: Acquiring new snowflake connection 'list_AIRBNB'
[0m11:56:25.287752 [debug] [ThreadPool]: Using snowflake connection "list_AIRBNB"
[0m11:56:25.287752 [debug] [ThreadPool]: On list_AIRBNB: show terse schemas in database AIRBNB
    limit 10000
/* {"app": "dbt", "dbt_version": "1.12.4", "profile_name": "aws_dbt_snowflake_project", "target_name": "dev", "connection_name": "list_AIRBNB"} */
[0m11:56:25.287752 [debug] [ThreadPool]: Opening a new connection, currently in state init
[0m11:56:27.025128 [debug] [ThreadPool]: SQL status: SUCCESS 6 in 1.735 seconds
[0m11:56:27.030125 [debug] [ThreadPool]: Using snowflake connection "list_AIRBNB"
[0m11:56:27.030125 [debug] [ThreadPool]: On list_AIRBNB: show terse schemas in database AIRBNB
    limit 10000
/* {"app": "dbt", "dbt_version": "1.12.4", "profile_name": "aws_dbt_snowflake_project", "target_name": "dev", "connection_name": "list_AIRBNB"} */
[0m11:56:27.224327 [debug] [ThreadPool]: SQL status: SUCCESS 6 in 0.193 seconds
[0m11:56:27.229392 [debug] [ThreadPool]: Acquiring new snowflake connection 'list_AIRBNB_bronze'
[0m11:56:27.254409 [debug] [ThreadPool]: Using snowflake connection "list_AIRBNB_bronze"
[0m11:56:27.254409 [debug] [ThreadPool]: On list_AIRBNB_bronze: show objects in AIRBNB.bronze
    limit 10000
    

/* {"app": "dbt", "dbt_version": "1.12.4", "profile_name": "aws_dbt_snowflake_project", "target_name": "dev", "connection_name": "list_AIRBNB_bronze"} */;
[0m11:56:27.254409 [debug] [ThreadPool]: Opening a new connection, currently in state init
[0m11:56:28.405587 [debug] [ThreadPool]: SQL status: SUCCESS 3 in 1.149 seconds
[0m11:56:28.415648 [debug] [ThreadPool]: Using snowflake connection "list_AIRBNB_bronze"
[0m11:56:28.415648 [debug] [ThreadPool]: On list_AIRBNB_bronze: show user functions in AIRBNB.bronze
/* {"app": "dbt", "dbt_version": "1.12.4", "profile_name": "aws_dbt_snowflake_project", "target_name": "dev", "connection_name": "list_AIRBNB_bronze"} */
[0m11:56:28.661653 [debug] [ThreadPool]: SQL status: SUCCESS 0 in 0.241 seconds
[0m11:56:28.664957 [debug] [ThreadPool]: Re-using an available connection from the pool (formerly list_AIRBNB_bronze, now list_AIRBNB_silver)
[0m11:56:28.671361 [debug] [ThreadPool]: Using snowflake connection "list_AIRBNB_silver"
[0m11:56:28.671361 [debug] [ThreadPool]: On list_AIRBNB_silver: show objects in AIRBNB.silver
    limit 10000
    

/* {"app": "dbt", "dbt_version": "1.12.4", "profile_name": "aws_dbt_snowflake_project", "target_name": "dev", "connection_name": "list_AIRBNB_silver"} */;
[0m11:56:28.864147 [debug] [ThreadPool]: SQL status: SUCCESS 0 in 0.193 seconds
[0m11:56:28.869186 [debug] [ThreadPool]: Using snowflake connection "list_AIRBNB_silver"
[0m11:56:28.869186 [debug] [ThreadPool]: On list_AIRBNB_silver: show user functions in AIRBNB.silver
/* {"app": "dbt", "dbt_version": "1.12.4", "profile_name": "aws_dbt_snowflake_project", "target_name": "dev", "connection_name": "list_AIRBNB_silver"} */
[0m11:56:29.074741 [debug] [ThreadPool]: SQL status: SUCCESS 0 in 0.204 seconds
[0m11:56:29.079748 [debug] [MainThread]: Sending event: {'category': 'dbt', 'action': 'runnable_timing', 'label': 'f8699caf-68dc-410d-bac1-4b48095fbcfe', 'context': [<snowplow_tracker.self_describing_json.SelfDescribingJson object at 0x0000014AA0298A40>]}
[0m11:56:29.086182 [debug] [Thread-2 (]: Began running node model.aws_dbt_snowflake_project.bronze_bookings
[0m11:56:29.086182 [info ] [Thread-2 (]: 1 of 4 START sql incremental model bronze.bronze_bookings ...................... [RUN]
[0m11:56:29.091230 [debug] [Thread-2 (]: Acquiring new snowflake connection 'model.aws_dbt_snowflake_project.bronze_bookings'
[0m11:56:29.091230 [debug] [Thread-2 (]: Began compiling node model.aws_dbt_snowflake_project.bronze_bookings
[0m11:56:29.121233 [debug] [Thread-2 (]: Writing injected SQL for node "model.aws_dbt_snowflake_project.bronze_bookings"
[0m11:56:29.126226 [debug] [Thread-2 (]: Began executing node model.aws_dbt_snowflake_project.bronze_bookings
[0m11:56:29.259528 [debug] [Thread-2 (]: Using snowflake connection "model.aws_dbt_snowflake_project.bronze_bookings"
[0m11:56:29.259528 [debug] [Thread-2 (]: On model.aws_dbt_snowflake_project.bronze_bookings: create or replace  temporary view AIRBNB.bronze.bronze_bookings__dbt_tmp
  
  
  
  
  as (
    



SELECT *
FROM AIRBNB.staging.bookings



WHERE CREATED_AT > (
    SELECT COALESCE(
        MAX(CREATED_AT),
        '1900-01-01'::date
    )
    FROM AIRBNB.bronze.bronze_bookings
)


  )
/* {"app": "dbt", "dbt_version": "1.12.4", "profile_name": "aws_dbt_snowflake_project", "target_name": "dev", "node_id": "model.aws_dbt_snowflake_project.bronze_bookings"} */;
[0m11:56:29.259528 [debug] [Thread-2 (]: Opening a new connection, currently in state init
[0m11:56:30.070640 [debug] [Thread-2 (]: SQL status: SUCCESS 1 in 0.810 seconds
[0m11:56:30.088007 [debug] [Thread-2 (]: Using snowflake connection "model.aws_dbt_snowflake_project.bronze_bookings"
[0m11:56:30.088007 [debug] [Thread-2 (]: On model.aws_dbt_snowflake_project.bronze_bookings: describe table AIRBNB.bronze.bronze_bookings__dbt_tmp
/* {"app": "dbt", "dbt_version": "1.12.4", "profile_name": "aws_dbt_snowflake_project", "target_name": "dev", "node_id": "model.aws_dbt_snowflake_project.bronze_bookings"} */
[0m11:56:30.303447 [debug] [Thread-2 (]: SQL status: SUCCESS 9 in 0.214 seconds
[0m11:56:30.312816 [debug] [Thread-2 (]: Using snowflake connection "model.aws_dbt_snowflake_project.bronze_bookings"
[0m11:56:30.312816 [debug] [Thread-2 (]: On model.aws_dbt_snowflake_project.bronze_bookings: describe table AIRBNB.bronze.bronze_bookings
/* {"app": "dbt", "dbt_version": "1.12.4", "profile_name": "aws_dbt_snowflake_project", "target_name": "dev", "node_id": "model.aws_dbt_snowflake_project.bronze_bookings"} */
[0m11:56:30.505051 [debug] [Thread-2 (]: SQL status: SUCCESS 9 in 0.190 seconds
[0m11:56:30.525111 [debug] [Thread-2 (]: Using snowflake connection "model.aws_dbt_snowflake_project.bronze_bookings"
[0m11:56:30.525111 [debug] [Thread-2 (]: On model.aws_dbt_snowflake_project.bronze_bookings: describe table "AIRBNB"."BRONZE"."BRONZE_BOOKINGS"
/* {"app": "dbt", "dbt_version": "1.12.4", "profile_name": "aws_dbt_snowflake_project", "target_name": "dev", "node_id": "model.aws_dbt_snowflake_project.bronze_bookings"} */
[0m11:56:30.721200 [debug] [Thread-2 (]: SQL status: SUCCESS 9 in 0.195 seconds
[0m11:56:30.761202 [debug] [Thread-2 (]: Writing runtime sql for node "model.aws_dbt_snowflake_project.bronze_bookings"
[0m11:56:30.761202 [debug] [Thread-2 (]: Using snowflake connection "model.aws_dbt_snowflake_project.bronze_bookings"
[0m11:56:30.766188 [debug] [Thread-2 (]: On model.aws_dbt_snowflake_project.bronze_bookings: -- back compat for old kwarg name
  
  begin
/* {"app": "dbt", "dbt_version": "1.12.4", "profile_name": "aws_dbt_snowflake_project", "target_name": "dev", "node_id": "model.aws_dbt_snowflake_project.bronze_bookings"} */;
[0m11:56:30.967424 [debug] [Thread-2 (]: SQL status: SUCCESS 1 in 0.203 seconds
[0m11:56:30.967424 [debug] [Thread-2 (]: Using snowflake connection "model.aws_dbt_snowflake_project.bronze_bookings"
[0m11:56:30.971849 [debug] [Thread-2 (]: On model.aws_dbt_snowflake_project.bronze_bookings: insert into AIRBNB.bronze.bronze_bookings ("BOOKING_ID", "LISTING_ID", "BOOKING_DATE", "NIGHTS_BOOKED", "BOOKING_AMOUNT", "CLEANING_FEE", "SERVICE_FEE", "BOOKING_STATUS", "CREATED_AT")
        (
            select "BOOKING_ID", "LISTING_ID", "BOOKING_DATE", "NIGHTS_BOOKED", "BOOKING_AMOUNT", "CLEANING_FEE", "SERVICE_FEE", "BOOKING_STATUS", "CREATED_AT"
            from AIRBNB.bronze.bronze_bookings__dbt_tmp
        )
/* {"app": "dbt", "dbt_version": "1.12.4", "profile_name": "aws_dbt_snowflake_project", "target_name": "dev", "node_id": "model.aws_dbt_snowflake_project.bronze_bookings"} */;
[0m11:56:31.433011 [debug] [Thread-2 (]: SQL status: SUCCESS 0 in 0.460 seconds
[0m11:56:31.434136 [debug] [Thread-2 (]: Using snowflake connection "model.aws_dbt_snowflake_project.bronze_bookings"
[0m11:56:31.435208 [debug] [Thread-2 (]: On model.aws_dbt_snowflake_project.bronze_bookings: COMMIT
/* {"app": "dbt", "dbt_version": "1.12.4", "profile_name": "aws_dbt_snowflake_project", "target_name": "dev", "node_id": "model.aws_dbt_snowflake_project.bronze_bookings"} */
[0m11:56:31.628700 [debug] [Thread-2 (]: SQL status: SUCCESS 1 in 0.196 seconds
[0m11:56:31.653420 [debug] [Thread-2 (]: Applying DROP to: AIRBNB.bronze.bronze_bookings__dbt_tmp
[0m11:56:31.678418 [debug] [Thread-2 (]: Using snowflake connection "model.aws_dbt_snowflake_project.bronze_bookings"
[0m11:56:31.678418 [debug] [Thread-2 (]: On model.aws_dbt_snowflake_project.bronze_bookings: drop view if exists AIRBNB.bronze.bronze_bookings__dbt_tmp cascade
/* {"app": "dbt", "dbt_version": "1.12.4", "profile_name": "aws_dbt_snowflake_project", "target_name": "dev", "node_id": "model.aws_dbt_snowflake_project.bronze_bookings"} */
[0m11:56:31.875891 [debug] [Thread-2 (]: SQL status: SUCCESS 1 in 0.199 seconds
[0m11:56:31.930892 [debug] [Thread-2 (]: Sending event: {'category': 'dbt', 'action': 'run_model', 'label': 'f8699caf-68dc-410d-bac1-4b48095fbcfe', 'context': [<snowplow_tracker.self_describing_json.SelfDescribingJson object at 0x0000014A9C51E0C0>]}
[0m11:56:31.935901 [info ] [Thread-2 (]: 1 of 4 OK created sql incremental model bronze.bronze_bookings ................. [[32mSUCCESS 0[0m in 2.84s]
[0m11:56:31.935901 [debug] [Thread-2 (]: Finished running node model.aws_dbt_snowflake_project.bronze_bookings
[0m11:56:31.935901 [debug] [Thread-2 (]: Began running node model.aws_dbt_snowflake_project.bronze_hosts
[0m11:56:31.940889 [info ] [Thread-2 (]: 2 of 4 START sql incremental model bronze.bronze_hosts ......................... [RUN]
[0m11:56:31.940889 [debug] [Thread-2 (]: Re-using an available connection from the pool (formerly model.aws_dbt_snowflake_project.bronze_bookings, now model.aws_dbt_snowflake_project.bronze_hosts)
[0m11:56:31.940889 [debug] [Thread-2 (]: Began compiling node model.aws_dbt_snowflake_project.bronze_hosts
[0m11:56:31.945894 [debug] [Thread-2 (]: Writing injected SQL for node "model.aws_dbt_snowflake_project.bronze_hosts"
[0m11:56:31.950897 [debug] [Thread-2 (]: Began executing node model.aws_dbt_snowflake_project.bronze_hosts
[0m11:56:31.960893 [debug] [Thread-2 (]: Using snowflake connection "model.aws_dbt_snowflake_project.bronze_hosts"
[0m11:56:31.960893 [debug] [Thread-2 (]: On model.aws_dbt_snowflake_project.bronze_hosts: create or replace  temporary view AIRBNB.bronze.bronze_hosts__dbt_tmp
  
  
  
  
  as (
    



SELECT *
FROM AIRBNB.staging.hosts



WHERE CREATED_AT > (
    SELECT COALESCE(
        MAX(CREATED_AT),
        '1900-01-01'::date
    )
    FROM AIRBNB.bronze.bronze_hosts
)


  )
/* {"app": "dbt", "dbt_version": "1.12.4", "profile_name": "aws_dbt_snowflake_project", "target_name": "dev", "node_id": "model.aws_dbt_snowflake_project.bronze_hosts"} */;
[0m11:56:32.959494 [debug] [Thread-2 (]: SQL status: SUCCESS 1 in 0.996 seconds
[0m11:56:32.964343 [debug] [Thread-2 (]: Using snowflake connection "model.aws_dbt_snowflake_project.bronze_hosts"
[0m11:56:32.964343 [debug] [Thread-2 (]: On model.aws_dbt_snowflake_project.bronze_hosts: describe table AIRBNB.bronze.bronze_hosts__dbt_tmp
/* {"app": "dbt", "dbt_version": "1.12.4", "profile_name": "aws_dbt_snowflake_project", "target_name": "dev", "node_id": "model.aws_dbt_snowflake_project.bronze_hosts"} */
[0m11:56:33.171511 [debug] [Thread-2 (]: SQL status: SUCCESS 6 in 0.202 seconds
[0m11:56:33.176552 [debug] [Thread-2 (]: Using snowflake connection "model.aws_dbt_snowflake_project.bronze_hosts"
[0m11:56:33.176552 [debug] [Thread-2 (]: On model.aws_dbt_snowflake_project.bronze_hosts: describe table AIRBNB.bronze.bronze_hosts
/* {"app": "dbt", "dbt_version": "1.12.4", "profile_name": "aws_dbt_snowflake_project", "target_name": "dev", "node_id": "model.aws_dbt_snowflake_project.bronze_hosts"} */
[0m11:56:33.375717 [debug] [Thread-2 (]: SQL status: SUCCESS 6 in 0.196 seconds
[0m11:56:33.380722 [debug] [Thread-2 (]: Using snowflake connection "model.aws_dbt_snowflake_project.bronze_hosts"
[0m11:56:33.380722 [debug] [Thread-2 (]: On model.aws_dbt_snowflake_project.bronze_hosts: describe table "AIRBNB"."BRONZE"."BRONZE_HOSTS"
/* {"app": "dbt", "dbt_version": "1.12.4", "profile_name": "aws_dbt_snowflake_project", "target_name": "dev", "node_id": "model.aws_dbt_snowflake_project.bronze_hosts"} */
[0m11:56:33.574352 [debug] [Thread-2 (]: SQL status: SUCCESS 6 in 0.195 seconds
[0m11:56:33.583968 [debug] [Thread-2 (]: Writing runtime sql for node "model.aws_dbt_snowflake_project.bronze_hosts"
[0m11:56:33.588969 [debug] [Thread-2 (]: Using snowflake connection "model.aws_dbt_snowflake_project.bronze_hosts"
[0m11:56:33.588969 [debug] [Thread-2 (]: On model.aws_dbt_snowflake_project.bronze_hosts: -- back compat for old kwarg name
  
  begin
/* {"app": "dbt", "dbt_version": "1.12.4", "profile_name": "aws_dbt_snowflake_project", "target_name": "dev", "node_id": "model.aws_dbt_snowflake_project.bronze_hosts"} */;
[0m11:56:33.785451 [debug] [Thread-2 (]: SQL status: SUCCESS 1 in 0.197 seconds
[0m11:56:33.788680 [debug] [Thread-2 (]: Using snowflake connection "model.aws_dbt_snowflake_project.bronze_hosts"
[0m11:56:33.788680 [debug] [Thread-2 (]: On model.aws_dbt_snowflake_project.bronze_hosts: insert into AIRBNB.bronze.bronze_hosts ("HOST_ID", "HOST_NAME", "HOST_SINCE", "IS_SUPERHOST", "RESPONSE_RATE", "CREATED_AT")
        (
            select "HOST_ID", "HOST_NAME", "HOST_SINCE", "IS_SUPERHOST", "RESPONSE_RATE", "CREATED_AT"
            from AIRBNB.bronze.bronze_hosts__dbt_tmp
        )
/* {"app": "dbt", "dbt_version": "1.12.4", "profile_name": "aws_dbt_snowflake_project", "target_name": "dev", "node_id": "model.aws_dbt_snowflake_project.bronze_hosts"} */;
[0m11:56:34.030283 [debug] [Thread-2 (]: SQL status: SUCCESS 0 in 0.242 seconds
[0m11:56:34.030283 [debug] [Thread-2 (]: Using snowflake connection "model.aws_dbt_snowflake_project.bronze_hosts"
[0m11:56:34.035326 [debug] [Thread-2 (]: On model.aws_dbt_snowflake_project.bronze_hosts: COMMIT
/* {"app": "dbt", "dbt_version": "1.12.4", "profile_name": "aws_dbt_snowflake_project", "target_name": "dev", "node_id": "model.aws_dbt_snowflake_project.bronze_hosts"} */
[0m11:56:34.222609 [debug] [Thread-2 (]: SQL status: SUCCESS 1 in 0.186 seconds
[0m11:56:34.227604 [debug] [Thread-2 (]: Applying DROP to: AIRBNB.bronze.bronze_hosts__dbt_tmp
[0m11:56:34.227604 [debug] [Thread-2 (]: Using snowflake connection "model.aws_dbt_snowflake_project.bronze_hosts"
[0m11:56:34.227604 [debug] [Thread-2 (]: On model.aws_dbt_snowflake_project.bronze_hosts: drop view if exists AIRBNB.bronze.bronze_hosts__dbt_tmp cascade
/* {"app": "dbt", "dbt_version": "1.12.4", "profile_name": "aws_dbt_snowflake_project", "target_name": "dev", "node_id": "model.aws_dbt_snowflake_project.bronze_hosts"} */
[0m11:56:34.418324 [debug] [Thread-2 (]: SQL status: SUCCESS 1 in 0.189 seconds
[0m11:56:34.423390 [debug] [Thread-2 (]: Sending event: {'category': 'dbt', 'action': 'run_model', 'label': 'f8699caf-68dc-410d-bac1-4b48095fbcfe', 'context': [<snowplow_tracker.self_describing_json.SelfDescribingJson object at 0x0000014AA1794D40>]}
[0m11:56:34.423390 [info ] [Thread-2 (]: 2 of 4 OK created sql incremental model bronze.bronze_hosts .................... [[32mSUCCESS 0[0m in 2.48s]
[0m11:56:34.428378 [debug] [Thread-2 (]: Finished running node model.aws_dbt_snowflake_project.bronze_hosts
[0m11:56:34.428378 [debug] [Thread-2 (]: Began running node model.aws_dbt_snowflake_project.bronze_listings
[0m11:56:34.430552 [info ] [Thread-2 (]: 3 of 4 START sql incremental model bronze.bronze_listings ...................... [RUN]
[0m11:56:34.431536 [debug] [Thread-2 (]: Re-using an available connection from the pool (formerly model.aws_dbt_snowflake_project.bronze_hosts, now model.aws_dbt_snowflake_project.bronze_listings)
[0m11:56:34.431536 [debug] [Thread-2 (]: Began compiling node model.aws_dbt_snowflake_project.bronze_listings
[0m11:56:34.436604 [debug] [Thread-2 (]: Writing injected SQL for node "model.aws_dbt_snowflake_project.bronze_listings"
[0m11:56:34.441575 [debug] [Thread-2 (]: Began executing node model.aws_dbt_snowflake_project.bronze_listings
[0m11:56:34.446592 [debug] [Thread-2 (]: Using snowflake connection "model.aws_dbt_snowflake_project.bronze_listings"
[0m11:56:34.451583 [debug] [Thread-2 (]: On model.aws_dbt_snowflake_project.bronze_listings: create or replace  temporary view AIRBNB.bronze.bronze_listings__dbt_tmp
  
  
  
  
  as (
    



SELECT *
FROM AIRBNB.staging.listings



WHERE CREATED_AT > (
    SELECT COALESCE(
        MAX(CREATED_AT),
        '1900-01-01'::date
    )
    FROM AIRBNB.bronze.bronze_listings
)


  )
/* {"app": "dbt", "dbt_version": "1.12.4", "profile_name": "aws_dbt_snowflake_project", "target_name": "dev", "node_id": "model.aws_dbt_snowflake_project.bronze_listings"} */;
[0m11:56:34.800804 [debug] [Thread-2 (]: SQL status: SUCCESS 1 in 0.353 seconds
[0m11:56:34.805606 [debug] [Thread-2 (]: Using snowflake connection "model.aws_dbt_snowflake_project.bronze_listings"
[0m11:56:34.805606 [debug] [Thread-2 (]: On model.aws_dbt_snowflake_project.bronze_listings: describe table AIRBNB.bronze.bronze_listings__dbt_tmp
/* {"app": "dbt", "dbt_version": "1.12.4", "profile_name": "aws_dbt_snowflake_project", "target_name": "dev", "node_id": "model.aws_dbt_snowflake_project.bronze_listings"} */
[0m11:56:35.007358 [debug] [Thread-2 (]: SQL status: SUCCESS 11 in 0.201 seconds
[0m11:56:35.022392 [debug] [Thread-2 (]: Using snowflake connection "model.aws_dbt_snowflake_project.bronze_listings"
[0m11:56:35.022392 [debug] [Thread-2 (]: On model.aws_dbt_snowflake_project.bronze_listings: describe table AIRBNB.bronze.bronze_listings
/* {"app": "dbt", "dbt_version": "1.12.4", "profile_name": "aws_dbt_snowflake_project", "target_name": "dev", "node_id": "model.aws_dbt_snowflake_project.bronze_listings"} */
[0m11:56:35.215038 [debug] [Thread-2 (]: SQL status: SUCCESS 11 in 0.192 seconds
[0m11:56:35.220104 [debug] [Thread-2 (]: Using snowflake connection "model.aws_dbt_snowflake_project.bronze_listings"
[0m11:56:35.220104 [debug] [Thread-2 (]: On model.aws_dbt_snowflake_project.bronze_listings: describe table "AIRBNB"."BRONZE"."BRONZE_LISTINGS"
/* {"app": "dbt", "dbt_version": "1.12.4", "profile_name": "aws_dbt_snowflake_project", "target_name": "dev", "node_id": "model.aws_dbt_snowflake_project.bronze_listings"} */
[0m11:56:35.414669 [debug] [Thread-2 (]: SQL status: SUCCESS 11 in 0.194 seconds
[0m11:56:35.424728 [debug] [Thread-2 (]: Writing runtime sql for node "model.aws_dbt_snowflake_project.bronze_listings"
[0m11:56:35.424728 [debug] [Thread-2 (]: Using snowflake connection "model.aws_dbt_snowflake_project.bronze_listings"
[0m11:56:35.429719 [debug] [Thread-2 (]: On model.aws_dbt_snowflake_project.bronze_listings: -- back compat for old kwarg name
  
  begin
/* {"app": "dbt", "dbt_version": "1.12.4", "profile_name": "aws_dbt_snowflake_project", "target_name": "dev", "node_id": "model.aws_dbt_snowflake_project.bronze_listings"} */;
[0m11:56:35.633401 [debug] [Thread-2 (]: SQL status: SUCCESS 1 in 0.204 seconds
[0m11:56:35.633401 [debug] [Thread-2 (]: Using snowflake connection "model.aws_dbt_snowflake_project.bronze_listings"
[0m11:56:35.633401 [debug] [Thread-2 (]: On model.aws_dbt_snowflake_project.bronze_listings: insert into AIRBNB.bronze.bronze_listings ("LISTING_ID", "HOST_ID", "PROPERTY_TYPE", "ROOM_TYPE", "CITY", "COUNTRY", "ACCOMMODATES", "BEDROOMS", "BATHROOMS", "PRICE_PER_NIGHT", "CREATED_AT")
        (
            select "LISTING_ID", "HOST_ID", "PROPERTY_TYPE", "ROOM_TYPE", "CITY", "COUNTRY", "ACCOMMODATES", "BEDROOMS", "BATHROOMS", "PRICE_PER_NIGHT", "CREATED_AT"
            from AIRBNB.bronze.bronze_listings__dbt_tmp
        )
/* {"app": "dbt", "dbt_version": "1.12.4", "profile_name": "aws_dbt_snowflake_project", "target_name": "dev", "node_id": "model.aws_dbt_snowflake_project.bronze_listings"} */;
[0m11:56:36.030853 [debug] [Thread-2 (]: SQL status: SUCCESS 0 in 0.395 seconds
[0m11:56:36.030853 [debug] [Thread-2 (]: Using snowflake connection "model.aws_dbt_snowflake_project.bronze_listings"
[0m11:56:36.030853 [debug] [Thread-2 (]: On model.aws_dbt_snowflake_project.bronze_listings: COMMIT
/* {"app": "dbt", "dbt_version": "1.12.4", "profile_name": "aws_dbt_snowflake_project", "target_name": "dev", "node_id": "model.aws_dbt_snowflake_project.bronze_listings"} */
[0m11:56:36.236222 [debug] [Thread-2 (]: SQL status: SUCCESS 1 in 0.203 seconds
[0m11:56:36.241289 [debug] [Thread-2 (]: Applying DROP to: AIRBNB.bronze.bronze_listings__dbt_tmp
[0m11:56:36.246289 [debug] [Thread-2 (]: Using snowflake connection "model.aws_dbt_snowflake_project.bronze_listings"
[0m11:56:36.246289 [debug] [Thread-2 (]: On model.aws_dbt_snowflake_project.bronze_listings: drop view if exists AIRBNB.bronze.bronze_listings__dbt_tmp cascade
/* {"app": "dbt", "dbt_version": "1.12.4", "profile_name": "aws_dbt_snowflake_project", "target_name": "dev", "node_id": "model.aws_dbt_snowflake_project.bronze_listings"} */
[0m11:56:36.443427 [debug] [Thread-2 (]: SQL status: SUCCESS 1 in 0.195 seconds
[0m11:56:36.448448 [debug] [Thread-2 (]: Sending event: {'category': 'dbt', 'action': 'run_model', 'label': 'f8699caf-68dc-410d-bac1-4b48095fbcfe', 'context': [<snowplow_tracker.self_describing_json.SelfDescribingJson object at 0x0000014AA00D1C10>]}
[0m11:56:36.448448 [info ] [Thread-2 (]: 3 of 4 OK created sql incremental model bronze.bronze_listings ................. [[32mSUCCESS 0[0m in 2.02s]
[0m11:56:36.448448 [debug] [Thread-2 (]: Finished running node model.aws_dbt_snowflake_project.bronze_listings
[0m11:56:36.448448 [debug] [Thread-2 (]: Began running node model.aws_dbt_snowflake_project.silver_bookings
[0m11:56:36.453445 [info ] [Thread-2 (]: 4 of 4 START sql table model silver.silver_bookings ............................ [RUN]
[0m11:56:36.453445 [debug] [Thread-2 (]: Re-using an available connection from the pool (formerly model.aws_dbt_snowflake_project.bronze_listings, now model.aws_dbt_snowflake_project.silver_bookings)
[0m11:56:36.453445 [debug] [Thread-2 (]: Began compiling node model.aws_dbt_snowflake_project.silver_bookings
[0m11:56:36.463426 [debug] [Thread-2 (]: Writing injected SQL for node "model.aws_dbt_snowflake_project.silver_bookings"
[0m11:56:36.463426 [debug] [Thread-2 (]: Began executing node model.aws_dbt_snowflake_project.silver_bookings
[0m11:56:36.538447 [debug] [Thread-2 (]: Writing runtime sql for node "model.aws_dbt_snowflake_project.silver_bookings"
[0m11:56:36.545694 [debug] [Thread-2 (]: Using snowflake connection "model.aws_dbt_snowflake_project.silver_bookings"
[0m11:56:36.545694 [debug] [Thread-2 (]: On model.aws_dbt_snowflake_project.silver_bookings: create or replace transient table AIRBNB.silver.silver_bookings
    
    
    
    
    

    as (

SELECT 
    BOOKING_ID,
    LISTING_ID,
    BOOKING_DATE,
    
    round(NIGHTS_BOOKED * BOOKING_AMOUNT, 2)
 + CLEANING_FEE + SERVICE_FEE AS TOTAL_AMOUNT,
    BOOKING_STATUS,
    CREATED_AT
FROM 
    AIRBNB.bronze.bronze_bookings
    )

/* {"app": "dbt", "dbt_version": "1.12.4", "profile_name": "aws_dbt_snowflake_project", "target_name": "dev", "node_id": "model.aws_dbt_snowflake_project.silver_bookings"} */;
[0m11:56:37.156883 [debug] [Thread-2 (]: SQL status: SUCCESS 5000 in 0.613 seconds
[0m11:56:37.161961 [debug] [Thread-2 (]: Sending event: {'category': 'dbt', 'action': 'run_model', 'label': 'f8699caf-68dc-410d-bac1-4b48095fbcfe', 'context': [<snowplow_tracker.self_describing_json.SelfDescribingJson object at 0x0000014AA15A22A0>]}
[0m11:56:37.166519 [info ] [Thread-2 (]: 4 of 4 OK created sql table model silver.silver_bookings ....................... [[32mSUCCESS 5000[0m in 0.71s]
[0m11:56:37.166519 [debug] [Thread-2 (]: Finished running node model.aws_dbt_snowflake_project.silver_bookings
[0m11:56:37.171507 [debug] [MainThread]: Connection 'master' was properly closed.
[0m11:56:37.171507 [debug] [MainThread]: Connection 'list_AIRBNB' was left open.
[0m11:56:37.171507 [debug] [MainThread]: On list_AIRBNB: Close
[0m11:56:37.511145 [debug] [MainThread]: Connection 'list_AIRBNB_silver' was left open.
[0m11:56:37.511145 [debug] [MainThread]: On list_AIRBNB_silver: Close
[0m11:56:37.879764 [debug] [MainThread]: Connection 'model.aws_dbt_snowflake_project.silver_bookings' was left open.
[0m11:56:37.879764 [debug] [MainThread]: On model.aws_dbt_snowflake_project.silver_bookings: Close
[0m11:56:38.286942 [info ] [MainThread]: 
[0m11:56:38.286942 [info ] [MainThread]: Finished running 3 incremental models, 1 table model in 0 hours 0 minutes and 13.05 seconds (13.05s).
[0m11:56:38.291976 [debug] [MainThread]: Command end result
[0m11:56:38.386444 [debug] [MainThread]: Wrote artifact WritableManifest to C:\Users\Zaheer Alam\Desktop\all files\AWS_DBT_Snowflake\aws_dbt_snowflake_project\target\manifest.json
[0m11:56:38.396456 [debug] [MainThread]: Wrote artifact SemanticManifest to C:\Users\Zaheer Alam\Desktop\all files\AWS_DBT_Snowflake\aws_dbt_snowflake_project\target\semantic_manifest.json
[0m11:56:38.401465 [debug] [MainThread]: Wrote artifact OsiDocument to C:\Users\Zaheer Alam\Desktop\all files\AWS_DBT_Snowflake\aws_dbt_snowflake_project\target\osi_document.json
[0m11:56:38.421444 [debug] [MainThread]: Wrote artifact RunExecutionResult to C:\Users\Zaheer Alam\Desktop\all files\AWS_DBT_Snowflake\aws_dbt_snowflake_project\target\run_results.json
[0m11:56:38.421444 [info ] [MainThread]: 
[0m11:56:38.421444 [info ] [MainThread]: [32mCompleted successfully[0m
[0m11:56:38.426444 [info ] [MainThread]: 
[0m11:56:38.426444 [info ] [MainThread]: Done. PASS=4 WARN=0 ERROR=0 SKIP=0 NO-OP=0 REUSED=0 TOTAL=4
[0m11:56:38.426444 [debug] [MainThread]: Command `dbt run` succeeded at 11:56:38.426444 after 16.36 seconds
[0m11:56:38.431447 [debug] [MainThread]: Sending event: {'category': 'dbt', 'action': 'invocation', 'label': 'end', 'context': [<snowplow_tracker.self_describing_json.SelfDescribingJson object at 0x0000014A9925C860>, <snowplow_tracker.self_describing_json.SelfDescribingJson object at 0x0000014AA16D6840>, <snowplow_tracker.self_describing_json.SelfDescribingJson object at 0x0000014AA003EDE0>]}
[0m11:56:38.431447 [debug] [MainThread]: Flushing usage events
[0m11:56:40.847597 [debug] [MainThread]: An error was encountered while trying to flush usage events
[0m12:21:31.219429 [debug] [MainThread]: Sending event: {'category': 'dbt', 'action': 'invocation', 'label': 'start', 'context': [<snowplow_tracker.self_describing_json.SelfDescribingJson object at 0x000001AE365F7F80>, <snowplow_tracker.self_describing_json.SelfDescribingJson object at 0x000001AE365F6EA0>, <snowplow_tracker.self_describing_json.SelfDescribingJson object at 0x000001AE365F6C00>]}


============================== 12:21:31.229455 | 69e11924-5724-4762-a5e9-928d0d6bdf75 ==============================
[0m12:21:31.229455 [info ] [MainThread]: Running with dbt=1.12.4
[0m12:21:31.229455 [debug] [MainThread]: running dbt with arguments {'maximum_seed_size_mib': '1', 'no_print': 'None', 'version_check': 'True', 'warn_error_options': 'WarnErrorOptionsV2(error=[], warn=[], silence=[])', 'target_path': 'None', 'static_parser': 'True', 'printer_width': '80', 'write_json': 'True', 'empty': 'False', 'log_cache_events': 'False', 'introspect': 'True', 'cache_selected_only': 'False', 'fail_fast': 'False', 'debug': 'False', 'log_format': 'default', 'partial_parse': 'True', 'send_anonymous_usage_stats': 'True', 'quiet': 'False', 'warn_error': 'None', 'profiles_dir': 'C:\\Users\\Zaheer Alam\\.dbt', 'use_colors': 'True', 'hints_enabled': 'True', 'indirect_selection': 'eager', 'use_experimental_parser': 'False', 'invocation_command': 'dbt run', 'log_path': 'C:\\Users\\Zaheer Alam\\Desktop\\all files\\AWS_DBT_Snowflake\\aws_dbt_snowflake_project\\logs'}
[0m12:21:32.019905 [debug] [MainThread]: Snowflake adapter: Setting snowflake.connector to ERROR (file logging only)
[0m12:21:32.019905 [debug] [MainThread]: Snowflake adapter: Setting botocore to ERROR (file logging only)
[0m12:21:32.019905 [debug] [MainThread]: Snowflake adapter: Setting boto3 to ERROR (file logging only)
[0m12:21:32.762997 [debug] [MainThread]: Sending event: {'category': 'dbt', 'action': 'project_id', 'label': '69e11924-5724-4762-a5e9-928d0d6bdf75', 'context': [<snowplow_tracker.self_describing_json.SelfDescribingJson object at 0x000001AE3A08DC10>]}
[0m12:21:32.903567 [debug] [MainThread]: Sending event: {'category': 'dbt', 'action': 'adapter_info', 'label': '69e11924-5724-4762-a5e9-928d0d6bdf75', 'context': [<snowplow_tracker.self_describing_json.SelfDescribingJson object at 0x000001AE39B546B0>]}
[0m12:21:32.903567 [info ] [MainThread]: Registered adapter: snowflake=1.12.0
[0m12:21:33.674393 [debug] [MainThread]: checksum: 5898aabf08c9bfee8ee956a138979f76ca666292702eae8cc33b5009f8451796, vars: {}, profile: aws_dbt_snowflake_project, target: dev, version: 1.12.4
[0m12:21:34.065452 [debug] [MainThread]: Partial parsing enabled: 0 files deleted, 0 files added, 0 files changed.
[0m12:21:34.065452 [debug] [MainThread]: Nothing changed, skipping partial parsing.
[0m12:21:34.065452 [debug] [MainThread]: Partial parsing enabled, no changes found, skipping parsing
[0m12:21:34.080434 [warn ] [MainThread]: [[33mWARNING[0m]: Configuration paths exist in your dbt_project.yml file which do not apply to any resources.
There are 1 unused configuration paths:
- models.aws_dbt_snowflake_project.gold
[0m12:21:34.085453 [debug] [MainThread]: Sending event: {'category': 'dbt', 'action': 'load_project', 'label': '69e11924-5724-4762-a5e9-928d0d6bdf75', 'context': [<snowplow_tracker.self_describing_json.SelfDescribingJson object at 0x000001AE39C15C10>]}
[0m12:21:34.461633 [debug] [MainThread]: Wrote artifact WritableManifest to C:\Users\Zaheer Alam\Desktop\all files\AWS_DBT_Snowflake\aws_dbt_snowflake_project\target\manifest.json
[0m12:21:34.506974 [debug] [MainThread]: Wrote artifact SemanticManifest to C:\Users\Zaheer Alam\Desktop\all files\AWS_DBT_Snowflake\aws_dbt_snowflake_project\target\semantic_manifest.json
[0m12:21:34.598450 [debug] [MainThread]: Wrote artifact OsiDocument to C:\Users\Zaheer Alam\Desktop\all files\AWS_DBT_Snowflake\aws_dbt_snowflake_project\target\osi_document.json
[0m12:21:34.622647 [debug] [MainThread]: Sending event: {'category': 'dbt', 'action': 'resource_counts', 'label': '69e11924-5724-4762-a5e9-928d0d6bdf75', 'context': [<snowplow_tracker.self_describing_json.SelfDescribingJson object at 0x000001AE3A6844D0>]}
[0m12:21:34.622647 [info ] [MainThread]: Found 5 models, 2 analyses, 3 sources, 548 macros
[0m12:21:34.622647 [debug] [MainThread]: Sending event: {'category': 'dbt', 'action': 'runnable_timing', 'label': '69e11924-5724-4762-a5e9-928d0d6bdf75', 'context': [<snowplow_tracker.self_describing_json.SelfDescribingJson object at 0x000001AE3A370170>]}
[0m12:21:34.627637 [info ] [MainThread]: 
[0m12:21:34.627637 [info ] [MainThread]: Concurrency: 1 threads (target='dev')
[0m12:21:34.627637 [info ] [MainThread]: 
[0m12:21:34.632642 [debug] [MainThread]: Acquiring new snowflake connection 'master'
[0m12:21:34.642638 [debug] [ThreadPool]: Acquiring new snowflake connection 'list_AIRBNB'
[0m12:21:34.675830 [debug] [ThreadPool]: Using snowflake connection "list_AIRBNB"
[0m12:21:34.675830 [debug] [ThreadPool]: On list_AIRBNB: show terse schemas in database AIRBNB
    limit 10000
/* {"app": "dbt", "dbt_version": "1.12.4", "profile_name": "aws_dbt_snowflake_project", "target_name": "dev", "connection_name": "list_AIRBNB"} */
[0m12:21:34.675830 [debug] [ThreadPool]: Opening a new connection, currently in state init
[0m12:21:36.431389 [debug] [ThreadPool]: SQL status: SUCCESS 6 in 1.755 seconds
[0m12:21:36.441415 [debug] [ThreadPool]: Using snowflake connection "list_AIRBNB"
[0m12:21:36.441415 [debug] [ThreadPool]: On list_AIRBNB: show terse schemas in database AIRBNB
    limit 10000
/* {"app": "dbt", "dbt_version": "1.12.4", "profile_name": "aws_dbt_snowflake_project", "target_name": "dev", "connection_name": "list_AIRBNB"} */
[0m12:21:36.671623 [debug] [ThreadPool]: SQL status: SUCCESS 6 in 0.227 seconds
[0m12:21:36.676632 [debug] [ThreadPool]: Acquiring new snowflake connection 'list_AIRBNB_bronze'
[0m12:21:36.701620 [debug] [ThreadPool]: Using snowflake connection "list_AIRBNB_bronze"
[0m12:21:36.701620 [debug] [ThreadPool]: On list_AIRBNB_bronze: show objects in AIRBNB.bronze
    limit 10000
    

/* {"app": "dbt", "dbt_version": "1.12.4", "profile_name": "aws_dbt_snowflake_project", "target_name": "dev", "connection_name": "list_AIRBNB_bronze"} */;
[0m12:21:36.701620 [debug] [ThreadPool]: Opening a new connection, currently in state init
[0m12:21:38.105014 [debug] [ThreadPool]: SQL status: SUCCESS 3 in 1.404 seconds
[0m12:21:38.120032 [debug] [ThreadPool]: Using snowflake connection "list_AIRBNB_bronze"
[0m12:21:38.120032 [debug] [ThreadPool]: On list_AIRBNB_bronze: show user functions in AIRBNB.bronze
/* {"app": "dbt", "dbt_version": "1.12.4", "profile_name": "aws_dbt_snowflake_project", "target_name": "dev", "connection_name": "list_AIRBNB_bronze"} */
[0m12:21:38.299448 [debug] [ThreadPool]: SQL status: SUCCESS 0 in 0.177 seconds
[0m12:21:38.304451 [debug] [ThreadPool]: Re-using an available connection from the pool (formerly list_AIRBNB_bronze, now list_AIRBNB_silver)
[0m12:21:38.309431 [debug] [ThreadPool]: Using snowflake connection "list_AIRBNB_silver"
[0m12:21:38.309431 [debug] [ThreadPool]: On list_AIRBNB_silver: show objects in AIRBNB.silver
    limit 10000
    

/* {"app": "dbt", "dbt_version": "1.12.4", "profile_name": "aws_dbt_snowflake_project", "target_name": "dev", "connection_name": "list_AIRBNB_silver"} */;
[0m12:21:38.524704 [debug] [ThreadPool]: SQL status: SUCCESS 1 in 0.213 seconds
[0m12:21:38.529709 [debug] [ThreadPool]: Using snowflake connection "list_AIRBNB_silver"
[0m12:21:38.529709 [debug] [ThreadPool]: On list_AIRBNB_silver: show user functions in AIRBNB.silver
/* {"app": "dbt", "dbt_version": "1.12.4", "profile_name": "aws_dbt_snowflake_project", "target_name": "dev", "connection_name": "list_AIRBNB_silver"} */
[0m12:21:39.455826 [debug] [ThreadPool]: SQL status: SUCCESS 0 in 0.923 seconds
[0m12:21:39.465864 [debug] [MainThread]: Sending event: {'category': 'dbt', 'action': 'runnable_timing', 'label': '69e11924-5724-4762-a5e9-928d0d6bdf75', 'context': [<snowplow_tracker.self_describing_json.SelfDescribingJson object at 0x000001AE343D76B0>]}
[0m12:21:39.516045 [debug] [Thread-2 (]: Began running node model.aws_dbt_snowflake_project.bronze_bookings
[0m12:21:39.516045 [info ] [Thread-2 (]: 1 of 5 START sql incremental model bronze.bronze_bookings ...................... [RUN]
[0m12:21:39.516045 [debug] [Thread-2 (]: Acquiring new snowflake connection 'model.aws_dbt_snowflake_project.bronze_bookings'
[0m12:21:39.521049 [debug] [Thread-2 (]: Began compiling node model.aws_dbt_snowflake_project.bronze_bookings
[0m12:21:39.546466 [debug] [Thread-2 (]: Writing injected SQL for node "model.aws_dbt_snowflake_project.bronze_bookings"
[0m12:21:39.546466 [debug] [Thread-2 (]: Began executing node model.aws_dbt_snowflake_project.bronze_bookings
[0m12:21:39.675654 [debug] [Thread-2 (]: Using snowflake connection "model.aws_dbt_snowflake_project.bronze_bookings"
[0m12:21:39.675654 [debug] [Thread-2 (]: On model.aws_dbt_snowflake_project.bronze_bookings: create or replace  temporary view AIRBNB.bronze.bronze_bookings__dbt_tmp
  
  
  
  
  as (
    



SELECT *
FROM AIRBNB.staging.bookings



WHERE CREATED_AT > (
    SELECT COALESCE(
        MAX(CREATED_AT),
        '1900-01-01'::date
    )
    FROM AIRBNB.bronze.bronze_bookings
)


  )
/* {"app": "dbt", "dbt_version": "1.12.4", "profile_name": "aws_dbt_snowflake_project", "target_name": "dev", "node_id": "model.aws_dbt_snowflake_project.bronze_bookings"} */;
[0m12:21:39.675654 [debug] [Thread-2 (]: Opening a new connection, currently in state init
[0m12:21:40.669024 [debug] [Thread-2 (]: SQL status: SUCCESS 1 in 0.991 seconds
[0m12:21:40.689925 [debug] [Thread-2 (]: Using snowflake connection "model.aws_dbt_snowflake_project.bronze_bookings"
[0m12:21:40.689925 [debug] [Thread-2 (]: On model.aws_dbt_snowflake_project.bronze_bookings: describe table AIRBNB.bronze.bronze_bookings__dbt_tmp
/* {"app": "dbt", "dbt_version": "1.12.4", "profile_name": "aws_dbt_snowflake_project", "target_name": "dev", "node_id": "model.aws_dbt_snowflake_project.bronze_bookings"} */
[0m12:21:40.864212 [debug] [Thread-2 (]: SQL status: SUCCESS 9 in 0.173 seconds
[0m12:21:40.869256 [debug] [Thread-2 (]: Using snowflake connection "model.aws_dbt_snowflake_project.bronze_bookings"
[0m12:21:40.869256 [debug] [Thread-2 (]: On model.aws_dbt_snowflake_project.bronze_bookings: describe table AIRBNB.bronze.bronze_bookings
/* {"app": "dbt", "dbt_version": "1.12.4", "profile_name": "aws_dbt_snowflake_project", "target_name": "dev", "node_id": "model.aws_dbt_snowflake_project.bronze_bookings"} */
[0m12:21:41.078324 [debug] [Thread-2 (]: SQL status: SUCCESS 9 in 0.205 seconds
[0m12:21:41.101080 [debug] [Thread-2 (]: Using snowflake connection "model.aws_dbt_snowflake_project.bronze_bookings"
[0m12:21:41.101080 [debug] [Thread-2 (]: On model.aws_dbt_snowflake_project.bronze_bookings: describe table "AIRBNB"."BRONZE"."BRONZE_BOOKINGS"
/* {"app": "dbt", "dbt_version": "1.12.4", "profile_name": "aws_dbt_snowflake_project", "target_name": "dev", "node_id": "model.aws_dbt_snowflake_project.bronze_bookings"} */
[0m12:21:41.604808 [debug] [Thread-2 (]: SQL status: SUCCESS 9 in 0.501 seconds
[0m12:21:41.670074 [debug] [Thread-2 (]: Writing runtime sql for node "model.aws_dbt_snowflake_project.bronze_bookings"
[0m12:21:41.710059 [debug] [Thread-2 (]: Using snowflake connection "model.aws_dbt_snowflake_project.bronze_bookings"
[0m12:21:41.710059 [debug] [Thread-2 (]: On model.aws_dbt_snowflake_project.bronze_bookings: -- back compat for old kwarg name
  
  begin
/* {"app": "dbt", "dbt_version": "1.12.4", "profile_name": "aws_dbt_snowflake_project", "target_name": "dev", "node_id": "model.aws_dbt_snowflake_project.bronze_bookings"} */;
[0m12:21:41.902020 [debug] [Thread-2 (]: SQL status: SUCCESS 1 in 0.186 seconds
[0m12:21:41.902020 [debug] [Thread-2 (]: Using snowflake connection "model.aws_dbt_snowflake_project.bronze_bookings"
[0m12:21:41.902020 [debug] [Thread-2 (]: On model.aws_dbt_snowflake_project.bronze_bookings: insert into AIRBNB.bronze.bronze_bookings ("BOOKING_ID", "LISTING_ID", "BOOKING_DATE", "NIGHTS_BOOKED", "BOOKING_AMOUNT", "CLEANING_FEE", "SERVICE_FEE", "BOOKING_STATUS", "CREATED_AT")
        (
            select "BOOKING_ID", "LISTING_ID", "BOOKING_DATE", "NIGHTS_BOOKED", "BOOKING_AMOUNT", "CLEANING_FEE", "SERVICE_FEE", "BOOKING_STATUS", "CREATED_AT"
            from AIRBNB.bronze.bronze_bookings__dbt_tmp
        )
/* {"app": "dbt", "dbt_version": "1.12.4", "profile_name": "aws_dbt_snowflake_project", "target_name": "dev", "node_id": "model.aws_dbt_snowflake_project.bronze_bookings"} */;
[0m12:21:42.305857 [debug] [Thread-2 (]: SQL status: SUCCESS 0 in 0.404 seconds
[0m12:21:42.305857 [debug] [Thread-2 (]: Using snowflake connection "model.aws_dbt_snowflake_project.bronze_bookings"
[0m12:21:42.305857 [debug] [Thread-2 (]: On model.aws_dbt_snowflake_project.bronze_bookings: COMMIT
/* {"app": "dbt", "dbt_version": "1.12.4", "profile_name": "aws_dbt_snowflake_project", "target_name": "dev", "node_id": "model.aws_dbt_snowflake_project.bronze_bookings"} */
[0m12:21:42.499063 [debug] [Thread-2 (]: SQL status: SUCCESS 1 in 0.189 seconds
[0m12:21:42.514100 [debug] [Thread-2 (]: Applying DROP to: AIRBNB.bronze.bronze_bookings__dbt_tmp
[0m12:21:42.529080 [debug] [Thread-2 (]: Using snowflake connection "model.aws_dbt_snowflake_project.bronze_bookings"
[0m12:21:42.529080 [debug] [Thread-2 (]: On model.aws_dbt_snowflake_project.bronze_bookings: drop view if exists AIRBNB.bronze.bronze_bookings__dbt_tmp cascade
/* {"app": "dbt", "dbt_version": "1.12.4", "profile_name": "aws_dbt_snowflake_project", "target_name": "dev", "node_id": "model.aws_dbt_snowflake_project.bronze_bookings"} */
[0m12:21:42.737391 [debug] [Thread-2 (]: SQL status: SUCCESS 1 in 0.203 seconds
[0m12:21:42.787397 [debug] [Thread-2 (]: Sending event: {'category': 'dbt', 'action': 'run_model', 'label': '69e11924-5724-4762-a5e9-928d0d6bdf75', 'context': [<snowplow_tracker.self_describing_json.SelfDescribingJson object at 0x000001AE365CE7E0>]}
[0m12:21:42.787397 [info ] [Thread-2 (]: 1 of 5 OK created sql incremental model bronze.bronze_bookings ................. [[32mSUCCESS 0[0m in 3.27s]
[0m12:21:42.792378 [debug] [Thread-2 (]: Finished running node model.aws_dbt_snowflake_project.bronze_bookings
[0m12:21:42.795066 [debug] [Thread-2 (]: Began running node model.aws_dbt_snowflake_project.bronze_hosts
[0m12:21:42.796134 [info ] [Thread-2 (]: 2 of 5 START sql incremental model bronze.bronze_hosts ......................... [RUN]
[0m12:21:42.798258 [debug] [Thread-2 (]: Re-using an available connection from the pool (formerly model.aws_dbt_snowflake_project.bronze_bookings, now model.aws_dbt_snowflake_project.bronze_hosts)
[0m12:21:42.798258 [debug] [Thread-2 (]: Began compiling node model.aws_dbt_snowflake_project.bronze_hosts
[0m12:21:42.804688 [debug] [Thread-2 (]: Writing injected SQL for node "model.aws_dbt_snowflake_project.bronze_hosts"
[0m12:21:42.807974 [debug] [Thread-2 (]: Began executing node model.aws_dbt_snowflake_project.bronze_hosts
[0m12:21:42.815457 [debug] [Thread-2 (]: Using snowflake connection "model.aws_dbt_snowflake_project.bronze_hosts"
[0m12:21:42.816529 [debug] [Thread-2 (]: On model.aws_dbt_snowflake_project.bronze_hosts: create or replace  temporary view AIRBNB.bronze.bronze_hosts__dbt_tmp
  
  
  
  
  as (
    



SELECT *
FROM AIRBNB.staging.hosts



WHERE CREATED_AT > (
    SELECT COALESCE(
        MAX(CREATED_AT),
        '1900-01-01'::date
    )
    FROM AIRBNB.bronze.bronze_hosts
)


  )
/* {"app": "dbt", "dbt_version": "1.12.4", "profile_name": "aws_dbt_snowflake_project", "target_name": "dev", "node_id": "model.aws_dbt_snowflake_project.bronze_hosts"} */;
[0m12:21:43.098673 [debug] [Thread-2 (]: SQL status: SUCCESS 1 in 0.283 seconds
[0m12:21:43.103708 [debug] [Thread-2 (]: Using snowflake connection "model.aws_dbt_snowflake_project.bronze_hosts"
[0m12:21:43.103708 [debug] [Thread-2 (]: On model.aws_dbt_snowflake_project.bronze_hosts: describe table AIRBNB.bronze.bronze_hosts__dbt_tmp
/* {"app": "dbt", "dbt_version": "1.12.4", "profile_name": "aws_dbt_snowflake_project", "target_name": "dev", "node_id": "model.aws_dbt_snowflake_project.bronze_hosts"} */
[0m12:21:43.294160 [debug] [Thread-2 (]: SQL status: SUCCESS 6 in 0.187 seconds
[0m12:21:43.299511 [debug] [Thread-2 (]: Using snowflake connection "model.aws_dbt_snowflake_project.bronze_hosts"
[0m12:21:43.300583 [debug] [Thread-2 (]: On model.aws_dbt_snowflake_project.bronze_hosts: describe table AIRBNB.bronze.bronze_hosts
/* {"app": "dbt", "dbt_version": "1.12.4", "profile_name": "aws_dbt_snowflake_project", "target_name": "dev", "node_id": "model.aws_dbt_snowflake_project.bronze_hosts"} */
[0m12:21:43.473222 [debug] [Thread-2 (]: SQL status: SUCCESS 6 in 0.174 seconds
[0m12:21:43.478253 [debug] [Thread-2 (]: Using snowflake connection "model.aws_dbt_snowflake_project.bronze_hosts"
[0m12:21:43.478253 [debug] [Thread-2 (]: On model.aws_dbt_snowflake_project.bronze_hosts: describe table "AIRBNB"."BRONZE"."BRONZE_HOSTS"
/* {"app": "dbt", "dbt_version": "1.12.4", "profile_name": "aws_dbt_snowflake_project", "target_name": "dev", "node_id": "model.aws_dbt_snowflake_project.bronze_hosts"} */
[0m12:21:43.658552 [debug] [Thread-2 (]: SQL status: SUCCESS 6 in 0.176 seconds
[0m12:21:43.664167 [debug] [Thread-2 (]: Writing runtime sql for node "model.aws_dbt_snowflake_project.bronze_hosts"
[0m12:21:43.664167 [debug] [Thread-2 (]: Using snowflake connection "model.aws_dbt_snowflake_project.bronze_hosts"
[0m12:21:43.669194 [debug] [Thread-2 (]: On model.aws_dbt_snowflake_project.bronze_hosts: -- back compat for old kwarg name
  
  begin
/* {"app": "dbt", "dbt_version": "1.12.4", "profile_name": "aws_dbt_snowflake_project", "target_name": "dev", "node_id": "model.aws_dbt_snowflake_project.bronze_hosts"} */;
[0m12:21:43.891398 [debug] [Thread-2 (]: SQL status: SUCCESS 1 in 0.224 seconds
[0m12:21:43.891398 [debug] [Thread-2 (]: Using snowflake connection "model.aws_dbt_snowflake_project.bronze_hosts"
[0m12:21:43.891398 [debug] [Thread-2 (]: On model.aws_dbt_snowflake_project.bronze_hosts: insert into AIRBNB.bronze.bronze_hosts ("HOST_ID", "HOST_NAME", "HOST_SINCE", "IS_SUPERHOST", "RESPONSE_RATE", "CREATED_AT")
        (
            select "HOST_ID", "HOST_NAME", "HOST_SINCE", "IS_SUPERHOST", "RESPONSE_RATE", "CREATED_AT"
            from AIRBNB.bronze.bronze_hosts__dbt_tmp
        )
/* {"app": "dbt", "dbt_version": "1.12.4", "profile_name": "aws_dbt_snowflake_project", "target_name": "dev", "node_id": "model.aws_dbt_snowflake_project.bronze_hosts"} */;
[0m12:21:44.273049 [debug] [Thread-2 (]: SQL status: SUCCESS 0 in 0.380 seconds
[0m12:21:44.273049 [debug] [Thread-2 (]: Using snowflake connection "model.aws_dbt_snowflake_project.bronze_hosts"
[0m12:21:44.278093 [debug] [Thread-2 (]: On model.aws_dbt_snowflake_project.bronze_hosts: COMMIT
/* {"app": "dbt", "dbt_version": "1.12.4", "profile_name": "aws_dbt_snowflake_project", "target_name": "dev", "node_id": "model.aws_dbt_snowflake_project.bronze_hosts"} */
[0m12:21:45.073321 [debug] [Thread-2 (]: SQL status: SUCCESS 1 in 0.798 seconds
[0m12:21:45.078310 [debug] [Thread-2 (]: Applying DROP to: AIRBNB.bronze.bronze_hosts__dbt_tmp
[0m12:21:45.083323 [debug] [Thread-2 (]: Using snowflake connection "model.aws_dbt_snowflake_project.bronze_hosts"
[0m12:21:45.083323 [debug] [Thread-2 (]: On model.aws_dbt_snowflake_project.bronze_hosts: drop view if exists AIRBNB.bronze.bronze_hosts__dbt_tmp cascade
/* {"app": "dbt", "dbt_version": "1.12.4", "profile_name": "aws_dbt_snowflake_project", "target_name": "dev", "node_id": "model.aws_dbt_snowflake_project.bronze_hosts"} */
[0m12:21:45.283142 [debug] [Thread-2 (]: SQL status: SUCCESS 1 in 0.200 seconds
[0m12:21:45.288120 [debug] [Thread-2 (]: Sending event: {'category': 'dbt', 'action': 'run_model', 'label': '69e11924-5724-4762-a5e9-928d0d6bdf75', 'context': [<snowplow_tracker.self_describing_json.SelfDescribingJson object at 0x000001AE3B84D880>]}
[0m12:21:45.293114 [info ] [Thread-2 (]: 2 of 5 OK created sql incremental model bronze.bronze_hosts .................... [[32mSUCCESS 0[0m in 2.49s]
[0m12:21:45.293114 [debug] [Thread-2 (]: Finished running node model.aws_dbt_snowflake_project.bronze_hosts
[0m12:21:45.293114 [debug] [Thread-2 (]: Began running node model.aws_dbt_snowflake_project.bronze_listings
[0m12:21:45.298117 [info ] [Thread-2 (]: 3 of 5 START sql incremental model bronze.bronze_listings ...................... [RUN]
[0m12:21:45.298117 [debug] [Thread-2 (]: Re-using an available connection from the pool (formerly model.aws_dbt_snowflake_project.bronze_hosts, now model.aws_dbt_snowflake_project.bronze_listings)
[0m12:21:45.298117 [debug] [Thread-2 (]: Began compiling node model.aws_dbt_snowflake_project.bronze_listings
[0m12:21:45.303116 [debug] [Thread-2 (]: Writing injected SQL for node "model.aws_dbt_snowflake_project.bronze_listings"
[0m12:21:45.308150 [debug] [Thread-2 (]: Began executing node model.aws_dbt_snowflake_project.bronze_listings
[0m12:21:45.318117 [debug] [Thread-2 (]: Using snowflake connection "model.aws_dbt_snowflake_project.bronze_listings"
[0m12:21:45.318117 [debug] [Thread-2 (]: On model.aws_dbt_snowflake_project.bronze_listings: create or replace  temporary view AIRBNB.bronze.bronze_listings__dbt_tmp
  
  
  
  
  as (
    



SELECT *
FROM AIRBNB.staging.listings



WHERE CREATED_AT > (
    SELECT COALESCE(
        MAX(CREATED_AT),
        '1900-01-01'::date
    )
    FROM AIRBNB.bronze.bronze_listings
)


  )
/* {"app": "dbt", "dbt_version": "1.12.4", "profile_name": "aws_dbt_snowflake_project", "target_name": "dev", "node_id": "model.aws_dbt_snowflake_project.bronze_listings"} */;
[0m12:21:45.685009 [debug] [Thread-2 (]: SQL status: SUCCESS 1 in 0.364 seconds
[0m12:21:45.690007 [debug] [Thread-2 (]: Using snowflake connection "model.aws_dbt_snowflake_project.bronze_listings"
[0m12:21:45.690007 [debug] [Thread-2 (]: On model.aws_dbt_snowflake_project.bronze_listings: describe table AIRBNB.bronze.bronze_listings__dbt_tmp
/* {"app": "dbt", "dbt_version": "1.12.4", "profile_name": "aws_dbt_snowflake_project", "target_name": "dev", "node_id": "model.aws_dbt_snowflake_project.bronze_listings"} */
[0m12:21:45.893462 [debug] [Thread-2 (]: SQL status: SUCCESS 11 in 0.201 seconds
[0m12:21:45.898465 [debug] [Thread-2 (]: Using snowflake connection "model.aws_dbt_snowflake_project.bronze_listings"
[0m12:21:45.898465 [debug] [Thread-2 (]: On model.aws_dbt_snowflake_project.bronze_listings: describe table AIRBNB.bronze.bronze_listings
/* {"app": "dbt", "dbt_version": "1.12.4", "profile_name": "aws_dbt_snowflake_project", "target_name": "dev", "node_id": "model.aws_dbt_snowflake_project.bronze_listings"} */
[0m12:21:46.098290 [debug] [Thread-2 (]: SQL status: SUCCESS 11 in 0.199 seconds
[0m12:21:46.103333 [debug] [Thread-2 (]: Using snowflake connection "model.aws_dbt_snowflake_project.bronze_listings"
[0m12:21:46.108329 [debug] [Thread-2 (]: On model.aws_dbt_snowflake_project.bronze_listings: describe table "AIRBNB"."BRONZE"."BRONZE_LISTINGS"
/* {"app": "dbt", "dbt_version": "1.12.4", "profile_name": "aws_dbt_snowflake_project", "target_name": "dev", "node_id": "model.aws_dbt_snowflake_project.bronze_listings"} */
[0m12:21:46.298856 [debug] [Thread-2 (]: SQL status: SUCCESS 11 in 0.192 seconds
[0m12:21:46.310591 [debug] [Thread-2 (]: Writing runtime sql for node "model.aws_dbt_snowflake_project.bronze_listings"
[0m12:21:46.313870 [debug] [Thread-2 (]: Using snowflake connection "model.aws_dbt_snowflake_project.bronze_listings"
[0m12:21:46.314960 [debug] [Thread-2 (]: On model.aws_dbt_snowflake_project.bronze_listings: -- back compat for old kwarg name
  
  begin
/* {"app": "dbt", "dbt_version": "1.12.4", "profile_name": "aws_dbt_snowflake_project", "target_name": "dev", "node_id": "model.aws_dbt_snowflake_project.bronze_listings"} */;
[0m12:21:46.504275 [debug] [Thread-2 (]: SQL status: SUCCESS 1 in 0.190 seconds
[0m12:21:46.504275 [debug] [Thread-2 (]: Using snowflake connection "model.aws_dbt_snowflake_project.bronze_listings"
[0m12:21:46.504275 [debug] [Thread-2 (]: On model.aws_dbt_snowflake_project.bronze_listings: insert into AIRBNB.bronze.bronze_listings ("LISTING_ID", "HOST_ID", "PROPERTY_TYPE", "ROOM_TYPE", "CITY", "COUNTRY", "ACCOMMODATES", "BEDROOMS", "BATHROOMS", "PRICE_PER_NIGHT", "CREATED_AT")
        (
            select "LISTING_ID", "HOST_ID", "PROPERTY_TYPE", "ROOM_TYPE", "CITY", "COUNTRY", "ACCOMMODATES", "BEDROOMS", "BATHROOMS", "PRICE_PER_NIGHT", "CREATED_AT"
            from AIRBNB.bronze.bronze_listings__dbt_tmp
        )
/* {"app": "dbt", "dbt_version": "1.12.4", "profile_name": "aws_dbt_snowflake_project", "target_name": "dev", "node_id": "model.aws_dbt_snowflake_project.bronze_listings"} */;
[0m12:21:46.814267 [debug] [Thread-2 (]: SQL status: SUCCESS 0 in 0.305 seconds
[0m12:21:46.814267 [debug] [Thread-2 (]: Using snowflake connection "model.aws_dbt_snowflake_project.bronze_listings"
[0m12:21:46.814267 [debug] [Thread-2 (]: On model.aws_dbt_snowflake_project.bronze_listings: COMMIT
/* {"app": "dbt", "dbt_version": "1.12.4", "profile_name": "aws_dbt_snowflake_project", "target_name": "dev", "node_id": "model.aws_dbt_snowflake_project.bronze_listings"} */
[0m12:21:47.017790 [debug] [Thread-2 (]: SQL status: SUCCESS 1 in 0.203 seconds
[0m12:21:47.022829 [debug] [Thread-2 (]: Applying DROP to: AIRBNB.bronze.bronze_listings__dbt_tmp
[0m12:21:47.027827 [debug] [Thread-2 (]: Using snowflake connection "model.aws_dbt_snowflake_project.bronze_listings"
[0m12:21:47.027827 [debug] [Thread-2 (]: On model.aws_dbt_snowflake_project.bronze_listings: drop view if exists AIRBNB.bronze.bronze_listings__dbt_tmp cascade
/* {"app": "dbt", "dbt_version": "1.12.4", "profile_name": "aws_dbt_snowflake_project", "target_name": "dev", "node_id": "model.aws_dbt_snowflake_project.bronze_listings"} */
[0m12:21:47.232228 [debug] [Thread-2 (]: SQL status: SUCCESS 1 in 0.201 seconds
[0m12:21:47.237255 [debug] [Thread-2 (]: Sending event: {'category': 'dbt', 'action': 'run_model', 'label': '69e11924-5724-4762-a5e9-928d0d6bdf75', 'context': [<snowplow_tracker.self_describing_json.SelfDescribingJson object at 0x000001AE3B77CAD0>]}
[0m12:21:47.237255 [info ] [Thread-2 (]: 3 of 5 OK created sql incremental model bronze.bronze_listings ................. [[32mSUCCESS 0[0m in 1.94s]
[0m12:21:47.242279 [debug] [Thread-2 (]: Finished running node model.aws_dbt_snowflake_project.bronze_listings
[0m12:21:47.242279 [debug] [Thread-2 (]: Began running node model.aws_dbt_snowflake_project.silver_bookings
[0m12:21:47.242279 [info ] [Thread-2 (]: 4 of 5 START sql table model silver.silver_bookings ............................ [RUN]
[0m12:21:47.247256 [debug] [Thread-2 (]: Re-using an available connection from the pool (formerly model.aws_dbt_snowflake_project.bronze_listings, now model.aws_dbt_snowflake_project.silver_bookings)
[0m12:21:47.247815 [debug] [Thread-2 (]: Began compiling node model.aws_dbt_snowflake_project.silver_bookings
[0m12:21:47.256453 [debug] [Thread-2 (]: Writing injected SQL for node "model.aws_dbt_snowflake_project.silver_bookings"
[0m12:21:47.259725 [debug] [Thread-2 (]: Began executing node model.aws_dbt_snowflake_project.silver_bookings
[0m12:21:47.326630 [debug] [Thread-2 (]: Writing runtime sql for node "model.aws_dbt_snowflake_project.silver_bookings"
[0m12:21:47.331166 [debug] [Thread-2 (]: Using snowflake connection "model.aws_dbt_snowflake_project.silver_bookings"
[0m12:21:47.331166 [debug] [Thread-2 (]: On model.aws_dbt_snowflake_project.silver_bookings: create or replace transient table AIRBNB.silver.silver_bookings
    
    
    
    
    

    as (

SELECT 
    BOOKING_ID,
    LISTING_ID,
    BOOKING_DATE,
    
    round(NIGHTS_BOOKED * BOOKING_AMOUNT, 2)
 + CLEANING_FEE + SERVICE_FEE AS TOTAL_AMOUNT,
    BOOKING_STATUS,
    CREATED_AT
FROM 
    AIRBNB.bronze.bronze_bookings
    )

/* {"app": "dbt", "dbt_version": "1.12.4", "profile_name": "aws_dbt_snowflake_project", "target_name": "dev", "node_id": "model.aws_dbt_snowflake_project.silver_bookings"} */;
[0m12:21:48.042563 [debug] [Thread-2 (]: SQL status: SUCCESS 5000 in 0.710 seconds
[0m12:21:48.052568 [debug] [Thread-2 (]: Sending event: {'category': 'dbt', 'action': 'run_model', 'label': '69e11924-5724-4762-a5e9-928d0d6bdf75', 'context': [<snowplow_tracker.self_describing_json.SelfDescribingJson object at 0x000001AE3B77EA50>]}
[0m12:21:48.052568 [info ] [Thread-2 (]: 4 of 5 OK created sql table model silver.silver_bookings ....................... [[32mSUCCESS 5000[0m in 0.81s]
[0m12:21:48.052568 [debug] [Thread-2 (]: Finished running node model.aws_dbt_snowflake_project.silver_bookings
[0m12:21:48.057308 [debug] [Thread-2 (]: Began running node model.aws_dbt_snowflake_project.silver_listings
[0m12:21:48.058422 [info ] [Thread-2 (]: 5 of 5 START sql table model silver.silver_listings ............................ [RUN]
[0m12:21:48.060609 [debug] [Thread-2 (]: Re-using an available connection from the pool (formerly model.aws_dbt_snowflake_project.silver_bookings, now model.aws_dbt_snowflake_project.silver_listings)
[0m12:21:48.061712 [debug] [Thread-2 (]: Began compiling node model.aws_dbt_snowflake_project.silver_listings
[0m12:21:48.069498 [debug] [Thread-2 (]: Writing injected SQL for node "model.aws_dbt_snowflake_project.silver_listings"
[0m12:21:48.071748 [debug] [Thread-2 (]: Began executing node model.aws_dbt_snowflake_project.silver_listings
[0m12:21:48.079755 [debug] [Thread-2 (]: Writing runtime sql for node "model.aws_dbt_snowflake_project.silver_listings"
[0m12:21:48.085364 [debug] [Thread-2 (]: Using snowflake connection "model.aws_dbt_snowflake_project.silver_listings"
[0m12:21:48.086448 [debug] [Thread-2 (]: On model.aws_dbt_snowflake_project.silver_listings: create or replace transient table AIRBNB.silver.silver_listings
    
    
    
    
    

    as (

SELECT 
    LISTING_ID,
    HOST_ID,
    
    PROPERTY_TYPE
 AS PROPERTY_TYPE,
    ROOM_TYPE,
    CITY,
    COUNTRY,
    ACCOMMODATES,
    BEDROOMS,
    BATHROOMS,
    PRICE_PER_NIGHT,
    CREATED_AT
FROM 
    AIRBNB.bronze.bronze_listings
    )

/* {"app": "dbt", "dbt_version": "1.12.4", "profile_name": "aws_dbt_snowflake_project", "target_name": "dev", "node_id": "model.aws_dbt_snowflake_project.silver_listings"} */;
[0m12:21:48.662361 [debug] [Thread-2 (]: SQL status: SUCCESS 500 in 0.577 seconds
[0m12:21:48.667348 [debug] [Thread-2 (]: Sending event: {'category': 'dbt', 'action': 'run_model', 'label': '69e11924-5724-4762-a5e9-928d0d6bdf75', 'context': [<snowplow_tracker.self_describing_json.SelfDescribingJson object at 0x000001AE33486900>]}
[0m12:21:48.672347 [info ] [Thread-2 (]: 5 of 5 OK created sql table model silver.silver_listings ....................... [[32mSUCCESS 500[0m in 0.61s]
[0m12:21:48.674817 [debug] [Thread-2 (]: Finished running node model.aws_dbt_snowflake_project.silver_listings
[0m12:21:48.678059 [debug] [MainThread]: Connection 'master' was properly closed.
[0m12:21:48.679089 [debug] [MainThread]: Connection 'list_AIRBNB' was left open.
[0m12:21:48.679143 [debug] [MainThread]: On list_AIRBNB: Close
[0m12:21:49.065675 [debug] [MainThread]: Connection 'list_AIRBNB_silver' was left open.
[0m12:21:49.065675 [debug] [MainThread]: On list_AIRBNB_silver: Close
[0m12:21:49.376305 [debug] [MainThread]: Connection 'model.aws_dbt_snowflake_project.silver_listings' was left open.
[0m12:21:49.376305 [debug] [MainThread]: On model.aws_dbt_snowflake_project.silver_listings: Close
[0m12:21:49.676699 [info ] [MainThread]: 
[0m12:21:49.681724 [info ] [MainThread]: Finished running 3 incremental models, 2 table models in 0 hours 0 minutes and 15.04 seconds (15.04s).
[0m12:21:49.687694 [debug] [MainThread]: Command end result
[0m12:21:49.786548 [debug] [MainThread]: Wrote artifact WritableManifest to C:\Users\Zaheer Alam\Desktop\all files\AWS_DBT_Snowflake\aws_dbt_snowflake_project\target\manifest.json
[0m12:21:49.796593 [debug] [MainThread]: Wrote artifact SemanticManifest to C:\Users\Zaheer Alam\Desktop\all files\AWS_DBT_Snowflake\aws_dbt_snowflake_project\target\semantic_manifest.json
[0m12:21:49.806570 [debug] [MainThread]: Wrote artifact OsiDocument to C:\Users\Zaheer Alam\Desktop\all files\AWS_DBT_Snowflake\aws_dbt_snowflake_project\target\osi_document.json
[0m12:21:49.821593 [debug] [MainThread]: Wrote artifact RunExecutionResult to C:\Users\Zaheer Alam\Desktop\all files\AWS_DBT_Snowflake\aws_dbt_snowflake_project\target\run_results.json
[0m12:21:49.821593 [info ] [MainThread]: 
[0m12:21:49.826992 [info ] [MainThread]: [32mCompleted successfully[0m
[0m12:21:49.828034 [info ] [MainThread]: 
[0m12:21:49.828034 [info ] [MainThread]: Done. PASS=5 WARN=0 ERROR=0 SKIP=0 NO-OP=0 REUSED=0 TOTAL=5
[0m12:21:49.828034 [debug] [MainThread]: Command `dbt run` succeeded at 12:21:49.828034 after 18.98 seconds
[0m12:21:49.833066 [debug] [MainThread]: Sending event: {'category': 'dbt', 'action': 'invocation', 'label': 'end', 'context': [<snowplow_tracker.self_describing_json.SelfDescribingJson object at 0x000001AE370A02C0>, <snowplow_tracker.self_describing_json.SelfDescribingJson object at 0x000001AE36C97B60>, <snowplow_tracker.self_describing_json.SelfDescribingJson object at 0x000001AE36C977A0>]}
[0m12:21:49.833066 [debug] [MainThread]: Flushing usage events
[0m12:21:52.544695 [debug] [MainThread]: An error was encountered while trying to flush usage events
[0m12:27:26.345738 [debug] [MainThread]: Sending event: {'category': 'dbt', 'action': 'invocation', 'label': 'start', 'context': [<snowplow_tracker.self_describing_json.SelfDescribingJson object at 0x000001F6B13957F0>, <snowplow_tracker.self_describing_json.SelfDescribingJson object at 0x000001F6B41EE750>, <snowplow_tracker.self_describing_json.SelfDescribingJson object at 0x000001F6B28EF6E0>]}


============================== 12:27:26.355751 | 3abc9766-17aa-4db2-ba41-b0ed6d8eb06b ==============================
[0m12:27:26.355751 [info ] [MainThread]: Running with dbt=1.12.4
[0m12:27:26.355751 [debug] [MainThread]: running dbt with arguments {'static_parser': 'True', 'no_print': 'None', 'maximum_seed_size_mib': '1', 'warn_error_options': 'WarnErrorOptionsV2(error=[], warn=[], silence=[])', 'target_path': 'None', 'version_check': 'True', 'printer_width': '80', 'write_json': 'True', 'introspect': 'True', 'log_cache_events': 'False', 'empty': 'False', 'cache_selected_only': 'False', 'fail_fast': 'False', 'debug': 'False', 'log_format': 'default', 'partial_parse': 'True', 'send_anonymous_usage_stats': 'True', 'quiet': 'False', 'warn_error': 'None', 'profiles_dir': 'C:\\Users\\Zaheer Alam\\.dbt', 'use_colors': 'True', 'hints_enabled': 'True', 'invocation_command': 'dbt run', 'use_experimental_parser': 'False', 'indirect_selection': 'eager', 'log_path': 'C:\\Users\\Zaheer Alam\\Desktop\\all files\\AWS_DBT_Snowflake\\aws_dbt_snowflake_project\\logs'}
[0m12:27:27.357989 [debug] [MainThread]: Snowflake adapter: Setting snowflake.connector to ERROR (file logging only)
[0m12:27:27.357989 [debug] [MainThread]: Snowflake adapter: Setting botocore to ERROR (file logging only)
[0m12:27:27.357989 [debug] [MainThread]: Snowflake adapter: Setting boto3 to ERROR (file logging only)
[0m12:27:27.970651 [debug] [MainThread]: Sending event: {'category': 'dbt', 'action': 'project_id', 'label': '3abc9766-17aa-4db2-ba41-b0ed6d8eb06b', 'context': [<snowplow_tracker.self_describing_json.SelfDescribingJson object at 0x000001F6B73B88F0>]}
[0m12:27:28.121006 [debug] [MainThread]: Sending event: {'category': 'dbt', 'action': 'adapter_info', 'label': '3abc9766-17aa-4db2-ba41-b0ed6d8eb06b', 'context': [<snowplow_tracker.self_describing_json.SelfDescribingJson object at 0x000001F6B784F440>]}
[0m12:27:28.121006 [info ] [MainThread]: Registered adapter: snowflake=1.12.0
[0m12:27:28.911829 [debug] [MainThread]: checksum: 5898aabf08c9bfee8ee956a138979f76ca666292702eae8cc33b5009f8451796, vars: {}, profile: aws_dbt_snowflake_project, target: dev, version: 1.12.4
[0m12:27:29.253984 [debug] [MainThread]: Partial parsing enabled: 0 files deleted, 0 files added, 2 files changed.
[0m12:27:29.253984 [debug] [MainThread]: Partial parsing: updated file: aws_dbt_snowflake_project://macros\trimmer.sql
[0m12:27:29.259000 [debug] [MainThread]: Partial parsing: updated file: aws_dbt_snowflake_project://models\silver\silver_listings.sql
[0m12:27:29.753148 [error] [MainThread]: [[31mERROR[0m]: Encountered an error:
Compilation Error in model silver_listings (models\silver\silver_listings.sql)
  macro 'dbt_macro__trimmer' takes not more than 1 argument(s)
[0m12:27:29.753148 [debug] [MainThread]: Command `dbt run` failed at 12:27:29.753148 after 3.81 seconds
[0m12:27:29.758212 [debug] [MainThread]: Sending event: {'category': 'dbt', 'action': 'invocation', 'label': 'end', 'context': [<snowplow_tracker.self_describing_json.SelfDescribingJson object at 0x000001F6B3DA5D30>, <snowplow_tracker.self_describing_json.SelfDescribingJson object at 0x000001F6B7BF01A0>, <snowplow_tracker.self_describing_json.SelfDescribingJson object at 0x000001F6B92AA810>]}
[0m12:27:29.758212 [debug] [MainThread]: Flushing usage events
[0m12:27:32.092170 [debug] [MainThread]: An error was encountered while trying to flush usage events
[0m12:28:10.177679 [debug] [MainThread]: Sending event: {'category': 'dbt', 'action': 'invocation', 'label': 'start', 'context': [<snowplow_tracker.self_describing_json.SelfDescribingJson object at 0x00000220A91A5310>, <snowplow_tracker.self_describing_json.SelfDescribingJson object at 0x00000220A91A5250>, <snowplow_tracker.self_describing_json.SelfDescribingJson object at 0x00000220A7797620>]}


============================== 12:28:10.187702 | 176b189a-9c22-4e97-a8c5-2a42e9fd41eb ==============================
[0m12:28:10.187702 [info ] [MainThread]: Running with dbt=1.12.4
[0m12:28:10.187702 [debug] [MainThread]: running dbt with arguments {'version_check': 'True', 'no_print': 'None', 'maximum_seed_size_mib': '1', 'warn_error_options': 'WarnErrorOptionsV2(error=[], warn=[], silence=[])', 'target_path': 'None', 'static_parser': 'True', 'printer_width': '80', 'write_json': 'True', 'empty': 'False', 'log_cache_events': 'False', 'introspect': 'True', 'cache_selected_only': 'False', 'log_format': 'default', 'debug': 'False', 'fail_fast': 'False', 'profiles_dir': 'C:\\Users\\Zaheer Alam\\.dbt', 'send_anonymous_usage_stats': 'True', 'quiet': 'False', 'warn_error': 'None', 'partial_parse': 'True', 'use_colors': 'True', 'hints_enabled': 'True', 'indirect_selection': 'eager', 'use_experimental_parser': 'False', 'invocation_command': 'dbt run', 'log_path': 'C:\\Users\\Zaheer Alam\\Desktop\\all files\\AWS_DBT_Snowflake\\aws_dbt_snowflake_project\\logs'}
[0m12:28:11.087392 [debug] [MainThread]: Snowflake adapter: Setting snowflake.connector to ERROR (file logging only)
[0m12:28:11.087392 [debug] [MainThread]: Snowflake adapter: Setting botocore to ERROR (file logging only)
[0m12:28:11.087392 [debug] [MainThread]: Snowflake adapter: Setting boto3 to ERROR (file logging only)
[0m12:28:11.672821 [debug] [MainThread]: Sending event: {'category': 'dbt', 'action': 'project_id', 'label': '176b189a-9c22-4e97-a8c5-2a42e9fd41eb', 'context': [<snowplow_tracker.self_describing_json.SelfDescribingJson object at 0x00000220A938E060>]}
[0m12:28:11.817057 [debug] [MainThread]: Sending event: {'category': 'dbt', 'action': 'adapter_info', 'label': '176b189a-9c22-4e97-a8c5-2a42e9fd41eb', 'context': [<snowplow_tracker.self_describing_json.SelfDescribingJson object at 0x00000220AA9FDE80>]}
[0m12:28:11.817057 [info ] [MainThread]: Registered adapter: snowflake=1.12.0
[0m12:28:12.488587 [debug] [MainThread]: checksum: 5898aabf08c9bfee8ee956a138979f76ca666292702eae8cc33b5009f8451796, vars: {}, profile: aws_dbt_snowflake_project, target: dev, version: 1.12.4
[0m12:28:12.826538 [debug] [MainThread]: Partial parsing enabled: 0 files deleted, 0 files added, 2 files changed.
[0m12:28:12.831563 [debug] [MainThread]: Partial parsing: updated file: aws_dbt_snowflake_project://models\silver\silver_listings.sql
[0m12:28:12.831563 [debug] [MainThread]: Partial parsing: updated file: aws_dbt_snowflake_project://macros\trimmer.sql
[0m12:28:13.277506 [error] [MainThread]: [[31mERROR[0m]: Encountered an error:
Compilation Error in model silver_listings (models\silver\silver_listings.sql)
  'col' is undefined
[0m12:28:13.282514 [debug] [MainThread]: Command `dbt run` failed at 12:28:13.282514 after 3.40 seconds
[0m12:28:13.282514 [debug] [MainThread]: Sending event: {'category': 'dbt', 'action': 'invocation', 'label': 'end', 'context': [<snowplow_tracker.self_describing_json.SelfDescribingJson object at 0x00000220A6915970>, <snowplow_tracker.self_describing_json.SelfDescribingJson object at 0x00000220A9B05940>, <snowplow_tracker.self_describing_json.SelfDescribingJson object at 0x00000220AAB7A330>]}
[0m12:28:13.282514 [debug] [MainThread]: Flushing usage events
[0m12:28:15.512560 [debug] [MainThread]: An error was encountered while trying to flush usage events
[0m12:28:48.239077 [debug] [MainThread]: Sending event: {'category': 'dbt', 'action': 'invocation', 'label': 'start', 'context': [<snowplow_tracker.self_describing_json.SelfDescribingJson object at 0x000002793EC0B1D0>, <snowplow_tracker.self_describing_json.SelfDescribingJson object at 0x000002793FE56000>, <snowplow_tracker.self_describing_json.SelfDescribingJson object at 0x000002793ED52060>]}


============================== 12:28:48.244106 | d4385720-8276-483a-acca-f873082e6a3e ==============================
[0m12:28:48.244106 [info ] [MainThread]: Running with dbt=1.12.4
[0m12:28:48.244106 [debug] [MainThread]: running dbt with arguments {'static_parser': 'True', 'no_print': 'None', 'maximum_seed_size_mib': '1', 'target_path': 'None', 'warn_error_options': 'WarnErrorOptionsV2(error=[], warn=[], silence=[])', 'version_check': 'True', 'printer_width': '80', 'write_json': 'True', 'empty': 'False', 'log_cache_events': 'False', 'introspect': 'True', 'cache_selected_only': 'False', 'log_format': 'default', 'debug': 'False', 'fail_fast': 'False', 'partial_parse': 'True', 'send_anonymous_usage_stats': 'True', 'quiet': 'False', 'warn_error': 'None', 'profiles_dir': 'C:\\Users\\Zaheer Alam\\.dbt', 'invocation_command': 'dbt run', 'hints_enabled': 'True', 'use_colors': 'True', 'use_experimental_parser': 'False', 'indirect_selection': 'eager', 'log_path': 'C:\\Users\\Zaheer Alam\\Desktop\\all files\\AWS_DBT_Snowflake\\aws_dbt_snowflake_project\\logs'}
[0m12:28:49.083767 [debug] [MainThread]: Snowflake adapter: Setting snowflake.connector to ERROR (file logging only)
[0m12:28:49.083767 [debug] [MainThread]: Snowflake adapter: Setting botocore to ERROR (file logging only)
[0m12:28:49.088805 [debug] [MainThread]: Snowflake adapter: Setting boto3 to ERROR (file logging only)
[0m12:28:49.655827 [debug] [MainThread]: Sending event: {'category': 'dbt', 'action': 'project_id', 'label': 'd4385720-8276-483a-acca-f873082e6a3e', 'context': [<snowplow_tracker.self_describing_json.SelfDescribingJson object at 0x00000279454CDC10>]}
[0m12:28:49.802188 [debug] [MainThread]: Sending event: {'category': 'dbt', 'action': 'adapter_info', 'label': 'd4385720-8276-483a-acca-f873082e6a3e', 'context': [<snowplow_tracker.self_describing_json.SelfDescribingJson object at 0x000002794469A1B0>]}
[0m12:28:49.802188 [info ] [MainThread]: Registered adapter: snowflake=1.12.0
[0m12:28:50.475936 [debug] [MainThread]: checksum: 5898aabf08c9bfee8ee956a138979f76ca666292702eae8cc33b5009f8451796, vars: {}, profile: aws_dbt_snowflake_project, target: dev, version: 1.12.4
[0m12:28:50.852912 [debug] [MainThread]: Partial parsing enabled: 0 files deleted, 0 files added, 3 files changed.
[0m12:28:50.852912 [debug] [MainThread]: Partial parsing: updated file: aws_dbt_snowflake_project://models\silver\silver_listings.sql
[0m12:28:50.852912 [debug] [MainThread]: Partial parsing: updated file: aws_dbt_snowflake_project://macros\trimmer.sql
[0m12:28:50.852912 [debug] [MainThread]: Partial parsing: updated file: aws_dbt_snowflake_project://macros\tag.SQL
[0m12:28:51.303452 [error] [MainThread]: [[31mERROR[0m]: Encountered an error:
Compilation Error in model silver_listings (models\silver\silver_listings.sql)
  '<' not supported between instances of 'str' and 'int'
[0m12:28:51.308435 [debug] [MainThread]: Command `dbt run` failed at 12:28:51.308435 after 3.33 seconds
[0m12:28:51.308435 [debug] [MainThread]: Sending event: {'category': 'dbt', 'action': 'invocation', 'label': 'end', 'context': [<snowplow_tracker.self_describing_json.SelfDescribingJson object at 0x0000027941A47920>, <snowplow_tracker.self_describing_json.SelfDescribingJson object at 0x00000279455B83B0>, <snowplow_tracker.self_describing_json.SelfDescribingJson object at 0x00000279455B97F0>]}
[0m12:28:51.308435 [debug] [MainThread]: Flushing usage events
[0m12:28:54.636978 [debug] [MainThread]: An error was encountered while trying to flush usage events
[0m12:29:45.870454 [debug] [MainThread]: Sending event: {'category': 'dbt', 'action': 'invocation', 'label': 'start', 'context': [<snowplow_tracker.self_describing_json.SelfDescribingJson object at 0x000002A3AD28C860>, <snowplow_tracker.self_describing_json.SelfDescribingJson object at 0x000002A3B08442C0>, <snowplow_tracker.self_describing_json.SelfDescribingJson object at 0x000002A3B0846030>]}


============================== 12:29:45.875484 | 1c20260d-00da-43a2-9286-51b6c228897a ==============================
[0m12:29:45.875484 [info ] [MainThread]: Running with dbt=1.12.4
[0m12:29:45.880483 [debug] [MainThread]: running dbt with arguments {'static_parser': 'True', 'no_print': 'None', 'version_check': 'True', 'warn_error_options': 'WarnErrorOptionsV2(error=[], warn=[], silence=[])', 'maximum_seed_size_mib': '1', 'target_path': 'None', 'printer_width': '80', 'write_json': 'True', 'introspect': 'True', 'log_cache_events': 'False', 'empty': 'False', 'cache_selected_only': 'False', 'log_format': 'default', 'debug': 'False', 'fail_fast': 'False', 'partial_parse': 'True', 'send_anonymous_usage_stats': 'True', 'quiet': 'False', 'warn_error': 'None', 'profiles_dir': 'C:\\Users\\Zaheer Alam\\.dbt', 'indirect_selection': 'eager', 'hints_enabled': 'True', 'invocation_command': 'dbt run', 'use_experimental_parser': 'False', 'use_colors': 'True', 'log_path': 'C:\\Users\\Zaheer Alam\\Desktop\\all files\\AWS_DBT_Snowflake\\aws_dbt_snowflake_project\\logs'}
[0m12:29:46.700128 [debug] [MainThread]: Snowflake adapter: Setting snowflake.connector to ERROR (file logging only)
[0m12:29:46.700128 [debug] [MainThread]: Snowflake adapter: Setting botocore to ERROR (file logging only)
[0m12:29:46.700128 [debug] [MainThread]: Snowflake adapter: Setting boto3 to ERROR (file logging only)
[0m12:29:47.376514 [debug] [MainThread]: Sending event: {'category': 'dbt', 'action': 'project_id', 'label': '1c20260d-00da-43a2-9286-51b6c228897a', 'context': [<snowplow_tracker.self_describing_json.SelfDescribingJson object at 0x000002A3B39BF110>]}
[0m12:29:47.534069 [debug] [MainThread]: Sending event: {'category': 'dbt', 'action': 'adapter_info', 'label': '1c20260d-00da-43a2-9286-51b6c228897a', 'context': [<snowplow_tracker.self_describing_json.SelfDescribingJson object at 0x000002A3B31FD430>]}
[0m12:29:47.539069 [info ] [MainThread]: Registered adapter: snowflake=1.12.0
[0m12:29:48.343050 [debug] [MainThread]: checksum: 5898aabf08c9bfee8ee956a138979f76ca666292702eae8cc33b5009f8451796, vars: {}, profile: aws_dbt_snowflake_project, target: dev, version: 1.12.4
[0m12:29:48.704640 [debug] [MainThread]: Partial parsing enabled: 0 files deleted, 0 files added, 3 files changed.
[0m12:29:48.704640 [debug] [MainThread]: Partial parsing: updated file: aws_dbt_snowflake_project://macros\tag.SQL
[0m12:29:48.709832 [debug] [MainThread]: Partial parsing: updated file: aws_dbt_snowflake_project://macros\trimmer.sql
[0m12:29:48.710362 [debug] [MainThread]: Partial parsing: updated file: aws_dbt_snowflake_project://models\silver\silver_listings.sql
[0m12:29:49.184443 [error] [MainThread]: [[31mERROR[0m]: Encountered an error:
Compilation Error in model silver_listings (models\silver\silver_listings.sql)
  'cas' is undefined
[0m12:29:49.184443 [debug] [MainThread]: Command `dbt run` failed at 12:29:49.184443 after 3.61 seconds
[0m12:29:49.190621 [debug] [MainThread]: Sending event: {'category': 'dbt', 'action': 'invocation', 'label': 'end', 'context': [<snowplow_tracker.self_describing_json.SelfDescribingJson object at 0x000002A3B0CC3620>, <snowplow_tracker.self_describing_json.SelfDescribingJson object at 0x000002A3B5565E80>, <snowplow_tracker.self_describing_json.SelfDescribingJson object at 0x000002A3B5565910>]}
[0m12:29:49.192341 [debug] [MainThread]: Flushing usage events
[0m12:29:52.482207 [debug] [MainThread]: An error was encountered while trying to flush usage events
[0m12:30:05.459711 [debug] [MainThread]: Sending event: {'category': 'dbt', 'action': 'invocation', 'label': 'start', 'context': [<snowplow_tracker.self_describing_json.SelfDescribingJson object at 0x0000029597C5C200>, <snowplow_tracker.self_describing_json.SelfDescribingJson object at 0x00000295976D70B0>, <snowplow_tracker.self_describing_json.SelfDescribingJson object at 0x00000295976D6B70>]}


============================== 12:30:05.469705 | 121cb3e5-b96a-4a2f-a1c6-b0614b01f3c3 ==============================
[0m12:30:05.469705 [info ] [MainThread]: Running with dbt=1.12.4
[0m12:30:05.472208 [debug] [MainThread]: running dbt with arguments {'static_parser': 'True', 'no_print': 'None', 'version_check': 'True', 'warn_error_options': 'WarnErrorOptionsV2(error=[], warn=[], silence=[])', 'target_path': 'None', 'maximum_seed_size_mib': '1', 'printer_width': '80', 'write_json': 'True', 'empty': 'False', 'log_cache_events': 'False', 'introspect': 'True', 'cache_selected_only': 'False', 'log_format': 'default', 'debug': 'False', 'fail_fast': 'False', 'partial_parse': 'True', 'send_anonymous_usage_stats': 'True', 'quiet': 'False', 'warn_error': 'None', 'profiles_dir': 'C:\\Users\\Zaheer Alam\\.dbt', 'indirect_selection': 'eager', 'hints_enabled': 'True', 'use_colors': 'True', 'use_experimental_parser': 'False', 'invocation_command': 'dbt run', 'log_path': 'C:\\Users\\Zaheer Alam\\Desktop\\all files\\AWS_DBT_Snowflake\\aws_dbt_snowflake_project\\logs'}
[0m12:30:06.287831 [debug] [MainThread]: Snowflake adapter: Setting snowflake.connector to ERROR (file logging only)
[0m12:30:06.292830 [debug] [MainThread]: Snowflake adapter: Setting botocore to ERROR (file logging only)
[0m12:30:06.292830 [debug] [MainThread]: Snowflake adapter: Setting boto3 to ERROR (file logging only)
[0m12:30:06.972779 [debug] [MainThread]: Sending event: {'category': 'dbt', 'action': 'project_id', 'label': '121cb3e5-b96a-4a2f-a1c6-b0614b01f3c3', 'context': [<snowplow_tracker.self_describing_json.SelfDescribingJson object at 0x000002959B14DC10>]}
[0m12:30:07.112156 [debug] [MainThread]: Sending event: {'category': 'dbt', 'action': 'adapter_info', 'label': '121cb3e5-b96a-4a2f-a1c6-b0614b01f3c3', 'context': [<snowplow_tracker.self_describing_json.SelfDescribingJson object at 0x000002959A8065A0>]}
[0m12:30:07.112156 [info ] [MainThread]: Registered adapter: snowflake=1.12.0
[0m12:30:07.856258 [debug] [MainThread]: checksum: 5898aabf08c9bfee8ee956a138979f76ca666292702eae8cc33b5009f8451796, vars: {}, profile: aws_dbt_snowflake_project, target: dev, version: 1.12.4
[0m12:30:08.193336 [debug] [MainThread]: Partial parsing enabled: 0 files deleted, 0 files added, 3 files changed.
[0m12:30:08.198341 [debug] [MainThread]: Partial parsing: updated file: aws_dbt_snowflake_project://macros\tag.SQL
[0m12:30:08.198341 [debug] [MainThread]: Partial parsing: updated file: aws_dbt_snowflake_project://macros\trimmer.sql
[0m12:30:08.198341 [debug] [MainThread]: Partial parsing: updated file: aws_dbt_snowflake_project://models\silver\silver_listings.sql
[0m12:30:08.681472 [error] [MainThread]: [[31mERROR[0m]: Encountered an error:
Compilation Error in model silver_listings (models\silver\silver_listings.sql)
  '<' not supported between instances of 'str' and 'int'
[0m12:30:08.686199 [debug] [MainThread]: Command `dbt run` failed at 12:30:08.686199 after 3.49 seconds
[0m12:30:08.686199 [debug] [MainThread]: Sending event: {'category': 'dbt', 'action': 'invocation', 'label': 'end', 'context': [<snowplow_tracker.self_describing_json.SelfDescribingJson object at 0x00000295971EA5A0>, <snowplow_tracker.self_describing_json.SelfDescribingJson object at 0x000002959C6B1760>, <snowplow_tracker.self_describing_json.SelfDescribingJson object at 0x000002959C6B9FA0>]}
[0m12:30:08.686199 [debug] [MainThread]: Flushing usage events
[0m12:30:10.606395 [debug] [MainThread]: An error was encountered while trying to flush usage events
[0m12:32:35.632818 [debug] [MainThread]: Sending event: {'category': 'dbt', 'action': 'invocation', 'label': 'start', 'context': [<snowplow_tracker.self_describing_json.SelfDescribingJson object at 0x00000299FF63ECF0>, <snowplow_tracker.self_describing_json.SelfDescribingJson object at 0x0000029982187740>, <snowplow_tracker.self_describing_json.SelfDescribingJson object at 0x0000029983DB8470>]}


============================== 12:32:35.637839 | 7c6b93a4-e09e-4034-b453-8d4c840e5083 ==============================
[0m12:32:35.637839 [info ] [MainThread]: Running with dbt=1.12.4
[0m12:32:35.637839 [debug] [MainThread]: running dbt with arguments {'static_parser': 'True', 'no_print': 'None', 'maximum_seed_size_mib': '1', 'warn_error_options': 'WarnErrorOptionsV2(error=[], warn=[], silence=[])', 'version_check': 'True', 'target_path': 'None', 'printer_width': '80', 'write_json': 'True', 'introspect': 'True', 'log_cache_events': 'False', 'empty': 'False', 'cache_selected_only': 'False', 'fail_fast': 'False', 'debug': 'False', 'log_format': 'default', 'partial_parse': 'True', 'send_anonymous_usage_stats': 'True', 'quiet': 'False', 'warn_error': 'None', 'profiles_dir': 'C:\\Users\\Zaheer Alam\\.dbt', 'indirect_selection': 'eager', 'hints_enabled': 'True', 'use_colors': 'True', 'use_experimental_parser': 'False', 'invocation_command': 'dbt run', 'log_path': 'C:\\Users\\Zaheer Alam\\Desktop\\all files\\AWS_DBT_Snowflake\\aws_dbt_snowflake_project\\logs'}
[0m12:32:36.557671 [debug] [MainThread]: Snowflake adapter: Setting snowflake.connector to ERROR (file logging only)
[0m12:32:36.557671 [debug] [MainThread]: Snowflake adapter: Setting botocore to ERROR (file logging only)
[0m12:32:36.562725 [debug] [MainThread]: Snowflake adapter: Setting boto3 to ERROR (file logging only)
[0m12:32:37.140765 [debug] [MainThread]: Sending event: {'category': 'dbt', 'action': 'project_id', 'label': '7c6b93a4-e09e-4034-b453-8d4c840e5083', 'context': [<snowplow_tracker.self_describing_json.SelfDescribingJson object at 0x0000029985466F30>]}
[0m12:32:37.321060 [debug] [MainThread]: Sending event: {'category': 'dbt', 'action': 'adapter_info', 'label': '7c6b93a4-e09e-4034-b453-8d4c840e5083', 'context': [<snowplow_tracker.self_describing_json.SelfDescribingJson object at 0x000002998541CE30>]}
[0m12:32:37.321060 [info ] [MainThread]: Registered adapter: snowflake=1.12.0
[0m12:32:38.057722 [debug] [MainThread]: checksum: 5898aabf08c9bfee8ee956a138979f76ca666292702eae8cc33b5009f8451796, vars: {}, profile: aws_dbt_snowflake_project, target: dev, version: 1.12.4
[0m12:32:38.397888 [debug] [MainThread]: Partial parsing enabled: 0 files deleted, 0 files added, 0 files changed.
[0m12:32:38.397888 [debug] [MainThread]: Nothing changed, skipping partial parsing.
[0m12:32:38.397888 [debug] [MainThread]: Partial parsing enabled, no changes found, skipping parsing
[0m12:32:38.407890 [warn ] [MainThread]: [[33mWARNING[0m]: Configuration paths exist in your dbt_project.yml file which do not apply to any resources.
There are 1 unused configuration paths:
- models.aws_dbt_snowflake_project.gold
[0m12:32:38.418059 [debug] [MainThread]: Sending event: {'category': 'dbt', 'action': 'load_project', 'label': '7c6b93a4-e09e-4034-b453-8d4c840e5083', 'context': [<snowplow_tracker.self_describing_json.SelfDescribingJson object at 0x000002998542AA20>]}
[0m12:32:38.724602 [debug] [MainThread]: Wrote artifact WritableManifest to C:\Users\Zaheer Alam\Desktop\all files\AWS_DBT_Snowflake\aws_dbt_snowflake_project\target\manifest.json
[0m12:32:38.734617 [debug] [MainThread]: Wrote artifact SemanticManifest to C:\Users\Zaheer Alam\Desktop\all files\AWS_DBT_Snowflake\aws_dbt_snowflake_project\target\semantic_manifest.json
[0m12:32:38.836734 [debug] [MainThread]: Wrote artifact OsiDocument to C:\Users\Zaheer Alam\Desktop\all files\AWS_DBT_Snowflake\aws_dbt_snowflake_project\target\osi_document.json
[0m12:32:38.865041 [debug] [MainThread]: Sending event: {'category': 'dbt', 'action': 'resource_counts', 'label': '7c6b93a4-e09e-4034-b453-8d4c840e5083', 'context': [<snowplow_tracker.self_describing_json.SelfDescribingJson object at 0x0000029986B085C0>]}
[0m12:32:38.865041 [info ] [MainThread]: Found 5 models, 2 analyses, 3 sources, 549 macros
[0m12:32:38.865041 [debug] [MainThread]: Sending event: {'category': 'dbt', 'action': 'runnable_timing', 'label': '7c6b93a4-e09e-4034-b453-8d4c840e5083', 'context': [<snowplow_tracker.self_describing_json.SelfDescribingJson object at 0x0000029986AC99A0>]}
[0m12:32:38.870053 [info ] [MainThread]: 
[0m12:32:38.870053 [info ] [MainThread]: Concurrency: 1 threads (target='dev')
[0m12:32:38.870053 [info ] [MainThread]: 
[0m12:32:38.875043 [debug] [MainThread]: Acquiring new snowflake connection 'master'
[0m12:32:38.880053 [debug] [ThreadPool]: Acquiring new snowflake connection 'list_AIRBNB'
[0m12:32:38.925651 [debug] [ThreadPool]: Using snowflake connection "list_AIRBNB"
[0m12:32:38.930654 [debug] [ThreadPool]: On list_AIRBNB: show terse schemas in database AIRBNB
    limit 10000
/* {"app": "dbt", "dbt_version": "1.12.4", "profile_name": "aws_dbt_snowflake_project", "target_name": "dev", "connection_name": "list_AIRBNB"} */
[0m12:32:38.930654 [debug] [ThreadPool]: Opening a new connection, currently in state init
[0m12:32:40.749888 [debug] [ThreadPool]: SQL status: SUCCESS 6 in 1.823 seconds
[0m12:32:40.759941 [debug] [ThreadPool]: Using snowflake connection "list_AIRBNB"
[0m12:32:40.759941 [debug] [ThreadPool]: On list_AIRBNB: show terse schemas in database AIRBNB
    limit 10000
/* {"app": "dbt", "dbt_version": "1.12.4", "profile_name": "aws_dbt_snowflake_project", "target_name": "dev", "connection_name": "list_AIRBNB"} */
[0m12:32:40.963448 [debug] [ThreadPool]: SQL status: SUCCESS 6 in 0.204 seconds
[0m12:32:40.972036 [debug] [ThreadPool]: Acquiring new snowflake connection 'list_AIRBNB_bronze'
[0m12:32:40.997106 [debug] [ThreadPool]: Using snowflake connection "list_AIRBNB_bronze"
[0m12:32:40.997106 [debug] [ThreadPool]: On list_AIRBNB_bronze: show objects in AIRBNB.bronze
    limit 10000
    

/* {"app": "dbt", "dbt_version": "1.12.4", "profile_name": "aws_dbt_snowflake_project", "target_name": "dev", "connection_name": "list_AIRBNB_bronze"} */;
[0m12:32:40.997106 [debug] [ThreadPool]: Opening a new connection, currently in state init
[0m12:32:41.998104 [debug] [ThreadPool]: SQL status: SUCCESS 3 in 1.001 seconds
[0m12:32:42.013116 [debug] [ThreadPool]: Using snowflake connection "list_AIRBNB_bronze"
[0m12:32:42.013116 [debug] [ThreadPool]: On list_AIRBNB_bronze: show user functions in AIRBNB.bronze
/* {"app": "dbt", "dbt_version": "1.12.4", "profile_name": "aws_dbt_snowflake_project", "target_name": "dev", "connection_name": "list_AIRBNB_bronze"} */
[0m12:32:42.258938 [debug] [ThreadPool]: SQL status: SUCCESS 0 in 0.246 seconds
[0m12:32:42.264014 [debug] [ThreadPool]: Re-using an available connection from the pool (formerly list_AIRBNB_bronze, now list_AIRBNB_silver)
[0m12:32:42.268977 [debug] [ThreadPool]: Using snowflake connection "list_AIRBNB_silver"
[0m12:32:42.268977 [debug] [ThreadPool]: On list_AIRBNB_silver: show objects in AIRBNB.silver
    limit 10000
    

/* {"app": "dbt", "dbt_version": "1.12.4", "profile_name": "aws_dbt_snowflake_project", "target_name": "dev", "connection_name": "list_AIRBNB_silver"} */;
[0m12:32:42.491961 [debug] [ThreadPool]: SQL status: SUCCESS 2 in 0.223 seconds
[0m12:32:42.497031 [debug] [ThreadPool]: Using snowflake connection "list_AIRBNB_silver"
[0m12:32:42.497031 [debug] [ThreadPool]: On list_AIRBNB_silver: show user functions in AIRBNB.silver
/* {"app": "dbt", "dbt_version": "1.12.4", "profile_name": "aws_dbt_snowflake_project", "target_name": "dev", "connection_name": "list_AIRBNB_silver"} */
[0m12:32:42.698801 [debug] [ThreadPool]: SQL status: SUCCESS 0 in 0.201 seconds
[0m12:32:42.703800 [debug] [MainThread]: Sending event: {'category': 'dbt', 'action': 'runnable_timing', 'label': '7c6b93a4-e09e-4034-b453-8d4c840e5083', 'context': [<snowplow_tracker.self_describing_json.SelfDescribingJson object at 0x0000029985809550>]}
[0m12:32:42.712178 [debug] [Thread-2 (]: Began running node model.aws_dbt_snowflake_project.bronze_bookings
[0m12:32:42.712178 [info ] [Thread-2 (]: 1 of 5 START sql incremental model bronze.bronze_bookings ...................... [RUN]
[0m12:32:42.717229 [debug] [Thread-2 (]: Acquiring new snowflake connection 'model.aws_dbt_snowflake_project.bronze_bookings'
[0m12:32:42.717229 [debug] [Thread-2 (]: Began compiling node model.aws_dbt_snowflake_project.bronze_bookings
[0m12:32:42.757208 [debug] [Thread-2 (]: Writing injected SQL for node "model.aws_dbt_snowflake_project.bronze_bookings"
[0m12:32:42.762213 [debug] [Thread-2 (]: Began executing node model.aws_dbt_snowflake_project.bronze_bookings
[0m12:32:42.894690 [debug] [Thread-2 (]: Using snowflake connection "model.aws_dbt_snowflake_project.bronze_bookings"
[0m12:32:42.894690 [debug] [Thread-2 (]: On model.aws_dbt_snowflake_project.bronze_bookings: create or replace  temporary view AIRBNB.bronze.bronze_bookings__dbt_tmp
  
  
  
  
  as (
    



SELECT *
FROM AIRBNB.staging.bookings



WHERE CREATED_AT > (
    SELECT COALESCE(
        MAX(CREATED_AT),
        '1900-01-01'::date
    )
    FROM AIRBNB.bronze.bronze_bookings
)


  )
/* {"app": "dbt", "dbt_version": "1.12.4", "profile_name": "aws_dbt_snowflake_project", "target_name": "dev", "node_id": "model.aws_dbt_snowflake_project.bronze_bookings"} */;
[0m12:32:42.894690 [debug] [Thread-2 (]: Opening a new connection, currently in state init
[0m12:32:44.102530 [debug] [Thread-2 (]: SQL status: SUCCESS 1 in 1.207 seconds
[0m12:32:44.117587 [debug] [Thread-2 (]: Using snowflake connection "model.aws_dbt_snowflake_project.bronze_bookings"
[0m12:32:44.122586 [debug] [Thread-2 (]: On model.aws_dbt_snowflake_project.bronze_bookings: describe table AIRBNB.bronze.bronze_bookings__dbt_tmp
/* {"app": "dbt", "dbt_version": "1.12.4", "profile_name": "aws_dbt_snowflake_project", "target_name": "dev", "node_id": "model.aws_dbt_snowflake_project.bronze_bookings"} */
[0m12:32:44.312385 [debug] [Thread-2 (]: SQL status: SUCCESS 9 in 0.188 seconds
[0m12:32:44.317371 [debug] [Thread-2 (]: Using snowflake connection "model.aws_dbt_snowflake_project.bronze_bookings"
[0m12:32:44.317371 [debug] [Thread-2 (]: On model.aws_dbt_snowflake_project.bronze_bookings: describe table AIRBNB.bronze.bronze_bookings
/* {"app": "dbt", "dbt_version": "1.12.4", "profile_name": "aws_dbt_snowflake_project", "target_name": "dev", "node_id": "model.aws_dbt_snowflake_project.bronze_bookings"} */
[0m12:32:44.506038 [debug] [Thread-2 (]: SQL status: SUCCESS 9 in 0.185 seconds
[0m12:32:44.526054 [debug] [Thread-2 (]: Using snowflake connection "model.aws_dbt_snowflake_project.bronze_bookings"
[0m12:32:44.526054 [debug] [Thread-2 (]: On model.aws_dbt_snowflake_project.bronze_bookings: describe table "AIRBNB"."BRONZE"."BRONZE_BOOKINGS"
/* {"app": "dbt", "dbt_version": "1.12.4", "profile_name": "aws_dbt_snowflake_project", "target_name": "dev", "node_id": "model.aws_dbt_snowflake_project.bronze_bookings"} */
[0m12:32:44.719749 [debug] [Thread-2 (]: SQL status: SUCCESS 9 in 0.193 seconds
[0m12:32:44.769774 [debug] [Thread-2 (]: Writing runtime sql for node "model.aws_dbt_snowflake_project.bronze_bookings"
[0m12:32:44.774776 [debug] [Thread-2 (]: Using snowflake connection "model.aws_dbt_snowflake_project.bronze_bookings"
[0m12:32:44.774776 [debug] [Thread-2 (]: On model.aws_dbt_snowflake_project.bronze_bookings: -- back compat for old kwarg name
  
  begin
/* {"app": "dbt", "dbt_version": "1.12.4", "profile_name": "aws_dbt_snowflake_project", "target_name": "dev", "node_id": "model.aws_dbt_snowflake_project.bronze_bookings"} */;
[0m12:32:45.025119 [debug] [Thread-2 (]: SQL status: SUCCESS 1 in 0.250 seconds
[0m12:32:45.025119 [debug] [Thread-2 (]: Using snowflake connection "model.aws_dbt_snowflake_project.bronze_bookings"
[0m12:32:45.025119 [debug] [Thread-2 (]: On model.aws_dbt_snowflake_project.bronze_bookings: insert into AIRBNB.bronze.bronze_bookings ("BOOKING_ID", "LISTING_ID", "BOOKING_DATE", "NIGHTS_BOOKED", "BOOKING_AMOUNT", "CLEANING_FEE", "SERVICE_FEE", "BOOKING_STATUS", "CREATED_AT")
        (
            select "BOOKING_ID", "LISTING_ID", "BOOKING_DATE", "NIGHTS_BOOKED", "BOOKING_AMOUNT", "CLEANING_FEE", "SERVICE_FEE", "BOOKING_STATUS", "CREATED_AT"
            from AIRBNB.bronze.bronze_bookings__dbt_tmp
        )
/* {"app": "dbt", "dbt_version": "1.12.4", "profile_name": "aws_dbt_snowflake_project", "target_name": "dev", "node_id": "model.aws_dbt_snowflake_project.bronze_bookings"} */;
[0m12:32:46.051256 [debug] [Thread-2 (]: SQL status: SUCCESS 0 in 1.021 seconds
[0m12:32:46.052315 [debug] [Thread-2 (]: Using snowflake connection "model.aws_dbt_snowflake_project.bronze_bookings"
[0m12:32:46.053390 [debug] [Thread-2 (]: On model.aws_dbt_snowflake_project.bronze_bookings: COMMIT
/* {"app": "dbt", "dbt_version": "1.12.4", "profile_name": "aws_dbt_snowflake_project", "target_name": "dev", "node_id": "model.aws_dbt_snowflake_project.bronze_bookings"} */
[0m12:32:46.262275 [debug] [Thread-2 (]: SQL status: SUCCESS 1 in 0.211 seconds
[0m12:32:46.277184 [debug] [Thread-2 (]: Applying DROP to: AIRBNB.bronze.bronze_bookings__dbt_tmp
[0m12:32:46.297184 [debug] [Thread-2 (]: Using snowflake connection "model.aws_dbt_snowflake_project.bronze_bookings"
[0m12:32:46.297184 [debug] [Thread-2 (]: On model.aws_dbt_snowflake_project.bronze_bookings: drop view if exists AIRBNB.bronze.bronze_bookings__dbt_tmp cascade
/* {"app": "dbt", "dbt_version": "1.12.4", "profile_name": "aws_dbt_snowflake_project", "target_name": "dev", "node_id": "model.aws_dbt_snowflake_project.bronze_bookings"} */
[0m12:32:46.502477 [debug] [Thread-2 (]: SQL status: SUCCESS 1 in 0.207 seconds
[0m12:32:46.552474 [debug] [Thread-2 (]: Sending event: {'category': 'dbt', 'action': 'run_model', 'label': '7c6b93a4-e09e-4034-b453-8d4c840e5083', 'context': [<snowplow_tracker.self_describing_json.SelfDescribingJson object at 0x0000029981A8E570>]}
[0m12:32:46.552474 [info ] [Thread-2 (]: 1 of 5 OK created sql incremental model bronze.bronze_bookings ................. [[32mSUCCESS 0[0m in 3.83s]
[0m12:32:46.557498 [debug] [Thread-2 (]: Finished running node model.aws_dbt_snowflake_project.bronze_bookings
[0m12:32:46.559237 [debug] [Thread-2 (]: Began running node model.aws_dbt_snowflake_project.bronze_hosts
[0m12:32:46.560316 [info ] [Thread-2 (]: 2 of 5 START sql incremental model bronze.bronze_hosts ......................... [RUN]
[0m12:32:46.561400 [debug] [Thread-2 (]: Re-using an available connection from the pool (formerly model.aws_dbt_snowflake_project.bronze_bookings, now model.aws_dbt_snowflake_project.bronze_hosts)
[0m12:32:46.562462 [debug] [Thread-2 (]: Began compiling node model.aws_dbt_snowflake_project.bronze_hosts
[0m12:32:46.568318 [debug] [Thread-2 (]: Writing injected SQL for node "model.aws_dbt_snowflake_project.bronze_hosts"
[0m12:32:46.570555 [debug] [Thread-2 (]: Began executing node model.aws_dbt_snowflake_project.bronze_hosts
[0m12:32:46.582766 [debug] [Thread-2 (]: Using snowflake connection "model.aws_dbt_snowflake_project.bronze_hosts"
[0m12:32:46.583894 [debug] [Thread-2 (]: On model.aws_dbt_snowflake_project.bronze_hosts: create or replace  temporary view AIRBNB.bronze.bronze_hosts__dbt_tmp
  
  
  
  
  as (
    



SELECT *
FROM AIRBNB.staging.hosts



WHERE CREATED_AT > (
    SELECT COALESCE(
        MAX(CREATED_AT),
        '1900-01-01'::date
    )
    FROM AIRBNB.bronze.bronze_hosts
)


  )
/* {"app": "dbt", "dbt_version": "1.12.4", "profile_name": "aws_dbt_snowflake_project", "target_name": "dev", "node_id": "model.aws_dbt_snowflake_project.bronze_hosts"} */;
[0m12:32:46.972809 [debug] [Thread-2 (]: SQL status: SUCCESS 1 in 0.390 seconds
[0m12:32:46.980210 [debug] [Thread-2 (]: Using snowflake connection "model.aws_dbt_snowflake_project.bronze_hosts"
[0m12:32:46.981300 [debug] [Thread-2 (]: On model.aws_dbt_snowflake_project.bronze_hosts: describe table AIRBNB.bronze.bronze_hosts__dbt_tmp
/* {"app": "dbt", "dbt_version": "1.12.4", "profile_name": "aws_dbt_snowflake_project", "target_name": "dev", "node_id": "model.aws_dbt_snowflake_project.bronze_hosts"} */
[0m12:32:47.174326 [debug] [Thread-2 (]: SQL status: SUCCESS 6 in 0.195 seconds
[0m12:32:47.179373 [debug] [Thread-2 (]: Using snowflake connection "model.aws_dbt_snowflake_project.bronze_hosts"
[0m12:32:47.179373 [debug] [Thread-2 (]: On model.aws_dbt_snowflake_project.bronze_hosts: describe table AIRBNB.bronze.bronze_hosts
/* {"app": "dbt", "dbt_version": "1.12.4", "profile_name": "aws_dbt_snowflake_project", "target_name": "dev", "node_id": "model.aws_dbt_snowflake_project.bronze_hosts"} */
[0m12:32:47.393214 [debug] [Thread-2 (]: SQL status: SUCCESS 6 in 0.209 seconds
[0m12:32:47.398291 [debug] [Thread-2 (]: Using snowflake connection "model.aws_dbt_snowflake_project.bronze_hosts"
[0m12:32:47.398291 [debug] [Thread-2 (]: On model.aws_dbt_snowflake_project.bronze_hosts: describe table "AIRBNB"."BRONZE"."BRONZE_HOSTS"
/* {"app": "dbt", "dbt_version": "1.12.4", "profile_name": "aws_dbt_snowflake_project", "target_name": "dev", "node_id": "model.aws_dbt_snowflake_project.bronze_hosts"} */
[0m12:32:47.587194 [debug] [Thread-2 (]: SQL status: SUCCESS 6 in 0.187 seconds
[0m12:32:47.597193 [debug] [Thread-2 (]: Writing runtime sql for node "model.aws_dbt_snowflake_project.bronze_hosts"
[0m12:32:47.597193 [debug] [Thread-2 (]: Using snowflake connection "model.aws_dbt_snowflake_project.bronze_hosts"
[0m12:32:47.602193 [debug] [Thread-2 (]: On model.aws_dbt_snowflake_project.bronze_hosts: -- back compat for old kwarg name
  
  begin
/* {"app": "dbt", "dbt_version": "1.12.4", "profile_name": "aws_dbt_snowflake_project", "target_name": "dev", "node_id": "model.aws_dbt_snowflake_project.bronze_hosts"} */;
[0m12:32:47.803173 [debug] [Thread-2 (]: SQL status: SUCCESS 1 in 0.201 seconds
[0m12:32:47.803173 [debug] [Thread-2 (]: Using snowflake connection "model.aws_dbt_snowflake_project.bronze_hosts"
[0m12:32:47.803173 [debug] [Thread-2 (]: On model.aws_dbt_snowflake_project.bronze_hosts: insert into AIRBNB.bronze.bronze_hosts ("HOST_ID", "HOST_NAME", "HOST_SINCE", "IS_SUPERHOST", "RESPONSE_RATE", "CREATED_AT")
        (
            select "HOST_ID", "HOST_NAME", "HOST_SINCE", "IS_SUPERHOST", "RESPONSE_RATE", "CREATED_AT"
            from AIRBNB.bronze.bronze_hosts__dbt_tmp
        )
/* {"app": "dbt", "dbt_version": "1.12.4", "profile_name": "aws_dbt_snowflake_project", "target_name": "dev", "node_id": "model.aws_dbt_snowflake_project.bronze_hosts"} */;
[0m12:32:48.073817 [debug] [Thread-2 (]: SQL status: SUCCESS 0 in 0.271 seconds
[0m12:32:48.078861 [debug] [Thread-2 (]: Using snowflake connection "model.aws_dbt_snowflake_project.bronze_hosts"
[0m12:32:48.078861 [debug] [Thread-2 (]: On model.aws_dbt_snowflake_project.bronze_hosts: COMMIT
/* {"app": "dbt", "dbt_version": "1.12.4", "profile_name": "aws_dbt_snowflake_project", "target_name": "dev", "node_id": "model.aws_dbt_snowflake_project.bronze_hosts"} */
[0m12:32:48.299041 [debug] [Thread-2 (]: SQL status: SUCCESS 1 in 0.222 seconds
[0m12:32:48.303871 [debug] [Thread-2 (]: Applying DROP to: AIRBNB.bronze.bronze_hosts__dbt_tmp
[0m12:32:48.308900 [debug] [Thread-2 (]: Using snowflake connection "model.aws_dbt_snowflake_project.bronze_hosts"
[0m12:32:48.308900 [debug] [Thread-2 (]: On model.aws_dbt_snowflake_project.bronze_hosts: drop view if exists AIRBNB.bronze.bronze_hosts__dbt_tmp cascade
/* {"app": "dbt", "dbt_version": "1.12.4", "profile_name": "aws_dbt_snowflake_project", "target_name": "dev", "node_id": "model.aws_dbt_snowflake_project.bronze_hosts"} */
[0m12:32:48.511913 [debug] [Thread-2 (]: SQL status: SUCCESS 1 in 0.203 seconds
[0m12:32:48.519767 [debug] [Thread-2 (]: Sending event: {'category': 'dbt', 'action': 'run_model', 'label': '7c6b93a4-e09e-4034-b453-8d4c840e5083', 'context': [<snowplow_tracker.self_describing_json.SelfDescribingJson object at 0x0000029986C57500>]}
[0m12:32:48.519767 [info ] [Thread-2 (]: 2 of 5 OK created sql incremental model bronze.bronze_hosts .................... [[32mSUCCESS 0[0m in 1.96s]
[0m12:32:48.519767 [debug] [Thread-2 (]: Finished running node model.aws_dbt_snowflake_project.bronze_hosts
[0m12:32:48.524755 [debug] [Thread-2 (]: Began running node model.aws_dbt_snowflake_project.bronze_listings
[0m12:32:48.524755 [info ] [Thread-2 (]: 3 of 5 START sql incremental model bronze.bronze_listings ...................... [RUN]
[0m12:32:48.524755 [debug] [Thread-2 (]: Re-using an available connection from the pool (formerly model.aws_dbt_snowflake_project.bronze_hosts, now model.aws_dbt_snowflake_project.bronze_listings)
[0m12:32:48.524755 [debug] [Thread-2 (]: Began compiling node model.aws_dbt_snowflake_project.bronze_listings
[0m12:32:48.534770 [debug] [Thread-2 (]: Writing injected SQL for node "model.aws_dbt_snowflake_project.bronze_listings"
[0m12:32:48.534770 [debug] [Thread-2 (]: Began executing node model.aws_dbt_snowflake_project.bronze_listings
[0m12:32:48.544767 [debug] [Thread-2 (]: Using snowflake connection "model.aws_dbt_snowflake_project.bronze_listings"
[0m12:32:48.544767 [debug] [Thread-2 (]: On model.aws_dbt_snowflake_project.bronze_listings: create or replace  temporary view AIRBNB.bronze.bronze_listings__dbt_tmp
  
  
  
  
  as (
    



SELECT *
FROM AIRBNB.staging.listings



WHERE CREATED_AT > (
    SELECT COALESCE(
        MAX(CREATED_AT),
        '1900-01-01'::date
    )
    FROM AIRBNB.bronze.bronze_listings
)


  )
/* {"app": "dbt", "dbt_version": "1.12.4", "profile_name": "aws_dbt_snowflake_project", "target_name": "dev", "node_id": "model.aws_dbt_snowflake_project.bronze_listings"} */;
[0m12:32:48.916517 [debug] [Thread-2 (]: SQL status: SUCCESS 1 in 0.370 seconds
[0m12:32:48.920944 [debug] [Thread-2 (]: Using snowflake connection "model.aws_dbt_snowflake_project.bronze_listings"
[0m12:32:48.922019 [debug] [Thread-2 (]: On model.aws_dbt_snowflake_project.bronze_listings: describe table AIRBNB.bronze.bronze_listings__dbt_tmp
/* {"app": "dbt", "dbt_version": "1.12.4", "profile_name": "aws_dbt_snowflake_project", "target_name": "dev", "node_id": "model.aws_dbt_snowflake_project.bronze_listings"} */
[0m12:32:49.103230 [debug] [Thread-2 (]: SQL status: SUCCESS 11 in 0.183 seconds
[0m12:32:49.108280 [debug] [Thread-2 (]: Using snowflake connection "model.aws_dbt_snowflake_project.bronze_listings"
[0m12:32:49.113274 [debug] [Thread-2 (]: On model.aws_dbt_snowflake_project.bronze_listings: describe table AIRBNB.bronze.bronze_listings
/* {"app": "dbt", "dbt_version": "1.12.4", "profile_name": "aws_dbt_snowflake_project", "target_name": "dev", "node_id": "model.aws_dbt_snowflake_project.bronze_listings"} */
[0m12:32:49.325969 [debug] [Thread-2 (]: SQL status: SUCCESS 11 in 0.214 seconds
[0m12:32:49.331023 [debug] [Thread-2 (]: Using snowflake connection "model.aws_dbt_snowflake_project.bronze_listings"
[0m12:32:49.331023 [debug] [Thread-2 (]: On model.aws_dbt_snowflake_project.bronze_listings: describe table "AIRBNB"."BRONZE"."BRONZE_LISTINGS"
/* {"app": "dbt", "dbt_version": "1.12.4", "profile_name": "aws_dbt_snowflake_project", "target_name": "dev", "node_id": "model.aws_dbt_snowflake_project.bronze_listings"} */
[0m12:32:49.527869 [debug] [Thread-2 (]: SQL status: SUCCESS 11 in 0.195 seconds
[0m12:32:49.537803 [debug] [Thread-2 (]: Writing runtime sql for node "model.aws_dbt_snowflake_project.bronze_listings"
[0m12:32:49.542781 [debug] [Thread-2 (]: Using snowflake connection "model.aws_dbt_snowflake_project.bronze_listings"
[0m12:32:49.542781 [debug] [Thread-2 (]: On model.aws_dbt_snowflake_project.bronze_listings: -- back compat for old kwarg name
  
  begin
/* {"app": "dbt", "dbt_version": "1.12.4", "profile_name": "aws_dbt_snowflake_project", "target_name": "dev", "node_id": "model.aws_dbt_snowflake_project.bronze_listings"} */;
[0m12:32:49.721139 [debug] [Thread-2 (]: SQL status: SUCCESS 1 in 0.179 seconds
[0m12:32:49.721139 [debug] [Thread-2 (]: Using snowflake connection "model.aws_dbt_snowflake_project.bronze_listings"
[0m12:32:49.721139 [debug] [Thread-2 (]: On model.aws_dbt_snowflake_project.bronze_listings: insert into AIRBNB.bronze.bronze_listings ("LISTING_ID", "HOST_ID", "PROPERTY_TYPE", "ROOM_TYPE", "CITY", "COUNTRY", "ACCOMMODATES", "BEDROOMS", "BATHROOMS", "PRICE_PER_NIGHT", "CREATED_AT")
        (
            select "LISTING_ID", "HOST_ID", "PROPERTY_TYPE", "ROOM_TYPE", "CITY", "COUNTRY", "ACCOMMODATES", "BEDROOMS", "BATHROOMS", "PRICE_PER_NIGHT", "CREATED_AT"
            from AIRBNB.bronze.bronze_listings__dbt_tmp
        )
/* {"app": "dbt", "dbt_version": "1.12.4", "profile_name": "aws_dbt_snowflake_project", "target_name": "dev", "node_id": "model.aws_dbt_snowflake_project.bronze_listings"} */;
[0m12:32:49.960122 [debug] [Thread-2 (]: SQL status: SUCCESS 0 in 0.238 seconds
[0m12:32:49.965095 [debug] [Thread-2 (]: Using snowflake connection "model.aws_dbt_snowflake_project.bronze_listings"
[0m12:32:49.965095 [debug] [Thread-2 (]: On model.aws_dbt_snowflake_project.bronze_listings: COMMIT
/* {"app": "dbt", "dbt_version": "1.12.4", "profile_name": "aws_dbt_snowflake_project", "target_name": "dev", "node_id": "model.aws_dbt_snowflake_project.bronze_listings"} */
[0m12:32:50.160616 [debug] [Thread-2 (]: SQL status: SUCCESS 1 in 0.195 seconds
[0m12:32:50.170628 [debug] [Thread-2 (]: Applying DROP to: AIRBNB.bronze.bronze_listings__dbt_tmp
[0m12:32:50.175611 [debug] [Thread-2 (]: Using snowflake connection "model.aws_dbt_snowflake_project.bronze_listings"
[0m12:32:50.175611 [debug] [Thread-2 (]: On model.aws_dbt_snowflake_project.bronze_listings: drop view if exists AIRBNB.bronze.bronze_listings__dbt_tmp cascade
/* {"app": "dbt", "dbt_version": "1.12.4", "profile_name": "aws_dbt_snowflake_project", "target_name": "dev", "node_id": "model.aws_dbt_snowflake_project.bronze_listings"} */
[0m12:32:50.550853 [debug] [Thread-2 (]: SQL status: SUCCESS 1 in 0.376 seconds
[0m12:32:50.555863 [debug] [Thread-2 (]: Sending event: {'category': 'dbt', 'action': 'run_model', 'label': '7c6b93a4-e09e-4034-b453-8d4c840e5083', 'context': [<snowplow_tracker.self_describing_json.SelfDescribingJson object at 0x0000029986D00320>]}
[0m12:32:50.560869 [info ] [Thread-2 (]: 3 of 5 OK created sql incremental model bronze.bronze_listings ................. [[32mSUCCESS 0[0m in 2.03s]
[0m12:32:50.560869 [debug] [Thread-2 (]: Finished running node model.aws_dbt_snowflake_project.bronze_listings
[0m12:32:50.560869 [debug] [Thread-2 (]: Began running node model.aws_dbt_snowflake_project.silver_bookings
[0m12:32:50.560869 [info ] [Thread-2 (]: 4 of 5 START sql table model silver.silver_bookings ............................ [RUN]
[0m12:32:50.565858 [debug] [Thread-2 (]: Re-using an available connection from the pool (formerly model.aws_dbt_snowflake_project.bronze_listings, now model.aws_dbt_snowflake_project.silver_bookings)
[0m12:32:50.565858 [debug] [Thread-2 (]: Began compiling node model.aws_dbt_snowflake_project.silver_bookings
[0m12:32:50.570865 [debug] [Thread-2 (]: Writing injected SQL for node "model.aws_dbt_snowflake_project.silver_bookings"
[0m12:32:50.570865 [debug] [Thread-2 (]: Began executing node model.aws_dbt_snowflake_project.silver_bookings
[0m12:32:50.634350 [debug] [Thread-2 (]: Writing runtime sql for node "model.aws_dbt_snowflake_project.silver_bookings"
[0m12:32:50.639342 [debug] [Thread-2 (]: Using snowflake connection "model.aws_dbt_snowflake_project.silver_bookings"
[0m12:32:50.639342 [debug] [Thread-2 (]: On model.aws_dbt_snowflake_project.silver_bookings: create or replace transient table AIRBNB.silver.silver_bookings
    
    
    
    
    

    as (

SELECT 
    BOOKING_ID,
    LISTING_ID,
    BOOKING_DATE,
    
    round(NIGHTS_BOOKED * BOOKING_AMOUNT, 2)
 + CLEANING_FEE + SERVICE_FEE AS TOTAL_AMOUNT,
    BOOKING_STATUS,
    CREATED_AT
FROM 
    AIRBNB.bronze.bronze_bookings
    )

/* {"app": "dbt", "dbt_version": "1.12.4", "profile_name": "aws_dbt_snowflake_project", "target_name": "dev", "node_id": "model.aws_dbt_snowflake_project.silver_bookings"} */;
[0m12:32:51.267604 [debug] [Thread-2 (]: SQL status: SUCCESS 5000 in 0.629 seconds
[0m12:32:51.277381 [debug] [Thread-2 (]: Sending event: {'category': 'dbt', 'action': 'run_model', 'label': '7c6b93a4-e09e-4034-b453-8d4c840e5083', 'context': [<snowplow_tracker.self_describing_json.SelfDescribingJson object at 0x0000029986D03680>]}
[0m12:32:51.282391 [info ] [Thread-2 (]: 4 of 5 OK created sql table model silver.silver_bookings ....................... [[32mSUCCESS 5000[0m in 0.72s]
[0m12:32:51.282391 [debug] [Thread-2 (]: Finished running node model.aws_dbt_snowflake_project.silver_bookings
[0m12:32:51.282391 [debug] [Thread-2 (]: Began running node model.aws_dbt_snowflake_project.silver_listings
[0m12:32:51.282391 [info ] [Thread-2 (]: 5 of 5 START sql table model silver.silver_listings ............................ [RUN]
[0m12:32:51.287380 [debug] [Thread-2 (]: Re-using an available connection from the pool (formerly model.aws_dbt_snowflake_project.silver_bookings, now model.aws_dbt_snowflake_project.silver_listings)
[0m12:32:51.287380 [debug] [Thread-2 (]: Began compiling node model.aws_dbt_snowflake_project.silver_listings
[0m12:32:51.293334 [debug] [Thread-2 (]: Writing injected SQL for node "model.aws_dbt_snowflake_project.silver_listings"
[0m12:32:51.298367 [debug] [Thread-2 (]: Began executing node model.aws_dbt_snowflake_project.silver_listings
[0m12:32:51.308380 [debug] [Thread-2 (]: Writing runtime sql for node "model.aws_dbt_snowflake_project.silver_listings"
[0m12:32:51.313375 [debug] [Thread-2 (]: Using snowflake connection "model.aws_dbt_snowflake_project.silver_listings"
[0m12:32:51.313375 [debug] [Thread-2 (]: On model.aws_dbt_snowflake_project.silver_listings: create or replace transient table AIRBNB.silver.silver_listings
    
    
    
    
    

    as (

SELECT 
    LISTING_ID,
    HOST_ID,
    
    UPPER(TRIM(PROPERTY_TYPE))
 AS PROPERTY_TYPE,
    ROOM_TYPE,
    CITY,
    COUNTRY,
    ACCOMMODATES,
    BEDROOMS,
    BATHROOMS,
    
   CASE
        WHEN PRICE_PER_NIGHT < 100 THEN 'low'
        WHEN PRICE_PER_NIGHT >= 100 AND PRICE_PER_NIGHT < 200 THEN 'medium'
        ELSE 'high'
    END
 AS PRICE_TAG,
    PRICE_PER_NIGHT,
    CREATED_AT
FROM 
    AIRBNB.bronze.bronze_listings
    )

/* {"app": "dbt", "dbt_version": "1.12.4", "profile_name": "aws_dbt_snowflake_project", "target_name": "dev", "node_id": "model.aws_dbt_snowflake_project.silver_listings"} */;
[0m12:32:51.888147 [debug] [Thread-2 (]: SQL status: SUCCESS 500 in 0.574 seconds
[0m12:32:51.893172 [debug] [Thread-2 (]: Sending event: {'category': 'dbt', 'action': 'run_model', 'label': '7c6b93a4-e09e-4034-b453-8d4c840e5083', 'context': [<snowplow_tracker.self_describing_json.SelfDescribingJson object at 0x0000029986D42C30>]}
[0m12:32:51.898156 [info ] [Thread-2 (]: 5 of 5 OK created sql table model silver.silver_listings ....................... [[32mSUCCESS 500[0m in 0.61s]
[0m12:32:51.903168 [debug] [Thread-2 (]: Finished running node model.aws_dbt_snowflake_project.silver_listings
[0m12:32:51.903168 [debug] [MainThread]: Connection 'master' was properly closed.
[0m12:32:51.903168 [debug] [MainThread]: Connection 'list_AIRBNB' was left open.
[0m12:32:51.908174 [debug] [MainThread]: On list_AIRBNB: Close
[0m12:32:52.295619 [debug] [MainThread]: Connection 'list_AIRBNB_silver' was left open.
[0m12:32:52.295619 [debug] [MainThread]: On list_AIRBNB_silver: Close
[0m12:32:52.707163 [debug] [MainThread]: Connection 'model.aws_dbt_snowflake_project.silver_listings' was left open.
[0m12:32:52.744375 [debug] [MainThread]: On model.aws_dbt_snowflake_project.silver_listings: Close
[0m12:32:53.113665 [info ] [MainThread]: 
[0m12:32:53.118691 [info ] [MainThread]: Finished running 3 incremental models, 2 table models in 0 hours 0 minutes and 14.24 seconds (14.24s).
[0m12:32:53.118691 [debug] [MainThread]: Command end result
[0m12:32:53.251080 [debug] [MainThread]: Wrote artifact WritableManifest to C:\Users\Zaheer Alam\Desktop\all files\AWS_DBT_Snowflake\aws_dbt_snowflake_project\target\manifest.json
[0m12:32:53.261086 [debug] [MainThread]: Wrote artifact SemanticManifest to C:\Users\Zaheer Alam\Desktop\all files\AWS_DBT_Snowflake\aws_dbt_snowflake_project\target\semantic_manifest.json
[0m12:32:53.271078 [debug] [MainThread]: Wrote artifact OsiDocument to C:\Users\Zaheer Alam\Desktop\all files\AWS_DBT_Snowflake\aws_dbt_snowflake_project\target\osi_document.json
[0m12:32:53.286075 [debug] [MainThread]: Wrote artifact RunExecutionResult to C:\Users\Zaheer Alam\Desktop\all files\AWS_DBT_Snowflake\aws_dbt_snowflake_project\target\run_results.json
[0m12:32:53.286075 [info ] [MainThread]: 
[0m12:32:53.291080 [info ] [MainThread]: [32mCompleted successfully[0m
[0m12:32:53.291080 [info ] [MainThread]: 
[0m12:32:53.296085 [info ] [MainThread]: Done. PASS=5 WARN=0 ERROR=0 SKIP=0 NO-OP=0 REUSED=0 TOTAL=5
[0m12:32:53.296085 [debug] [MainThread]: Command `dbt run` succeeded at 12:32:53.296085 after 18.03 seconds
[0m12:32:53.296085 [debug] [MainThread]: Sending event: {'category': 'dbt', 'action': 'invocation', 'label': 'end', 'context': [<snowplow_tracker.self_describing_json.SelfDescribingJson object at 0x0000029982BCE780>, <snowplow_tracker.self_describing_json.SelfDescribingJson object at 0x0000029985808560>, <snowplow_tracker.self_describing_json.SelfDescribingJson object at 0x0000029981FC67E0>]}
[0m12:32:53.301091 [debug] [MainThread]: Flushing usage events
[0m12:33:03.045856 [debug] [MainThread]: An error was encountered while trying to flush usage events
[0m12:38:26.945247 [debug] [MainThread]: Sending event: {'category': 'dbt', 'action': 'invocation', 'label': 'start', 'context': [<snowplow_tracker.self_describing_json.SelfDescribingJson object at 0x000002187BBA4860>, <snowplow_tracker.self_describing_json.SelfDescribingJson object at 0x000002187EB96F30>, <snowplow_tracker.self_describing_json.SelfDescribingJson object at 0x000002187E465460>]}


============================== 12:38:26.950256 | 058907de-d6ab-4c4c-ac2d-8c937ee3bca7 ==============================
[0m12:38:26.950256 [info ] [MainThread]: Running with dbt=1.12.4
[0m12:38:26.950256 [debug] [MainThread]: running dbt with arguments {'static_parser': 'True', 'no_print': 'None', 'maximum_seed_size_mib': '1', 'target_path': 'None', 'warn_error_options': 'WarnErrorOptionsV2(error=[], warn=[], silence=[])', 'version_check': 'True', 'printer_width': '80', 'write_json': 'True', 'introspect': 'True', 'log_cache_events': 'False', 'empty': 'False', 'cache_selected_only': 'False', 'log_format': 'default', 'debug': 'False', 'fail_fast': 'False', 'profiles_dir': 'C:\\Users\\Zaheer Alam\\.dbt', 'send_anonymous_usage_stats': 'True', 'quiet': 'False', 'warn_error': 'None', 'partial_parse': 'True', 'use_colors': 'True', 'hints_enabled': 'True', 'invocation_command': 'dbt compile', 'use_experimental_parser': 'False', 'indirect_selection': 'eager', 'log_path': 'C:\\Users\\Zaheer Alam\\Desktop\\all files\\AWS_DBT_Snowflake\\aws_dbt_snowflake_project\\logs'}
[0m12:38:27.792961 [debug] [MainThread]: Snowflake adapter: Setting snowflake.connector to ERROR (file logging only)
[0m12:38:27.792961 [debug] [MainThread]: Snowflake adapter: Setting botocore to ERROR (file logging only)
[0m12:38:27.792961 [debug] [MainThread]: Snowflake adapter: Setting boto3 to ERROR (file logging only)
[0m12:38:28.345304 [debug] [MainThread]: Sending event: {'category': 'dbt', 'action': 'project_id', 'label': '058907de-d6ab-4c4c-ac2d-8c937ee3bca7', 'context': [<snowplow_tracker.self_describing_json.SelfDescribingJson object at 0x000002187EECEF30>]}
[0m12:38:28.477494 [debug] [MainThread]: Sending event: {'category': 'dbt', 'action': 'adapter_info', 'label': '058907de-d6ab-4c4c-ac2d-8c937ee3bca7', 'context': [<snowplow_tracker.self_describing_json.SelfDescribingJson object at 0x000002187FEDF470>]}
[0m12:38:28.482724 [info ] [MainThread]: Registered adapter: snowflake=1.12.0
[0m12:38:29.161533 [debug] [MainThread]: checksum: 5898aabf08c9bfee8ee956a138979f76ca666292702eae8cc33b5009f8451796, vars: {}, profile: aws_dbt_snowflake_project, target: dev, version: 1.12.4
[0m12:38:29.505129 [debug] [MainThread]: Partial parsing enabled: 0 files deleted, 0 files added, 0 files changed.
[0m12:38:29.505129 [debug] [MainThread]: Nothing changed, skipping partial parsing.
[0m12:38:29.505129 [debug] [MainThread]: Partial parsing enabled, no changes found, skipping parsing
[0m12:38:29.521025 [warn ] [MainThread]: [[33mWARNING[0m]: Configuration paths exist in your dbt_project.yml file which do not apply to any resources.
There are 1 unused configuration paths:
- models.aws_dbt_snowflake_project.gold
[0m12:38:29.530797 [debug] [MainThread]: Sending event: {'category': 'dbt', 'action': 'load_project', 'label': '058907de-d6ab-4c4c-ac2d-8c937ee3bca7', 'context': [<snowplow_tracker.self_describing_json.SelfDescribingJson object at 0x0000021802201C40>]}
[0m12:38:29.833472 [debug] [MainThread]: Wrote artifact WritableManifest to C:\Users\Zaheer Alam\Desktop\all files\AWS_DBT_Snowflake\aws_dbt_snowflake_project\target\manifest.json
[0m12:38:29.838686 [debug] [MainThread]: Wrote artifact SemanticManifest to C:\Users\Zaheer Alam\Desktop\all files\AWS_DBT_Snowflake\aws_dbt_snowflake_project\target\semantic_manifest.json
[0m12:38:29.903476 [debug] [MainThread]: Wrote artifact OsiDocument to C:\Users\Zaheer Alam\Desktop\all files\AWS_DBT_Snowflake\aws_dbt_snowflake_project\target\osi_document.json
[0m12:38:29.928676 [debug] [MainThread]: Sending event: {'category': 'dbt', 'action': 'resource_counts', 'label': '058907de-d6ab-4c4c-ac2d-8c937ee3bca7', 'context': [<snowplow_tracker.self_describing_json.SelfDescribingJson object at 0x00000218029B7560>]}
[0m12:38:29.928676 [info ] [MainThread]: Found 6 models, 2 analyses, 3 sources, 549 macros
[0m12:38:29.928676 [debug] [MainThread]: Sending event: {'category': 'dbt', 'action': 'runnable_timing', 'label': '058907de-d6ab-4c4c-ac2d-8c937ee3bca7', 'context': [<snowplow_tracker.self_describing_json.SelfDescribingJson object at 0x0000021803BE5AC0>]}
[0m12:38:29.933476 [info ] [MainThread]: 
[0m12:38:29.933476 [info ] [MainThread]: Concurrency: 1 threads (target='dev')
[0m12:38:29.938470 [info ] [MainThread]: 
[0m12:38:29.938470 [debug] [MainThread]: Acquiring new snowflake connection 'master'
[0m12:38:29.953725 [debug] [ThreadPool]: Acquiring new snowflake connection 'list_AIRBNB_silver'
[0m12:38:30.013470 [debug] [ThreadPool]: Using snowflake connection "list_AIRBNB_silver"
[0m12:38:30.013470 [debug] [ThreadPool]: On list_AIRBNB_silver: show objects in AIRBNB.silver
    limit 10000
    

/* {"app": "dbt", "dbt_version": "1.12.4", "profile_name": "aws_dbt_snowflake_project", "target_name": "dev", "connection_name": "list_AIRBNB_silver"} */;
[0m12:38:30.013470 [debug] [ThreadPool]: Opening a new connection, currently in state init
[0m12:38:42.643191 [debug] [ThreadPool]: SQL status: SUCCESS 2 in 12.626 seconds
[0m12:38:42.656853 [debug] [ThreadPool]: Using snowflake connection "list_AIRBNB_silver"
[0m12:38:42.656853 [debug] [ThreadPool]: On list_AIRBNB_silver: show user functions in AIRBNB.silver
/* {"app": "dbt", "dbt_version": "1.12.4", "profile_name": "aws_dbt_snowflake_project", "target_name": "dev", "connection_name": "list_AIRBNB_silver"} */
[0m12:38:42.825135 [debug] [ThreadPool]: SQL status: SUCCESS 0 in 0.170 seconds
[0m12:38:42.830123 [debug] [ThreadPool]: Re-using an available connection from the pool (formerly list_AIRBNB_silver, now list_AIRBNB_bronze)
[0m12:38:42.835117 [debug] [ThreadPool]: Using snowflake connection "list_AIRBNB_bronze"
[0m12:38:42.835117 [debug] [ThreadPool]: On list_AIRBNB_bronze: show objects in AIRBNB.bronze
    limit 10000
    

/* {"app": "dbt", "dbt_version": "1.12.4", "profile_name": "aws_dbt_snowflake_project", "target_name": "dev", "connection_name": "list_AIRBNB_bronze"} */;
[0m12:38:43.052643 [debug] [ThreadPool]: SQL status: SUCCESS 3 in 0.217 seconds
[0m12:38:43.057693 [debug] [ThreadPool]: Using snowflake connection "list_AIRBNB_bronze"
[0m12:38:43.057693 [debug] [ThreadPool]: On list_AIRBNB_bronze: show user functions in AIRBNB.bronze
/* {"app": "dbt", "dbt_version": "1.12.4", "profile_name": "aws_dbt_snowflake_project", "target_name": "dev", "connection_name": "list_AIRBNB_bronze"} */
[0m12:38:43.233643 [debug] [ThreadPool]: SQL status: SUCCESS 0 in 0.177 seconds
[0m12:38:43.243631 [debug] [MainThread]: Sending event: {'category': 'dbt', 'action': 'runnable_timing', 'label': '058907de-d6ab-4c4c-ac2d-8c937ee3bca7', 'context': [<snowplow_tracker.self_describing_json.SelfDescribingJson object at 0x00000218026C7440>]}
[0m12:38:43.248617 [debug] [Thread-2 (]: Began running node model.aws_dbt_snowflake_project.bronze_bookings
[0m12:38:43.248617 [debug] [Thread-2 (]: Acquiring new snowflake connection 'model.aws_dbt_snowflake_project.bronze_bookings'
[0m12:38:43.253632 [debug] [Thread-2 (]: Began compiling node model.aws_dbt_snowflake_project.bronze_bookings
[0m12:38:43.278632 [debug] [Thread-2 (]: Writing injected SQL for node "model.aws_dbt_snowflake_project.bronze_bookings"
[0m12:38:43.278632 [debug] [Thread-2 (]: Began executing node model.aws_dbt_snowflake_project.bronze_bookings
[0m12:38:43.283626 [debug] [Thread-2 (]: Finished running node model.aws_dbt_snowflake_project.bronze_bookings
[0m12:38:43.283626 [debug] [Thread-2 (]: Began running node model.aws_dbt_snowflake_project.bronze_hosts
[0m12:38:43.283626 [debug] [Thread-2 (]: Re-using an available connection from the pool (formerly model.aws_dbt_snowflake_project.bronze_bookings, now model.aws_dbt_snowflake_project.bronze_hosts)
[0m12:38:43.283626 [debug] [Thread-2 (]: Began compiling node model.aws_dbt_snowflake_project.bronze_hosts
[0m12:38:43.288627 [debug] [Thread-2 (]: Writing injected SQL for node "model.aws_dbt_snowflake_project.bronze_hosts"
[0m12:38:43.293642 [debug] [Thread-2 (]: Began executing node model.aws_dbt_snowflake_project.bronze_hosts
[0m12:38:43.293642 [debug] [Thread-2 (]: Finished running node model.aws_dbt_snowflake_project.bronze_hosts
[0m12:38:43.293642 [debug] [Thread-2 (]: Began running node model.aws_dbt_snowflake_project.bronze_listings
[0m12:38:43.298627 [debug] [Thread-2 (]: Re-using an available connection from the pool (formerly model.aws_dbt_snowflake_project.bronze_hosts, now model.aws_dbt_snowflake_project.bronze_listings)
[0m12:38:43.298627 [debug] [Thread-2 (]: Began compiling node model.aws_dbt_snowflake_project.bronze_listings
[0m12:38:43.303632 [debug] [Thread-2 (]: Writing injected SQL for node "model.aws_dbt_snowflake_project.bronze_listings"
[0m12:38:43.309049 [debug] [Thread-2 (]: Began executing node model.aws_dbt_snowflake_project.bronze_listings
[0m12:38:43.310076 [debug] [Thread-2 (]: Finished running node model.aws_dbt_snowflake_project.bronze_listings
[0m12:38:43.310076 [debug] [Thread-2 (]: Began running node analysis.aws_dbt_snowflake_project.playing
[0m12:38:43.310076 [debug] [Thread-2 (]: Re-using an available connection from the pool (formerly model.aws_dbt_snowflake_project.bronze_listings, now analysis.aws_dbt_snowflake_project.playing)
[0m12:38:43.315113 [debug] [Thread-2 (]: Began compiling node analysis.aws_dbt_snowflake_project.playing
[0m12:38:43.320126 [debug] [Thread-2 (]: Writing injected SQL for node "analysis.aws_dbt_snowflake_project.playing"
[0m12:38:43.320126 [debug] [Thread-2 (]: Began executing node analysis.aws_dbt_snowflake_project.playing
[0m12:38:43.325113 [debug] [Thread-2 (]: Finished running node analysis.aws_dbt_snowflake_project.playing
[0m12:38:43.325113 [debug] [Thread-2 (]: Began running node model.aws_dbt_snowflake_project.silver_bookings
[0m12:38:43.329105 [debug] [Thread-2 (]: Re-using an available connection from the pool (formerly analysis.aws_dbt_snowflake_project.playing, now model.aws_dbt_snowflake_project.silver_bookings)
[0m12:38:43.329105 [debug] [Thread-2 (]: Began compiling node model.aws_dbt_snowflake_project.silver_bookings
[0m12:38:43.334153 [debug] [Thread-2 (]: Writing injected SQL for node "model.aws_dbt_snowflake_project.silver_bookings"
[0m12:38:43.339136 [debug] [Thread-2 (]: Began executing node model.aws_dbt_snowflake_project.silver_bookings
[0m12:38:43.339136 [debug] [Thread-2 (]: Finished running node model.aws_dbt_snowflake_project.silver_bookings
[0m12:38:43.339136 [debug] [Thread-2 (]: Began running node analysis.aws_dbt_snowflake_project.explore
[0m12:38:43.344004 [debug] [Thread-2 (]: Re-using an available connection from the pool (formerly model.aws_dbt_snowflake_project.silver_bookings, now analysis.aws_dbt_snowflake_project.explore)
[0m12:38:43.344004 [debug] [Thread-2 (]: Began compiling node analysis.aws_dbt_snowflake_project.explore
[0m12:38:43.344004 [debug] [Thread-2 (]: Writing injected SQL for node "analysis.aws_dbt_snowflake_project.explore"
[0m12:38:43.349053 [debug] [Thread-2 (]: Began executing node analysis.aws_dbt_snowflake_project.explore
[0m12:38:43.349053 [debug] [Thread-2 (]: Finished running node analysis.aws_dbt_snowflake_project.explore
[0m12:38:43.349053 [debug] [Thread-2 (]: Began running node model.aws_dbt_snowflake_project.silver_hosts
[0m12:38:43.354034 [debug] [Thread-2 (]: Re-using an available connection from the pool (formerly analysis.aws_dbt_snowflake_project.explore, now model.aws_dbt_snowflake_project.silver_hosts)
[0m12:38:43.354034 [debug] [Thread-2 (]: Began compiling node model.aws_dbt_snowflake_project.silver_hosts
[0m12:38:43.359054 [debug] [Thread-2 (]: Writing injected SQL for node "model.aws_dbt_snowflake_project.silver_hosts"
[0m12:38:43.396083 [debug] [Thread-2 (]: Began executing node model.aws_dbt_snowflake_project.silver_hosts
[0m12:38:43.401070 [debug] [Thread-2 (]: Finished running node model.aws_dbt_snowflake_project.silver_hosts
[0m12:38:43.401070 [debug] [Thread-2 (]: Began running node model.aws_dbt_snowflake_project.silver_listings
[0m12:38:43.401070 [debug] [Thread-2 (]: Re-using an available connection from the pool (formerly model.aws_dbt_snowflake_project.silver_hosts, now model.aws_dbt_snowflake_project.silver_listings)
[0m12:38:43.401070 [debug] [Thread-2 (]: Began compiling node model.aws_dbt_snowflake_project.silver_listings
[0m12:38:43.411077 [debug] [Thread-2 (]: Writing injected SQL for node "model.aws_dbt_snowflake_project.silver_listings"
[0m12:38:43.411077 [debug] [Thread-2 (]: Began executing node model.aws_dbt_snowflake_project.silver_listings
[0m12:38:43.416089 [debug] [Thread-2 (]: Finished running node model.aws_dbt_snowflake_project.silver_listings
[0m12:38:43.416089 [debug] [MainThread]: Connection 'master' was properly closed.
[0m12:38:43.416089 [debug] [MainThread]: Connection 'list_AIRBNB_bronze' was left open.
[0m12:38:43.416089 [debug] [MainThread]: On list_AIRBNB_bronze: Close
[0m12:38:43.712528 [debug] [MainThread]: Connection 'model.aws_dbt_snowflake_project.silver_listings' was properly closed.
[0m12:38:43.712528 [debug] [MainThread]: Command end result
[0m12:38:43.803326 [debug] [MainThread]: Wrote artifact WritableManifest to C:\Users\Zaheer Alam\Desktop\all files\AWS_DBT_Snowflake\aws_dbt_snowflake_project\target\manifest.json
[0m12:38:43.808327 [debug] [MainThread]: Wrote artifact SemanticManifest to C:\Users\Zaheer Alam\Desktop\all files\AWS_DBT_Snowflake\aws_dbt_snowflake_project\target\semantic_manifest.json
[0m12:38:43.820927 [debug] [MainThread]: Wrote artifact OsiDocument to C:\Users\Zaheer Alam\Desktop\all files\AWS_DBT_Snowflake\aws_dbt_snowflake_project\target\osi_document.json
[0m12:38:43.872249 [debug] [MainThread]: Wrote artifact RunExecutionResult to C:\Users\Zaheer Alam\Desktop\all files\AWS_DBT_Snowflake\aws_dbt_snowflake_project\target\run_results.json
[0m12:38:43.877039 [debug] [MainThread]: Command `dbt compile` succeeded at 12:38:43.877039 after 17.31 seconds
[0m12:38:43.877039 [debug] [MainThread]: Sending event: {'category': 'dbt', 'action': 'invocation', 'label': 'end', 'context': [<snowplow_tracker.self_describing_json.SelfDescribingJson object at 0x000002187FC394C0>, <snowplow_tracker.self_describing_json.SelfDescribingJson object at 0x000002187F2B0920>, <snowplow_tracker.self_describing_json.SelfDescribingJson object at 0x000002187F2B36E0>]}
[0m12:38:43.877039 [debug] [MainThread]: Flushing usage events
[0m12:38:46.081255 [debug] [MainThread]: An error was encountered while trying to flush usage events
[0m12:39:18.866824 [debug] [MainThread]: Sending event: {'category': 'dbt', 'action': 'invocation', 'label': 'start', 'context': [<snowplow_tracker.self_describing_json.SelfDescribingJson object at 0x0000028B5E556CC0>, <snowplow_tracker.self_describing_json.SelfDescribingJson object at 0x0000028B608BFC50>, <snowplow_tracker.self_describing_json.SelfDescribingJson object at 0x0000028B608BD0A0>]}


============================== 12:39:18.876849 | 07448c4a-b6a0-4717-9980-37d0f2345f4c ==============================
[0m12:39:18.876849 [info ] [MainThread]: Running with dbt=1.12.4
[0m12:39:18.876849 [debug] [MainThread]: running dbt with arguments {'static_parser': 'True', 'no_print': 'None', 'maximum_seed_size_mib': '1', 'target_path': 'None', 'version_check': 'True', 'warn_error_options': 'WarnErrorOptionsV2(error=[], warn=[], silence=[])', 'printer_width': '80', 'write_json': 'True', 'introspect': 'True', 'log_cache_events': 'False', 'empty': 'False', 'cache_selected_only': 'False', 'fail_fast': 'False', 'debug': 'False', 'log_format': 'default', 'profiles_dir': 'C:\\Users\\Zaheer Alam\\.dbt', 'send_anonymous_usage_stats': 'True', 'quiet': 'False', 'warn_error': 'None', 'partial_parse': 'True', 'invocation_command': 'dbt run', 'hints_enabled': 'True', 'indirect_selection': 'eager', 'use_experimental_parser': 'False', 'use_colors': 'True', 'log_path': 'C:\\Users\\Zaheer Alam\\Desktop\\all files\\AWS_DBT_Snowflake\\aws_dbt_snowflake_project\\logs'}
[0m12:39:19.659709 [debug] [MainThread]: Snowflake adapter: Setting snowflake.connector to ERROR (file logging only)
[0m12:39:19.659709 [debug] [MainThread]: Snowflake adapter: Setting botocore to ERROR (file logging only)
[0m12:39:19.659709 [debug] [MainThread]: Snowflake adapter: Setting boto3 to ERROR (file logging only)
[0m12:39:20.209053 [debug] [MainThread]: Sending event: {'category': 'dbt', 'action': 'project_id', 'label': '07448c4a-b6a0-4717-9980-37d0f2345f4c', 'context': [<snowplow_tracker.self_describing_json.SelfDescribingJson object at 0x0000028B63FA5AC0>]}
[0m12:39:20.344038 [debug] [MainThread]: Sending event: {'category': 'dbt', 'action': 'adapter_info', 'label': '07448c4a-b6a0-4717-9980-37d0f2345f4c', 'context': [<snowplow_tracker.self_describing_json.SelfDescribingJson object at 0x0000028B63A7FCE0>]}
[0m12:39:20.349050 [info ] [MainThread]: Registered adapter: snowflake=1.12.0
[0m12:39:21.007192 [debug] [MainThread]: checksum: 5898aabf08c9bfee8ee956a138979f76ca666292702eae8cc33b5009f8451796, vars: {}, profile: aws_dbt_snowflake_project, target: dev, version: 1.12.4
[0m12:39:21.342914 [debug] [MainThread]: Partial parsing enabled: 0 files deleted, 0 files added, 0 files changed.
[0m12:39:21.342914 [debug] [MainThread]: Nothing changed, skipping partial parsing.
[0m12:39:21.342914 [debug] [MainThread]: Partial parsing enabled, no changes found, skipping parsing
[0m12:39:21.355153 [warn ] [MainThread]: [[33mWARNING[0m]: Configuration paths exist in your dbt_project.yml file which do not apply to any resources.
There are 1 unused configuration paths:
- models.aws_dbt_snowflake_project.gold
[0m12:39:21.365138 [debug] [MainThread]: Sending event: {'category': 'dbt', 'action': 'load_project', 'label': '07448c4a-b6a0-4717-9980-37d0f2345f4c', 'context': [<snowplow_tracker.self_describing_json.SelfDescribingJson object at 0x0000028B62C3E780>]}
[0m12:39:21.668009 [debug] [MainThread]: Wrote artifact WritableManifest to C:\Users\Zaheer Alam\Desktop\all files\AWS_DBT_Snowflake\aws_dbt_snowflake_project\target\manifest.json
[0m12:39:21.675108 [debug] [MainThread]: Wrote artifact SemanticManifest to C:\Users\Zaheer Alam\Desktop\all files\AWS_DBT_Snowflake\aws_dbt_snowflake_project\target\semantic_manifest.json
[0m12:39:21.744278 [debug] [MainThread]: Wrote artifact OsiDocument to C:\Users\Zaheer Alam\Desktop\all files\AWS_DBT_Snowflake\aws_dbt_snowflake_project\target\osi_document.json
[0m12:39:21.765678 [debug] [MainThread]: Sending event: {'category': 'dbt', 'action': 'resource_counts', 'label': '07448c4a-b6a0-4717-9980-37d0f2345f4c', 'context': [<snowplow_tracker.self_describing_json.SelfDescribingJson object at 0x0000028B659B08F0>]}
[0m12:39:21.765678 [info ] [MainThread]: Found 6 models, 2 analyses, 3 sources, 549 macros
[0m12:39:21.771568 [debug] [MainThread]: Sending event: {'category': 'dbt', 'action': 'runnable_timing', 'label': '07448c4a-b6a0-4717-9980-37d0f2345f4c', 'context': [<snowplow_tracker.self_describing_json.SelfDescribingJson object at 0x0000028B643DD670>]}
[0m12:39:21.776593 [info ] [MainThread]: 
[0m12:39:21.776593 [info ] [MainThread]: Concurrency: 1 threads (target='dev')
[0m12:39:21.778143 [info ] [MainThread]: 
[0m12:39:21.780282 [debug] [MainThread]: Acquiring new snowflake connection 'master'
[0m12:39:21.792685 [debug] [ThreadPool]: Acquiring new snowflake connection 'list_AIRBNB'
[0m12:39:21.831130 [debug] [ThreadPool]: Using snowflake connection "list_AIRBNB"
[0m12:39:21.836137 [debug] [ThreadPool]: On list_AIRBNB: show terse schemas in database AIRBNB
    limit 10000
/* {"app": "dbt", "dbt_version": "1.12.4", "profile_name": "aws_dbt_snowflake_project", "target_name": "dev", "connection_name": "list_AIRBNB"} */
[0m12:39:21.836137 [debug] [ThreadPool]: Opening a new connection, currently in state init
[0m12:39:34.954732 [debug] [ThreadPool]: SQL status: SUCCESS 6 in 13.117 seconds
[0m12:39:34.959799 [debug] [ThreadPool]: Using snowflake connection "list_AIRBNB"
[0m12:39:34.959799 [debug] [ThreadPool]: On list_AIRBNB: show terse schemas in database AIRBNB
    limit 10000
/* {"app": "dbt", "dbt_version": "1.12.4", "profile_name": "aws_dbt_snowflake_project", "target_name": "dev", "connection_name": "list_AIRBNB"} */
[0m12:39:35.156352 [debug] [ThreadPool]: SQL status: SUCCESS 6 in 0.195 seconds
[0m12:39:35.161418 [debug] [ThreadPool]: Acquiring new snowflake connection 'list_AIRBNB_silver'
[0m12:39:35.186424 [debug] [ThreadPool]: Using snowflake connection "list_AIRBNB_silver"
[0m12:39:35.186424 [debug] [ThreadPool]: On list_AIRBNB_silver: show objects in AIRBNB.silver
    limit 10000
    

/* {"app": "dbt", "dbt_version": "1.12.4", "profile_name": "aws_dbt_snowflake_project", "target_name": "dev", "connection_name": "list_AIRBNB_silver"} */;
[0m12:39:35.186424 [debug] [ThreadPool]: Opening a new connection, currently in state init
[0m12:39:36.074154 [debug] [ThreadPool]: SQL status: SUCCESS 2 in 0.886 seconds
[0m12:39:36.084243 [debug] [ThreadPool]: Using snowflake connection "list_AIRBNB_silver"
[0m12:39:36.089232 [debug] [ThreadPool]: On list_AIRBNB_silver: show user functions in AIRBNB.silver
/* {"app": "dbt", "dbt_version": "1.12.4", "profile_name": "aws_dbt_snowflake_project", "target_name": "dev", "connection_name": "list_AIRBNB_silver"} */
[0m12:39:36.260905 [debug] [ThreadPool]: SQL status: SUCCESS 0 in 0.174 seconds
[0m12:39:36.265957 [debug] [ThreadPool]: Re-using an available connection from the pool (formerly list_AIRBNB_silver, now list_AIRBNB_bronze)
[0m12:39:36.270956 [debug] [ThreadPool]: Using snowflake connection "list_AIRBNB_bronze"
[0m12:39:36.270956 [debug] [ThreadPool]: On list_AIRBNB_bronze: show objects in AIRBNB.bronze
    limit 10000
    

/* {"app": "dbt", "dbt_version": "1.12.4", "profile_name": "aws_dbt_snowflake_project", "target_name": "dev", "connection_name": "list_AIRBNB_bronze"} */;
[0m12:39:36.495336 [debug] [ThreadPool]: SQL status: SUCCESS 3 in 0.224 seconds
[0m12:39:36.500399 [debug] [ThreadPool]: Using snowflake connection "list_AIRBNB_bronze"
[0m12:39:36.500399 [debug] [ThreadPool]: On list_AIRBNB_bronze: show user functions in AIRBNB.bronze
/* {"app": "dbt", "dbt_version": "1.12.4", "profile_name": "aws_dbt_snowflake_project", "target_name": "dev", "connection_name": "list_AIRBNB_bronze"} */
[0m12:39:36.673763 [debug] [ThreadPool]: SQL status: SUCCESS 0 in 0.169 seconds
[0m12:39:36.678747 [debug] [MainThread]: Sending event: {'category': 'dbt', 'action': 'runnable_timing', 'label': '07448c4a-b6a0-4717-9980-37d0f2345f4c', 'context': [<snowplow_tracker.self_describing_json.SelfDescribingJson object at 0x0000028B63FA4FB0>]}
[0m12:39:36.683745 [debug] [Thread-2 (]: Began running node model.aws_dbt_snowflake_project.bronze_bookings
[0m12:39:36.688767 [info ] [Thread-2 (]: 1 of 6 START sql incremental model bronze.bronze_bookings ...................... [RUN]
[0m12:39:36.688767 [debug] [Thread-2 (]: Acquiring new snowflake connection 'model.aws_dbt_snowflake_project.bronze_bookings'
[0m12:39:36.688767 [debug] [Thread-2 (]: Began compiling node model.aws_dbt_snowflake_project.bronze_bookings
[0m12:39:36.719691 [debug] [Thread-2 (]: Writing injected SQL for node "model.aws_dbt_snowflake_project.bronze_bookings"
[0m12:39:36.724693 [debug] [Thread-2 (]: Began executing node model.aws_dbt_snowflake_project.bronze_bookings
[0m12:39:36.864791 [debug] [Thread-2 (]: Using snowflake connection "model.aws_dbt_snowflake_project.bronze_bookings"
[0m12:39:36.864791 [debug] [Thread-2 (]: On model.aws_dbt_snowflake_project.bronze_bookings: create or replace  temporary view AIRBNB.bronze.bronze_bookings__dbt_tmp
  
  
  
  
  as (
    



SELECT *
FROM AIRBNB.staging.bookings



WHERE CREATED_AT > (
    SELECT COALESCE(
        MAX(CREATED_AT),
        '1900-01-01'::date
    )
    FROM AIRBNB.bronze.bronze_bookings
)


  )
/* {"app": "dbt", "dbt_version": "1.12.4", "profile_name": "aws_dbt_snowflake_project", "target_name": "dev", "node_id": "model.aws_dbt_snowflake_project.bronze_bookings"} */;
[0m12:39:36.864791 [debug] [Thread-2 (]: Opening a new connection, currently in state init
[0m12:39:38.123500 [debug] [Thread-2 (]: SQL status: SUCCESS 1 in 1.258 seconds
[0m12:39:38.138561 [debug] [Thread-2 (]: Using snowflake connection "model.aws_dbt_snowflake_project.bronze_bookings"
[0m12:39:38.138561 [debug] [Thread-2 (]: On model.aws_dbt_snowflake_project.bronze_bookings: describe table AIRBNB.bronze.bronze_bookings__dbt_tmp
/* {"app": "dbt", "dbt_version": "1.12.4", "profile_name": "aws_dbt_snowflake_project", "target_name": "dev", "node_id": "model.aws_dbt_snowflake_project.bronze_bookings"} */
[0m12:39:38.337120 [debug] [Thread-2 (]: SQL status: SUCCESS 9 in 0.198 seconds
[0m12:39:38.342185 [debug] [Thread-2 (]: Using snowflake connection "model.aws_dbt_snowflake_project.bronze_bookings"
[0m12:39:38.342185 [debug] [Thread-2 (]: On model.aws_dbt_snowflake_project.bronze_bookings: describe table AIRBNB.bronze.bronze_bookings
/* {"app": "dbt", "dbt_version": "1.12.4", "profile_name": "aws_dbt_snowflake_project", "target_name": "dev", "node_id": "model.aws_dbt_snowflake_project.bronze_bookings"} */
[0m12:39:38.531060 [debug] [Thread-2 (]: SQL status: SUCCESS 9 in 0.186 seconds
[0m12:39:38.551121 [debug] [Thread-2 (]: Using snowflake connection "model.aws_dbt_snowflake_project.bronze_bookings"
[0m12:39:38.551121 [debug] [Thread-2 (]: On model.aws_dbt_snowflake_project.bronze_bookings: describe table "AIRBNB"."BRONZE"."BRONZE_BOOKINGS"
/* {"app": "dbt", "dbt_version": "1.12.4", "profile_name": "aws_dbt_snowflake_project", "target_name": "dev", "node_id": "model.aws_dbt_snowflake_project.bronze_bookings"} */
[0m12:39:38.723807 [debug] [Thread-2 (]: SQL status: SUCCESS 9 in 0.173 seconds
[0m12:39:38.763618 [debug] [Thread-2 (]: Writing runtime sql for node "model.aws_dbt_snowflake_project.bronze_bookings"
[0m12:39:38.768620 [debug] [Thread-2 (]: Using snowflake connection "model.aws_dbt_snowflake_project.bronze_bookings"
[0m12:39:38.768620 [debug] [Thread-2 (]: On model.aws_dbt_snowflake_project.bronze_bookings: -- back compat for old kwarg name
  
  begin
/* {"app": "dbt", "dbt_version": "1.12.4", "profile_name": "aws_dbt_snowflake_project", "target_name": "dev", "node_id": "model.aws_dbt_snowflake_project.bronze_bookings"} */;
[0m12:39:38.947046 [debug] [Thread-2 (]: SQL status: SUCCESS 1 in 0.176 seconds
[0m12:39:38.947046 [debug] [Thread-2 (]: Using snowflake connection "model.aws_dbt_snowflake_project.bronze_bookings"
[0m12:39:38.947046 [debug] [Thread-2 (]: On model.aws_dbt_snowflake_project.bronze_bookings: insert into AIRBNB.bronze.bronze_bookings ("BOOKING_ID", "LISTING_ID", "BOOKING_DATE", "NIGHTS_BOOKED", "BOOKING_AMOUNT", "CLEANING_FEE", "SERVICE_FEE", "BOOKING_STATUS", "CREATED_AT")
        (
            select "BOOKING_ID", "LISTING_ID", "BOOKING_DATE", "NIGHTS_BOOKED", "BOOKING_AMOUNT", "CLEANING_FEE", "SERVICE_FEE", "BOOKING_STATUS", "CREATED_AT"
            from AIRBNB.bronze.bronze_bookings__dbt_tmp
        )
/* {"app": "dbt", "dbt_version": "1.12.4", "profile_name": "aws_dbt_snowflake_project", "target_name": "dev", "node_id": "model.aws_dbt_snowflake_project.bronze_bookings"} */;
[0m12:39:39.326397 [debug] [Thread-2 (]: SQL status: SUCCESS 0 in 0.376 seconds
[0m12:39:39.328606 [debug] [Thread-2 (]: Using snowflake connection "model.aws_dbt_snowflake_project.bronze_bookings"
[0m12:39:39.328606 [debug] [Thread-2 (]: On model.aws_dbt_snowflake_project.bronze_bookings: COMMIT
/* {"app": "dbt", "dbt_version": "1.12.4", "profile_name": "aws_dbt_snowflake_project", "target_name": "dev", "node_id": "model.aws_dbt_snowflake_project.bronze_bookings"} */
[0m12:39:39.539999 [debug] [Thread-2 (]: SQL status: SUCCESS 1 in 0.214 seconds
[0m12:39:39.560058 [debug] [Thread-2 (]: Applying DROP to: AIRBNB.bronze.bronze_bookings__dbt_tmp
[0m12:39:39.575034 [debug] [Thread-2 (]: Using snowflake connection "model.aws_dbt_snowflake_project.bronze_bookings"
[0m12:39:39.575034 [debug] [Thread-2 (]: On model.aws_dbt_snowflake_project.bronze_bookings: drop view if exists AIRBNB.bronze.bronze_bookings__dbt_tmp cascade
/* {"app": "dbt", "dbt_version": "1.12.4", "profile_name": "aws_dbt_snowflake_project", "target_name": "dev", "node_id": "model.aws_dbt_snowflake_project.bronze_bookings"} */
[0m12:39:39.835857 [debug] [Thread-2 (]: SQL status: SUCCESS 1 in 0.259 seconds
[0m12:39:39.889451 [debug] [Thread-2 (]: Sending event: {'category': 'dbt', 'action': 'run_model', 'label': '07448c4a-b6a0-4717-9980-37d0f2345f4c', 'context': [<snowplow_tracker.self_describing_json.SelfDescribingJson object at 0x0000028B6091E870>]}
[0m12:39:39.889451 [info ] [Thread-2 (]: 1 of 6 OK created sql incremental model bronze.bronze_bookings ................. [[32mSUCCESS 0[0m in 3.20s]
[0m12:39:39.891942 [debug] [Thread-2 (]: Finished running node model.aws_dbt_snowflake_project.bronze_bookings
[0m12:39:39.891942 [debug] [Thread-2 (]: Began running node model.aws_dbt_snowflake_project.bronze_hosts
[0m12:39:39.891942 [info ] [Thread-2 (]: 2 of 6 START sql incremental model bronze.bronze_hosts ......................... [RUN]
[0m12:39:39.896979 [debug] [Thread-2 (]: Re-using an available connection from the pool (formerly model.aws_dbt_snowflake_project.bronze_bookings, now model.aws_dbt_snowflake_project.bronze_hosts)
[0m12:39:39.896979 [debug] [Thread-2 (]: Began compiling node model.aws_dbt_snowflake_project.bronze_hosts
[0m12:39:39.901986 [debug] [Thread-2 (]: Writing injected SQL for node "model.aws_dbt_snowflake_project.bronze_hosts"
[0m12:39:39.906993 [debug] [Thread-2 (]: Began executing node model.aws_dbt_snowflake_project.bronze_hosts
[0m12:39:39.916992 [debug] [Thread-2 (]: Using snowflake connection "model.aws_dbt_snowflake_project.bronze_hosts"
[0m12:39:39.916992 [debug] [Thread-2 (]: On model.aws_dbt_snowflake_project.bronze_hosts: create or replace  temporary view AIRBNB.bronze.bronze_hosts__dbt_tmp
  
  
  
  
  as (
    



SELECT *
FROM AIRBNB.staging.hosts



WHERE CREATED_AT > (
    SELECT COALESCE(
        MAX(CREATED_AT),
        '1900-01-01'::date
    )
    FROM AIRBNB.bronze.bronze_hosts
)


  )
/* {"app": "dbt", "dbt_version": "1.12.4", "profile_name": "aws_dbt_snowflake_project", "target_name": "dev", "node_id": "model.aws_dbt_snowflake_project.bronze_hosts"} */;
[0m12:39:40.199646 [debug] [Thread-2 (]: SQL status: SUCCESS 1 in 0.278 seconds
[0m12:39:40.204658 [debug] [Thread-2 (]: Using snowflake connection "model.aws_dbt_snowflake_project.bronze_hosts"
[0m12:39:40.204658 [debug] [Thread-2 (]: On model.aws_dbt_snowflake_project.bronze_hosts: describe table AIRBNB.bronze.bronze_hosts__dbt_tmp
/* {"app": "dbt", "dbt_version": "1.12.4", "profile_name": "aws_dbt_snowflake_project", "target_name": "dev", "node_id": "model.aws_dbt_snowflake_project.bronze_hosts"} */
[0m12:39:40.383099 [debug] [Thread-2 (]: SQL status: SUCCESS 6 in 0.180 seconds
[0m12:39:40.393159 [debug] [Thread-2 (]: Using snowflake connection "model.aws_dbt_snowflake_project.bronze_hosts"
[0m12:39:40.393159 [debug] [Thread-2 (]: On model.aws_dbt_snowflake_project.bronze_hosts: describe table AIRBNB.bronze.bronze_hosts
/* {"app": "dbt", "dbt_version": "1.12.4", "profile_name": "aws_dbt_snowflake_project", "target_name": "dev", "node_id": "model.aws_dbt_snowflake_project.bronze_hosts"} */
[0m12:39:40.560298 [debug] [Thread-2 (]: SQL status: SUCCESS 6 in 0.166 seconds
[0m12:39:40.565332 [debug] [Thread-2 (]: Using snowflake connection "model.aws_dbt_snowflake_project.bronze_hosts"
[0m12:39:40.565332 [debug] [Thread-2 (]: On model.aws_dbt_snowflake_project.bronze_hosts: describe table "AIRBNB"."BRONZE"."BRONZE_HOSTS"
/* {"app": "dbt", "dbt_version": "1.12.4", "profile_name": "aws_dbt_snowflake_project", "target_name": "dev", "node_id": "model.aws_dbt_snowflake_project.bronze_hosts"} */
[0m12:39:40.771576 [debug] [Thread-2 (]: SQL status: SUCCESS 6 in 0.204 seconds
[0m12:39:40.776624 [debug] [Thread-2 (]: Writing runtime sql for node "model.aws_dbt_snowflake_project.bronze_hosts"
[0m12:39:40.781624 [debug] [Thread-2 (]: Using snowflake connection "model.aws_dbt_snowflake_project.bronze_hosts"
[0m12:39:40.781624 [debug] [Thread-2 (]: On model.aws_dbt_snowflake_project.bronze_hosts: -- back compat for old kwarg name
  
  begin
/* {"app": "dbt", "dbt_version": "1.12.4", "profile_name": "aws_dbt_snowflake_project", "target_name": "dev", "node_id": "model.aws_dbt_snowflake_project.bronze_hosts"} */;
[0m12:39:40.967316 [debug] [Thread-2 (]: SQL status: SUCCESS 1 in 0.187 seconds
[0m12:39:40.973741 [debug] [Thread-2 (]: Using snowflake connection "model.aws_dbt_snowflake_project.bronze_hosts"
[0m12:39:40.974818 [debug] [Thread-2 (]: On model.aws_dbt_snowflake_project.bronze_hosts: insert into AIRBNB.bronze.bronze_hosts ("HOST_ID", "HOST_NAME", "HOST_SINCE", "IS_SUPERHOST", "RESPONSE_RATE", "CREATED_AT")
        (
            select "HOST_ID", "HOST_NAME", "HOST_SINCE", "IS_SUPERHOST", "RESPONSE_RATE", "CREATED_AT"
            from AIRBNB.bronze.bronze_hosts__dbt_tmp
        )
/* {"app": "dbt", "dbt_version": "1.12.4", "profile_name": "aws_dbt_snowflake_project", "target_name": "dev", "node_id": "model.aws_dbt_snowflake_project.bronze_hosts"} */;
[0m12:39:41.263965 [debug] [Thread-2 (]: SQL status: SUCCESS 0 in 0.290 seconds
[0m12:39:41.263965 [debug] [Thread-2 (]: Using snowflake connection "model.aws_dbt_snowflake_project.bronze_hosts"
[0m12:39:41.263965 [debug] [Thread-2 (]: On model.aws_dbt_snowflake_project.bronze_hosts: COMMIT
/* {"app": "dbt", "dbt_version": "1.12.4", "profile_name": "aws_dbt_snowflake_project", "target_name": "dev", "node_id": "model.aws_dbt_snowflake_project.bronze_hosts"} */
[0m12:39:41.479265 [debug] [Thread-2 (]: SQL status: SUCCESS 1 in 0.212 seconds
[0m12:39:41.484269 [debug] [Thread-2 (]: Applying DROP to: AIRBNB.bronze.bronze_hosts__dbt_tmp
[0m12:39:41.484269 [debug] [Thread-2 (]: Using snowflake connection "model.aws_dbt_snowflake_project.bronze_hosts"
[0m12:39:41.484269 [debug] [Thread-2 (]: On model.aws_dbt_snowflake_project.bronze_hosts: drop view if exists AIRBNB.bronze.bronze_hosts__dbt_tmp cascade
/* {"app": "dbt", "dbt_version": "1.12.4", "profile_name": "aws_dbt_snowflake_project", "target_name": "dev", "node_id": "model.aws_dbt_snowflake_project.bronze_hosts"} */
[0m12:39:41.691761 [debug] [Thread-2 (]: SQL status: SUCCESS 1 in 0.205 seconds
[0m12:39:41.696800 [debug] [Thread-2 (]: Sending event: {'category': 'dbt', 'action': 'run_model', 'label': '07448c4a-b6a0-4717-9980-37d0f2345f4c', 'context': [<snowplow_tracker.self_describing_json.SelfDescribingJson object at 0x0000028B65A33E60>]}
[0m12:39:41.696800 [info ] [Thread-2 (]: 2 of 6 OK created sql incremental model bronze.bronze_hosts .................... [[32mSUCCESS 0[0m in 1.80s]
[0m12:39:41.701815 [debug] [Thread-2 (]: Finished running node model.aws_dbt_snowflake_project.bronze_hosts
[0m12:39:41.701815 [debug] [Thread-2 (]: Began running node model.aws_dbt_snowflake_project.bronze_listings
[0m12:39:41.701815 [info ] [Thread-2 (]: 3 of 6 START sql incremental model bronze.bronze_listings ...................... [RUN]
[0m12:39:41.706857 [debug] [Thread-2 (]: Re-using an available connection from the pool (formerly model.aws_dbt_snowflake_project.bronze_hosts, now model.aws_dbt_snowflake_project.bronze_listings)
[0m12:39:41.706857 [debug] [Thread-2 (]: Began compiling node model.aws_dbt_snowflake_project.bronze_listings
[0m12:39:41.714661 [debug] [Thread-2 (]: Writing injected SQL for node "model.aws_dbt_snowflake_project.bronze_listings"
[0m12:39:41.716877 [debug] [Thread-2 (]: Began executing node model.aws_dbt_snowflake_project.bronze_listings
[0m12:39:41.729710 [debug] [Thread-2 (]: Using snowflake connection "model.aws_dbt_snowflake_project.bronze_listings"
[0m12:39:41.729710 [debug] [Thread-2 (]: On model.aws_dbt_snowflake_project.bronze_listings: create or replace  temporary view AIRBNB.bronze.bronze_listings__dbt_tmp
  
  
  
  
  as (
    



SELECT *
FROM AIRBNB.staging.listings



WHERE CREATED_AT > (
    SELECT COALESCE(
        MAX(CREATED_AT),
        '1900-01-01'::date
    )
    FROM AIRBNB.bronze.bronze_listings
)


  )
/* {"app": "dbt", "dbt_version": "1.12.4", "profile_name": "aws_dbt_snowflake_project", "target_name": "dev", "node_id": "model.aws_dbt_snowflake_project.bronze_listings"} */;
[0m12:39:42.074065 [debug] [Thread-2 (]: SQL status: SUCCESS 1 in 0.343 seconds
[0m12:39:42.079136 [debug] [Thread-2 (]: Using snowflake connection "model.aws_dbt_snowflake_project.bronze_listings"
[0m12:39:42.079136 [debug] [Thread-2 (]: On model.aws_dbt_snowflake_project.bronze_listings: describe table AIRBNB.bronze.bronze_listings__dbt_tmp
/* {"app": "dbt", "dbt_version": "1.12.4", "profile_name": "aws_dbt_snowflake_project", "target_name": "dev", "node_id": "model.aws_dbt_snowflake_project.bronze_listings"} */
[0m12:39:42.402664 [debug] [Thread-2 (]: SQL status: SUCCESS 11 in 0.320 seconds
[0m12:39:42.407676 [debug] [Thread-2 (]: Using snowflake connection "model.aws_dbt_snowflake_project.bronze_listings"
[0m12:39:42.407676 [debug] [Thread-2 (]: On model.aws_dbt_snowflake_project.bronze_listings: describe table AIRBNB.bronze.bronze_listings
/* {"app": "dbt", "dbt_version": "1.12.4", "profile_name": "aws_dbt_snowflake_project", "target_name": "dev", "node_id": "model.aws_dbt_snowflake_project.bronze_listings"} */
[0m12:39:42.604409 [debug] [Thread-2 (]: SQL status: SUCCESS 11 in 0.195 seconds
[0m12:39:42.612745 [debug] [Thread-2 (]: Using snowflake connection "model.aws_dbt_snowflake_project.bronze_listings"
[0m12:39:42.612745 [debug] [Thread-2 (]: On model.aws_dbt_snowflake_project.bronze_listings: describe table "AIRBNB"."BRONZE"."BRONZE_LISTINGS"
/* {"app": "dbt", "dbt_version": "1.12.4", "profile_name": "aws_dbt_snowflake_project", "target_name": "dev", "node_id": "model.aws_dbt_snowflake_project.bronze_listings"} */
[0m12:39:42.814356 [debug] [Thread-2 (]: SQL status: SUCCESS 11 in 0.202 seconds
[0m12:39:42.819398 [debug] [Thread-2 (]: Writing runtime sql for node "model.aws_dbt_snowflake_project.bronze_listings"
[0m12:39:42.824397 [debug] [Thread-2 (]: Using snowflake connection "model.aws_dbt_snowflake_project.bronze_listings"
[0m12:39:42.824397 [debug] [Thread-2 (]: On model.aws_dbt_snowflake_project.bronze_listings: -- back compat for old kwarg name
  
  begin
/* {"app": "dbt", "dbt_version": "1.12.4", "profile_name": "aws_dbt_snowflake_project", "target_name": "dev", "node_id": "model.aws_dbt_snowflake_project.bronze_listings"} */;
[0m12:39:43.034938 [debug] [Thread-2 (]: SQL status: SUCCESS 1 in 0.209 seconds
[0m12:39:43.034938 [debug] [Thread-2 (]: Using snowflake connection "model.aws_dbt_snowflake_project.bronze_listings"
[0m12:39:43.039918 [debug] [Thread-2 (]: On model.aws_dbt_snowflake_project.bronze_listings: insert into AIRBNB.bronze.bronze_listings ("LISTING_ID", "HOST_ID", "PROPERTY_TYPE", "ROOM_TYPE", "CITY", "COUNTRY", "ACCOMMODATES", "BEDROOMS", "BATHROOMS", "PRICE_PER_NIGHT", "CREATED_AT")
        (
            select "LISTING_ID", "HOST_ID", "PROPERTY_TYPE", "ROOM_TYPE", "CITY", "COUNTRY", "ACCOMMODATES", "BEDROOMS", "BATHROOMS", "PRICE_PER_NIGHT", "CREATED_AT"
            from AIRBNB.bronze.bronze_listings__dbt_tmp
        )
/* {"app": "dbt", "dbt_version": "1.12.4", "profile_name": "aws_dbt_snowflake_project", "target_name": "dev", "node_id": "model.aws_dbt_snowflake_project.bronze_listings"} */;
[0m12:39:43.316921 [debug] [Thread-2 (]: SQL status: SUCCESS 0 in 0.280 seconds
[0m12:39:43.321936 [debug] [Thread-2 (]: Using snowflake connection "model.aws_dbt_snowflake_project.bronze_listings"
[0m12:39:43.321936 [debug] [Thread-2 (]: On model.aws_dbt_snowflake_project.bronze_listings: COMMIT
/* {"app": "dbt", "dbt_version": "1.12.4", "profile_name": "aws_dbt_snowflake_project", "target_name": "dev", "node_id": "model.aws_dbt_snowflake_project.bronze_listings"} */
[0m12:39:43.556844 [debug] [Thread-2 (]: SQL status: SUCCESS 1 in 0.229 seconds
[0m12:39:43.556844 [debug] [Thread-2 (]: Applying DROP to: AIRBNB.bronze.bronze_listings__dbt_tmp
[0m12:39:43.562034 [debug] [Thread-2 (]: Using snowflake connection "model.aws_dbt_snowflake_project.bronze_listings"
[0m12:39:43.562034 [debug] [Thread-2 (]: On model.aws_dbt_snowflake_project.bronze_listings: drop view if exists AIRBNB.bronze.bronze_listings__dbt_tmp cascade
/* {"app": "dbt", "dbt_version": "1.12.4", "profile_name": "aws_dbt_snowflake_project", "target_name": "dev", "node_id": "model.aws_dbt_snowflake_project.bronze_listings"} */
[0m12:39:43.917739 [debug] [Thread-2 (]: SQL status: SUCCESS 1 in 0.352 seconds
[0m12:39:43.922742 [debug] [Thread-2 (]: Sending event: {'category': 'dbt', 'action': 'run_model', 'label': '07448c4a-b6a0-4717-9980-37d0f2345f4c', 'context': [<snowplow_tracker.self_describing_json.SelfDescribingJson object at 0x0000028B65BECCB0>]}
[0m12:39:43.922742 [info ] [Thread-2 (]: 3 of 6 OK created sql incremental model bronze.bronze_listings ................. [[32mSUCCESS 0[0m in 2.22s]
[0m12:39:43.927719 [debug] [Thread-2 (]: Finished running node model.aws_dbt_snowflake_project.bronze_listings
[0m12:39:43.927719 [debug] [Thread-2 (]: Began running node model.aws_dbt_snowflake_project.silver_bookings
[0m12:39:43.927719 [info ] [Thread-2 (]: 4 of 6 START sql incremental model silver.silver_bookings ...................... [RUN]
[0m12:39:43.932721 [debug] [Thread-2 (]: Re-using an available connection from the pool (formerly model.aws_dbt_snowflake_project.bronze_listings, now model.aws_dbt_snowflake_project.silver_bookings)
[0m12:39:43.932721 [debug] [Thread-2 (]: Began compiling node model.aws_dbt_snowflake_project.silver_bookings
[0m12:39:43.942740 [debug] [Thread-2 (]: Writing injected SQL for node "model.aws_dbt_snowflake_project.silver_bookings"
[0m12:39:43.942740 [debug] [Thread-2 (]: Began executing node model.aws_dbt_snowflake_project.silver_bookings
[0m12:39:43.961740 [debug] [Thread-2 (]: Using snowflake connection "model.aws_dbt_snowflake_project.silver_bookings"
[0m12:39:43.963883 [debug] [Thread-2 (]: On model.aws_dbt_snowflake_project.silver_bookings: create or replace  temporary view AIRBNB.silver.silver_bookings__dbt_tmp
  
  
  
  
  as (
    

SELECT 
    BOOKING_ID,
    LISTING_ID,
    BOOKING_DATE,
    
    round(NIGHTS_BOOKED * BOOKING_AMOUNT, 2)
 + CLEANING_FEE + SERVICE_FEE AS TOTAL_AMOUNT,
    BOOKING_STATUS,
    CREATED_AT
FROM 
    AIRBNB.bronze.bronze_bookings
  )
/* {"app": "dbt", "dbt_version": "1.12.4", "profile_name": "aws_dbt_snowflake_project", "target_name": "dev", "node_id": "model.aws_dbt_snowflake_project.silver_bookings"} */;
[0m12:39:44.280502 [debug] [Thread-2 (]: SQL status: SUCCESS 1 in 0.316 seconds
[0m12:39:44.285569 [debug] [Thread-2 (]: Using snowflake connection "model.aws_dbt_snowflake_project.silver_bookings"
[0m12:39:44.285569 [debug] [Thread-2 (]: On model.aws_dbt_snowflake_project.silver_bookings: describe table AIRBNB.silver.silver_bookings__dbt_tmp
/* {"app": "dbt", "dbt_version": "1.12.4", "profile_name": "aws_dbt_snowflake_project", "target_name": "dev", "node_id": "model.aws_dbt_snowflake_project.silver_bookings"} */
[0m12:39:44.497922 [debug] [Thread-2 (]: SQL status: SUCCESS 6 in 0.211 seconds
[0m12:39:44.502922 [debug] [Thread-2 (]: Using snowflake connection "model.aws_dbt_snowflake_project.silver_bookings"
[0m12:39:44.502922 [debug] [Thread-2 (]: On model.aws_dbt_snowflake_project.silver_bookings: describe table AIRBNB.silver.silver_bookings
/* {"app": "dbt", "dbt_version": "1.12.4", "profile_name": "aws_dbt_snowflake_project", "target_name": "dev", "node_id": "model.aws_dbt_snowflake_project.silver_bookings"} */
[0m12:39:44.752550 [debug] [Thread-2 (]: SQL status: SUCCESS 6 in 0.248 seconds
[0m12:39:44.757612 [debug] [Thread-2 (]: Using snowflake connection "model.aws_dbt_snowflake_project.silver_bookings"
[0m12:39:44.757612 [debug] [Thread-2 (]: On model.aws_dbt_snowflake_project.silver_bookings: describe table "AIRBNB"."SILVER"."SILVER_BOOKINGS"
/* {"app": "dbt", "dbt_version": "1.12.4", "profile_name": "aws_dbt_snowflake_project", "target_name": "dev", "node_id": "model.aws_dbt_snowflake_project.silver_bookings"} */
[0m12:39:44.959807 [debug] [Thread-2 (]: SQL status: SUCCESS 6 in 0.197 seconds
[0m12:39:44.961967 [debug] [Thread-2 (]: Writing runtime sql for node "model.aws_dbt_snowflake_project.silver_bookings"
[0m12:39:44.967812 [debug] [Thread-2 (]: Using snowflake connection "model.aws_dbt_snowflake_project.silver_bookings"
[0m12:39:44.967812 [debug] [Thread-2 (]: On model.aws_dbt_snowflake_project.silver_bookings: -- back compat for old kwarg name
  
  begin
/* {"app": "dbt", "dbt_version": "1.12.4", "profile_name": "aws_dbt_snowflake_project", "target_name": "dev", "node_id": "model.aws_dbt_snowflake_project.silver_bookings"} */;
[0m12:39:45.269707 [debug] [Thread-2 (]: SQL status: SUCCESS 1 in 0.300 seconds
[0m12:39:45.269707 [debug] [Thread-2 (]: Using snowflake connection "model.aws_dbt_snowflake_project.silver_bookings"
[0m12:39:45.269707 [debug] [Thread-2 (]: On model.aws_dbt_snowflake_project.silver_bookings: insert into AIRBNB.silver.silver_bookings ("BOOKING_ID", "LISTING_ID", "BOOKING_DATE", "TOTAL_AMOUNT", "BOOKING_STATUS", "CREATED_AT")
        (
            select "BOOKING_ID", "LISTING_ID", "BOOKING_DATE", "TOTAL_AMOUNT", "BOOKING_STATUS", "CREATED_AT"
            from AIRBNB.silver.silver_bookings__dbt_tmp
        )
/* {"app": "dbt", "dbt_version": "1.12.4", "profile_name": "aws_dbt_snowflake_project", "target_name": "dev", "node_id": "model.aws_dbt_snowflake_project.silver_bookings"} */;
[0m12:39:45.886424 [debug] [Thread-2 (]: SQL status: SUCCESS 5000 in 0.613 seconds
[0m12:39:45.886424 [debug] [Thread-2 (]: Using snowflake connection "model.aws_dbt_snowflake_project.silver_bookings"
[0m12:39:45.886424 [debug] [Thread-2 (]: On model.aws_dbt_snowflake_project.silver_bookings: COMMIT
/* {"app": "dbt", "dbt_version": "1.12.4", "profile_name": "aws_dbt_snowflake_project", "target_name": "dev", "node_id": "model.aws_dbt_snowflake_project.silver_bookings"} */
[0m12:39:46.200984 [debug] [Thread-2 (]: SQL status: SUCCESS 1 in 0.313 seconds
[0m12:39:46.206031 [debug] [Thread-2 (]: Applying DROP to: AIRBNB.silver.silver_bookings__dbt_tmp
[0m12:39:46.206031 [debug] [Thread-2 (]: Using snowflake connection "model.aws_dbt_snowflake_project.silver_bookings"
[0m12:39:46.211030 [debug] [Thread-2 (]: On model.aws_dbt_snowflake_project.silver_bookings: drop view if exists AIRBNB.silver.silver_bookings__dbt_tmp cascade
/* {"app": "dbt", "dbt_version": "1.12.4", "profile_name": "aws_dbt_snowflake_project", "target_name": "dev", "node_id": "model.aws_dbt_snowflake_project.silver_bookings"} */
[0m12:39:46.502143 [debug] [Thread-2 (]: SQL status: SUCCESS 1 in 0.293 seconds
[0m12:39:46.507209 [debug] [Thread-2 (]: Sending event: {'category': 'dbt', 'action': 'run_model', 'label': '07448c4a-b6a0-4717-9980-37d0f2345f4c', 'context': [<snowplow_tracker.self_describing_json.SelfDescribingJson object at 0x0000028B65BED730>]}
[0m12:39:46.507209 [info ] [Thread-2 (]: 4 of 6 OK created sql incremental model silver.silver_bookings ................. [[32mSUCCESS 5000[0m in 2.58s]
[0m12:39:46.512179 [debug] [Thread-2 (]: Finished running node model.aws_dbt_snowflake_project.silver_bookings
[0m12:39:46.512179 [debug] [Thread-2 (]: Began running node model.aws_dbt_snowflake_project.silver_hosts
[0m12:39:46.512179 [info ] [Thread-2 (]: 5 of 6 START sql incremental model silver.silver_hosts ......................... [RUN]
[0m12:39:46.512179 [debug] [Thread-2 (]: Re-using an available connection from the pool (formerly model.aws_dbt_snowflake_project.silver_bookings, now model.aws_dbt_snowflake_project.silver_hosts)
[0m12:39:46.517199 [debug] [Thread-2 (]: Began compiling node model.aws_dbt_snowflake_project.silver_hosts
[0m12:39:46.522235 [debug] [Thread-2 (]: Writing injected SQL for node "model.aws_dbt_snowflake_project.silver_hosts"
[0m12:39:46.522235 [debug] [Thread-2 (]: Began executing node model.aws_dbt_snowflake_project.silver_hosts
[0m12:39:46.587207 [debug] [Thread-2 (]: Writing runtime sql for node "model.aws_dbt_snowflake_project.silver_hosts"
[0m12:39:46.629998 [debug] [Thread-2 (]: Using snowflake connection "model.aws_dbt_snowflake_project.silver_hosts"
[0m12:39:46.629998 [debug] [Thread-2 (]: On model.aws_dbt_snowflake_project.silver_hosts: create or replace transient table AIRBNB.silver.silver_hosts
    
    
    
    
    

    as (    

SELECT
    HOST_ID,
    
    INITCAP(TRIM(HOST_NAME))
 AS HOST_NAME,
    IS_SUPERHOST,
    RESPONSE_DATE,
    CREATED_AT
FROM 
    AIRBNB.bronze.bronze_hosts
    )

/* {"app": "dbt", "dbt_version": "1.12.4", "profile_name": "aws_dbt_snowflake_project", "target_name": "dev", "node_id": "model.aws_dbt_snowflake_project.silver_hosts"} */;
[0m12:39:46.905591 [debug] [Thread-2 (]: Snowflake adapter: Snowflake query id: 01c70f6d-000d-fb51-0002-1866000810da
[0m12:39:46.905591 [debug] [Thread-2 (]: Snowflake adapter: Snowflake error: 000904 (42000): SQL compilation error: error line 16 at position 4
invalid identifier 'RESPONSE_DATE'
[0m12:39:46.911322 [debug] [Thread-2 (]: Database Error in model silver_hosts (models\silver\silver_hosts.sql)
  000904 (42000): SQL compilation error: error line 16 at position 4
  invalid identifier 'RESPONSE_DATE'
  compiled code at target\run\aws_dbt_snowflake_project\models\silver\silver_hosts.sql
[0m12:39:46.916366 [debug] [Thread-2 (]: Sending event: {'category': 'dbt', 'action': 'run_model', 'label': '07448c4a-b6a0-4717-9980-37d0f2345f4c', 'context': [<snowplow_tracker.self_describing_json.SelfDescribingJson object at 0x0000028B65AD52B0>]}
[0m12:39:46.916366 [error] [Thread-2 (]: 5 of 6 ERROR creating sql incremental model silver.silver_hosts ................ [[31mERROR[0m in 0.40s]
[0m12:39:46.918460 [debug] [Thread-2 (]: Finished running node model.aws_dbt_snowflake_project.silver_hosts
[0m12:39:46.918460 [debug] [Thread-2 (]: Began running node model.aws_dbt_snowflake_project.silver_listings
[0m12:39:46.918460 [debug] [Thread-5 (]: Marking all children of 'model.aws_dbt_snowflake_project.silver_hosts' to be skipped because of status 'error'.  Reason: Database Error in model silver_hosts (models\silver\silver_hosts.sql)
  000904 (42000): SQL compilation error: error line 16 at position 4
  invalid identifier 'RESPONSE_DATE'
  compiled code at target\run\aws_dbt_snowflake_project\models\silver\silver_hosts.sql.
[0m12:39:46.922397 [info ] [Thread-2 (]: 6 of 6 START sql incremental model silver.silver_listings ...................... [RUN]
[0m12:39:46.922397 [debug] [Thread-2 (]: Re-using an available connection from the pool (formerly model.aws_dbt_snowflake_project.silver_hosts, now model.aws_dbt_snowflake_project.silver_listings)
[0m12:39:46.927438 [debug] [Thread-2 (]: Began compiling node model.aws_dbt_snowflake_project.silver_listings
[0m12:39:46.937455 [debug] [Thread-2 (]: Writing injected SQL for node "model.aws_dbt_snowflake_project.silver_listings"
[0m12:39:46.937455 [debug] [Thread-2 (]: Began executing node model.aws_dbt_snowflake_project.silver_listings
[0m12:39:46.947438 [debug] [Thread-2 (]: Using snowflake connection "model.aws_dbt_snowflake_project.silver_listings"
[0m12:39:46.952457 [debug] [Thread-2 (]: On model.aws_dbt_snowflake_project.silver_listings: create or replace  temporary view AIRBNB.silver.silver_listings__dbt_tmp
  
  
  
  
  as (
    

SELECT 
    LISTING_ID,
    HOST_ID,
    
    INITCAP(TRIM(PROPERTY_TYPE))
 AS PROPERTY_TYPE,
    ROOM_TYPE,
    CITY,
    COUNTRY,
    ACCOMMODATES,
    BEDROOMS,
    BATHROOMS,
    
   CASE
        WHEN PRICE_PER_NIGHT < 100 THEN 'low'
        WHEN PRICE_PER_NIGHT >= 100 AND PRICE_PER_NIGHT < 200 THEN 'medium'
        ELSE 'high'
    END
 AS PRICE_TAG,
    PRICE_PER_NIGHT,
    CREATED_AT
FROM 
    AIRBNB.bronze.bronze_listings
  )
/* {"app": "dbt", "dbt_version": "1.12.4", "profile_name": "aws_dbt_snowflake_project", "target_name": "dev", "node_id": "model.aws_dbt_snowflake_project.silver_listings"} */;
[0m12:39:47.367301 [debug] [Thread-2 (]: SQL status: SUCCESS 1 in 0.415 seconds
[0m12:39:47.372277 [debug] [Thread-2 (]: Using snowflake connection "model.aws_dbt_snowflake_project.silver_listings"
[0m12:39:47.372277 [debug] [Thread-2 (]: On model.aws_dbt_snowflake_project.silver_listings: describe table AIRBNB.silver.silver_listings__dbt_tmp
/* {"app": "dbt", "dbt_version": "1.12.4", "profile_name": "aws_dbt_snowflake_project", "target_name": "dev", "node_id": "model.aws_dbt_snowflake_project.silver_listings"} */
[0m12:39:47.619710 [debug] [Thread-2 (]: SQL status: SUCCESS 12 in 0.248 seconds
[0m12:39:47.629771 [debug] [Thread-2 (]: Using snowflake connection "model.aws_dbt_snowflake_project.silver_listings"
[0m12:39:47.629771 [debug] [Thread-2 (]: On model.aws_dbt_snowflake_project.silver_listings: describe table AIRBNB.silver.silver_listings
/* {"app": "dbt", "dbt_version": "1.12.4", "profile_name": "aws_dbt_snowflake_project", "target_name": "dev", "node_id": "model.aws_dbt_snowflake_project.silver_listings"} */
[0m12:39:47.826709 [debug] [Thread-2 (]: SQL status: SUCCESS 12 in 0.195 seconds
[0m12:39:47.831742 [debug] [Thread-2 (]: Using snowflake connection "model.aws_dbt_snowflake_project.silver_listings"
[0m12:39:47.831742 [debug] [Thread-2 (]: On model.aws_dbt_snowflake_project.silver_listings: describe table "AIRBNB"."SILVER"."SILVER_LISTINGS"
/* {"app": "dbt", "dbt_version": "1.12.4", "profile_name": "aws_dbt_snowflake_project", "target_name": "dev", "node_id": "model.aws_dbt_snowflake_project.silver_listings"} */
[0m12:39:48.538813 [debug] [Thread-2 (]: SQL status: SUCCESS 12 in 0.708 seconds
[0m12:39:48.553803 [debug] [Thread-2 (]: Writing runtime sql for node "model.aws_dbt_snowflake_project.silver_listings"
[0m12:39:48.558813 [debug] [Thread-2 (]: Using snowflake connection "model.aws_dbt_snowflake_project.silver_listings"
[0m12:39:48.558813 [debug] [Thread-2 (]: On model.aws_dbt_snowflake_project.silver_listings: -- back compat for old kwarg name
  
  begin
/* {"app": "dbt", "dbt_version": "1.12.4", "profile_name": "aws_dbt_snowflake_project", "target_name": "dev", "node_id": "model.aws_dbt_snowflake_project.silver_listings"} */;
[0m12:39:48.767247 [debug] [Thread-2 (]: SQL status: SUCCESS 1 in 0.210 seconds
[0m12:39:48.772295 [debug] [Thread-2 (]: Using snowflake connection "model.aws_dbt_snowflake_project.silver_listings"
[0m12:39:48.772295 [debug] [Thread-2 (]: On model.aws_dbt_snowflake_project.silver_listings: insert into AIRBNB.silver.silver_listings ("LISTING_ID", "HOST_ID", "PROPERTY_TYPE", "ROOM_TYPE", "CITY", "COUNTRY", "ACCOMMODATES", "BEDROOMS", "BATHROOMS", "PRICE_TAG", "PRICE_PER_NIGHT", "CREATED_AT")
        (
            select "LISTING_ID", "HOST_ID", "PROPERTY_TYPE", "ROOM_TYPE", "CITY", "COUNTRY", "ACCOMMODATES", "BEDROOMS", "BATHROOMS", "PRICE_TAG", "PRICE_PER_NIGHT", "CREATED_AT"
            from AIRBNB.silver.silver_listings__dbt_tmp
        )
/* {"app": "dbt", "dbt_version": "1.12.4", "profile_name": "aws_dbt_snowflake_project", "target_name": "dev", "node_id": "model.aws_dbt_snowflake_project.silver_listings"} */;
[0m12:39:49.304816 [debug] [Thread-2 (]: SQL status: SUCCESS 500 in 0.532 seconds
[0m12:39:49.304816 [debug] [Thread-2 (]: Using snowflake connection "model.aws_dbt_snowflake_project.silver_listings"
[0m12:39:49.304816 [debug] [Thread-2 (]: On model.aws_dbt_snowflake_project.silver_listings: COMMIT
/* {"app": "dbt", "dbt_version": "1.12.4", "profile_name": "aws_dbt_snowflake_project", "target_name": "dev", "node_id": "model.aws_dbt_snowflake_project.silver_listings"} */
[0m12:39:49.666918 [debug] [Thread-2 (]: SQL status: SUCCESS 1 in 0.361 seconds
[0m12:39:49.671991 [debug] [Thread-2 (]: Applying DROP to: AIRBNB.silver.silver_listings__dbt_tmp
[0m12:39:49.671991 [debug] [Thread-2 (]: Using snowflake connection "model.aws_dbt_snowflake_project.silver_listings"
[0m12:39:49.676996 [debug] [Thread-2 (]: On model.aws_dbt_snowflake_project.silver_listings: drop view if exists AIRBNB.silver.silver_listings__dbt_tmp cascade
/* {"app": "dbt", "dbt_version": "1.12.4", "profile_name": "aws_dbt_snowflake_project", "target_name": "dev", "node_id": "model.aws_dbt_snowflake_project.silver_listings"} */
[0m12:39:49.900037 [debug] [Thread-2 (]: SQL status: SUCCESS 1 in 0.224 seconds
[0m12:39:49.905102 [debug] [Thread-2 (]: Sending event: {'category': 'dbt', 'action': 'run_model', 'label': '07448c4a-b6a0-4717-9980-37d0f2345f4c', 'context': [<snowplow_tracker.self_describing_json.SelfDescribingJson object at 0x0000028B65B81070>]}
[0m12:39:49.905102 [info ] [Thread-2 (]: 6 of 6 OK created sql incremental model silver.silver_listings ................. [[32mSUCCESS 500[0m in 2.98s]
[0m12:39:49.910074 [debug] [Thread-2 (]: Finished running node model.aws_dbt_snowflake_project.silver_listings
[0m12:39:49.910074 [debug] [MainThread]: Connection 'master' was properly closed.
[0m12:39:49.910074 [debug] [MainThread]: Connection 'list_AIRBNB' was left open.
[0m12:39:49.910074 [debug] [MainThread]: On list_AIRBNB: Close
[0m12:39:50.399024 [debug] [MainThread]: Connection 'list_AIRBNB_bronze' was left open.
[0m12:39:50.399024 [debug] [MainThread]: On list_AIRBNB_bronze: Close
[0m12:39:50.799038 [debug] [MainThread]: Connection 'model.aws_dbt_snowflake_project.silver_listings' was left open.
[0m12:39:50.799038 [debug] [MainThread]: On model.aws_dbt_snowflake_project.silver_listings: Close
[0m12:39:51.207414 [info ] [MainThread]: 
[0m12:39:51.207414 [info ] [MainThread]: Finished running 6 incremental models in 0 hours 0 minutes and 29.42 seconds (29.42s).
[0m12:39:51.212408 [debug] [MainThread]: Command end result
[0m12:39:51.490205 [debug] [MainThread]: Wrote artifact WritableManifest to C:\Users\Zaheer Alam\Desktop\all files\AWS_DBT_Snowflake\aws_dbt_snowflake_project\target\manifest.json
[0m12:39:51.495238 [debug] [MainThread]: Wrote artifact SemanticManifest to C:\Users\Zaheer Alam\Desktop\all files\AWS_DBT_Snowflake\aws_dbt_snowflake_project\target\semantic_manifest.json
[0m12:39:51.505243 [debug] [MainThread]: Wrote artifact OsiDocument to C:\Users\Zaheer Alam\Desktop\all files\AWS_DBT_Snowflake\aws_dbt_snowflake_project\target\osi_document.json
[0m12:39:51.560530 [debug] [MainThread]: Wrote artifact RunExecutionResult to C:\Users\Zaheer Alam\Desktop\all files\AWS_DBT_Snowflake\aws_dbt_snowflake_project\target\run_results.json
[0m12:39:51.560530 [info ] [MainThread]: 
[0m12:39:51.560530 [info ] [MainThread]: [31mCompleted with 1 error, 0 partial successes, and 0 warnings:[0m
[0m12:39:51.560530 [info ] [MainThread]: 
[0m12:39:51.565574 [error] [MainThread]: [[31mERROR[0m]: in model silver_hosts (models\silver\silver_hosts.sql)
[0m12:39:51.565574 [error] [MainThread]:   Database Error in model silver_hosts (models\silver\silver_hosts.sql)
  000904 (42000): SQL compilation error: error line 16 at position 4
  invalid identifier 'RESPONSE_DATE'
  compiled code at target\run\aws_dbt_snowflake_project\models\silver\silver_hosts.sql
[0m12:39:51.565574 [info ] [MainThread]: 
[0m12:39:51.570572 [info ] [MainThread]:   compiled code at target\compiled\aws_dbt_snowflake_project\models\silver\silver_hosts.sql
[0m12:39:51.570572 [info ] [MainThread]: 
[0m12:39:51.575574 [info ] [MainThread]: Done. PASS=5 WARN=0 ERROR=1 SKIP=0 NO-OP=0 REUSED=0 TOTAL=6
[0m12:39:51.575574 [debug] [MainThread]: Command `dbt run` failed at 12:39:51.575574 after 32.96 seconds
[0m12:39:51.575574 [debug] [MainThread]: Sending event: {'category': 'dbt', 'action': 'invocation', 'label': 'end', 'context': [<snowplow_tracker.self_describing_json.SelfDescribingJson object at 0x0000028B6482D2E0>, <snowplow_tracker.self_describing_json.SelfDescribingJson object at 0x0000028B6591FFB0>, <snowplow_tracker.self_describing_json.SelfDescribingJson object at 0x0000028B633F5DC0>]}
[0m12:39:51.580593 [debug] [MainThread]: Flushing usage events
[0m12:39:54.469132 [debug] [MainThread]: An error was encountered while trying to flush usage events
[0m12:40:20.354645 [debug] [MainThread]: Sending event: {'category': 'dbt', 'action': 'invocation', 'label': 'start', 'context': [<snowplow_tracker.self_describing_json.SelfDescribingJson object at 0x000001EF836A1400>, <snowplow_tracker.self_describing_json.SelfDescribingJson object at 0x000001EF819BDD30>, <snowplow_tracker.self_describing_json.SelfDescribingJson object at 0x000001EF817F2630>]}


============================== 12:40:20.364641 | 36b2889a-ef71-4f6e-b099-7918076d1a71 ==============================
[0m12:40:20.364641 [info ] [MainThread]: Running with dbt=1.12.4
[0m12:40:20.364641 [debug] [MainThread]: running dbt with arguments {'static_parser': 'True', 'no_print': 'None', 'maximum_seed_size_mib': '1', 'warn_error_options': 'WarnErrorOptionsV2(error=[], warn=[], silence=[])', 'target_path': 'None', 'version_check': 'True', 'printer_width': '80', 'write_json': 'True', 'introspect': 'True', 'log_cache_events': 'False', 'empty': 'False', 'cache_selected_only': 'False', 'log_format': 'default', 'debug': 'False', 'fail_fast': 'False', 'profiles_dir': 'C:\\Users\\Zaheer Alam\\.dbt', 'send_anonymous_usage_stats': 'True', 'quiet': 'False', 'warn_error': 'None', 'partial_parse': 'True', 'invocation_command': 'dbt run', 'hints_enabled': 'True', 'use_colors': 'True', 'use_experimental_parser': 'False', 'indirect_selection': 'eager', 'log_path': 'C:\\Users\\Zaheer Alam\\Desktop\\all files\\AWS_DBT_Snowflake\\aws_dbt_snowflake_project\\logs'}
[0m12:40:21.227203 [debug] [MainThread]: Snowflake adapter: Setting snowflake.connector to ERROR (file logging only)
[0m12:40:21.227203 [debug] [MainThread]: Snowflake adapter: Setting botocore to ERROR (file logging only)
[0m12:40:21.232228 [debug] [MainThread]: Snowflake adapter: Setting boto3 to ERROR (file logging only)
[0m12:40:21.781170 [debug] [MainThread]: Sending event: {'category': 'dbt', 'action': 'project_id', 'label': '36b2889a-ef71-4f6e-b099-7918076d1a71', 'context': [<snowplow_tracker.self_describing_json.SelfDescribingJson object at 0x000001EF846D8CE0>]}
[0m12:40:21.911618 [debug] [MainThread]: Sending event: {'category': 'dbt', 'action': 'adapter_info', 'label': '36b2889a-ef71-4f6e-b099-7918076d1a71', 'context': [<snowplow_tracker.self_describing_json.SelfDescribingJson object at 0x000001EF849FFA40>]}
[0m12:40:21.914708 [info ] [MainThread]: Registered adapter: snowflake=1.12.0
[0m12:40:22.592549 [debug] [MainThread]: checksum: 5898aabf08c9bfee8ee956a138979f76ca666292702eae8cc33b5009f8451796, vars: {}, profile: aws_dbt_snowflake_project, target: dev, version: 1.12.4
[0m12:40:22.927622 [debug] [MainThread]: Partial parsing enabled: 0 files deleted, 0 files added, 0 files changed.
[0m12:40:22.929842 [debug] [MainThread]: Nothing changed, skipping partial parsing.
[0m12:40:22.929842 [debug] [MainThread]: Partial parsing enabled, no changes found, skipping parsing
[0m12:40:22.939824 [warn ] [MainThread]: [[33mWARNING[0m]: Configuration paths exist in your dbt_project.yml file which do not apply to any resources.
There are 1 unused configuration paths:
- models.aws_dbt_snowflake_project.gold
[0m12:40:22.947070 [debug] [MainThread]: Sending event: {'category': 'dbt', 'action': 'load_project', 'label': '36b2889a-ef71-4f6e-b099-7918076d1a71', 'context': [<snowplow_tracker.self_describing_json.SelfDescribingJson object at 0x000001EF84BC1AF0>]}
[0m12:40:23.248586 [debug] [MainThread]: Wrote artifact WritableManifest to C:\Users\Zaheer Alam\Desktop\all files\AWS_DBT_Snowflake\aws_dbt_snowflake_project\target\manifest.json
[0m12:40:23.253655 [debug] [MainThread]: Wrote artifact SemanticManifest to C:\Users\Zaheer Alam\Desktop\all files\AWS_DBT_Snowflake\aws_dbt_snowflake_project\target\semantic_manifest.json
[0m12:40:23.318630 [debug] [MainThread]: Wrote artifact OsiDocument to C:\Users\Zaheer Alam\Desktop\all files\AWS_DBT_Snowflake\aws_dbt_snowflake_project\target\osi_document.json
[0m12:40:23.345849 [debug] [MainThread]: Sending event: {'category': 'dbt', 'action': 'resource_counts', 'label': '36b2889a-ef71-4f6e-b099-7918076d1a71', 'context': [<snowplow_tracker.self_describing_json.SelfDescribingJson object at 0x000001EF86608BF0>]}
[0m12:40:23.350874 [info ] [MainThread]: Found 6 models, 2 analyses, 3 sources, 549 macros
[0m12:40:23.350874 [debug] [MainThread]: Sending event: {'category': 'dbt', 'action': 'runnable_timing', 'label': '36b2889a-ef71-4f6e-b099-7918076d1a71', 'context': [<snowplow_tracker.self_describing_json.SelfDescribingJson object at 0x000001EF85166C60>]}
[0m12:40:23.355890 [info ] [MainThread]: 
[0m12:40:23.355890 [info ] [MainThread]: Concurrency: 1 threads (target='dev')
[0m12:40:23.355890 [info ] [MainThread]: 
[0m12:40:23.360878 [debug] [MainThread]: Acquiring new snowflake connection 'master'
[0m12:40:23.370874 [debug] [ThreadPool]: Acquiring new snowflake connection 'list_AIRBNB'
[0m12:40:23.415878 [debug] [ThreadPool]: Using snowflake connection "list_AIRBNB"
[0m12:40:23.415878 [debug] [ThreadPool]: On list_AIRBNB: show terse schemas in database AIRBNB
    limit 10000
/* {"app": "dbt", "dbt_version": "1.12.4", "profile_name": "aws_dbt_snowflake_project", "target_name": "dev", "connection_name": "list_AIRBNB"} */
[0m12:40:23.415878 [debug] [ThreadPool]: Opening a new connection, currently in state init
[0m12:40:25.302776 [debug] [ThreadPool]: SQL status: SUCCESS 6 in 1.889 seconds
[0m12:40:25.312835 [debug] [ThreadPool]: Using snowflake connection "list_AIRBNB"
[0m12:40:25.312835 [debug] [ThreadPool]: On list_AIRBNB: show terse schemas in database AIRBNB
    limit 10000
/* {"app": "dbt", "dbt_version": "1.12.4", "profile_name": "aws_dbt_snowflake_project", "target_name": "dev", "connection_name": "list_AIRBNB"} */
[0m12:40:25.514957 [debug] [ThreadPool]: SQL status: SUCCESS 6 in 0.202 seconds
[0m12:40:25.520023 [debug] [ThreadPool]: Acquiring new snowflake connection 'list_AIRBNB_silver'
[0m12:40:25.549998 [debug] [ThreadPool]: Using snowflake connection "list_AIRBNB_silver"
[0m12:40:25.549998 [debug] [ThreadPool]: On list_AIRBNB_silver: show objects in AIRBNB.silver
    limit 10000
    

/* {"app": "dbt", "dbt_version": "1.12.4", "profile_name": "aws_dbt_snowflake_project", "target_name": "dev", "connection_name": "list_AIRBNB_silver"} */;
[0m12:40:25.549998 [debug] [ThreadPool]: Opening a new connection, currently in state init
[0m12:40:26.945288 [debug] [ThreadPool]: SQL status: SUCCESS 2 in 1.397 seconds
[0m12:40:26.960272 [debug] [ThreadPool]: Using snowflake connection "list_AIRBNB_silver"
[0m12:40:26.960272 [debug] [ThreadPool]: On list_AIRBNB_silver: show user functions in AIRBNB.silver
/* {"app": "dbt", "dbt_version": "1.12.4", "profile_name": "aws_dbt_snowflake_project", "target_name": "dev", "connection_name": "list_AIRBNB_silver"} */
[0m12:40:27.143558 [debug] [ThreadPool]: SQL status: SUCCESS 0 in 0.184 seconds
[0m12:40:27.147797 [debug] [ThreadPool]: Re-using an available connection from the pool (formerly list_AIRBNB_silver, now list_AIRBNB_bronze)
[0m12:40:27.152824 [debug] [ThreadPool]: Using snowflake connection "list_AIRBNB_bronze"
[0m12:40:27.152824 [debug] [ThreadPool]: On list_AIRBNB_bronze: show objects in AIRBNB.bronze
    limit 10000
    

/* {"app": "dbt", "dbt_version": "1.12.4", "profile_name": "aws_dbt_snowflake_project", "target_name": "dev", "connection_name": "list_AIRBNB_bronze"} */;
[0m12:40:27.349828 [debug] [ThreadPool]: SQL status: SUCCESS 3 in 0.195 seconds
[0m12:40:27.354831 [debug] [ThreadPool]: Using snowflake connection "list_AIRBNB_bronze"
[0m12:40:27.354831 [debug] [ThreadPool]: On list_AIRBNB_bronze: show user functions in AIRBNB.bronze
/* {"app": "dbt", "dbt_version": "1.12.4", "profile_name": "aws_dbt_snowflake_project", "target_name": "dev", "connection_name": "list_AIRBNB_bronze"} */
[0m12:40:27.531001 [debug] [ThreadPool]: SQL status: SUCCESS 0 in 0.175 seconds
[0m12:40:27.536027 [debug] [MainThread]: Sending event: {'category': 'dbt', 'action': 'runnable_timing', 'label': '36b2889a-ef71-4f6e-b099-7918076d1a71', 'context': [<snowplow_tracker.self_describing_json.SelfDescribingJson object at 0x000001EF8503DA00>]}
[0m12:40:27.547197 [debug] [Thread-2 (]: Began running node model.aws_dbt_snowflake_project.bronze_bookings
[0m12:40:27.547197 [info ] [Thread-2 (]: 1 of 6 START sql incremental model bronze.bronze_bookings ...................... [RUN]
[0m12:40:27.547197 [debug] [Thread-2 (]: Acquiring new snowflake connection 'model.aws_dbt_snowflake_project.bronze_bookings'
[0m12:40:27.547197 [debug] [Thread-2 (]: Began compiling node model.aws_dbt_snowflake_project.bronze_bookings
[0m12:40:27.577248 [debug] [Thread-2 (]: Writing injected SQL for node "model.aws_dbt_snowflake_project.bronze_bookings"
[0m12:40:27.582236 [debug] [Thread-2 (]: Began executing node model.aws_dbt_snowflake_project.bronze_bookings
[0m12:40:27.719514 [debug] [Thread-2 (]: Using snowflake connection "model.aws_dbt_snowflake_project.bronze_bookings"
[0m12:40:27.719514 [debug] [Thread-2 (]: On model.aws_dbt_snowflake_project.bronze_bookings: create or replace  temporary view AIRBNB.bronze.bronze_bookings__dbt_tmp
  
  
  
  
  as (
    



SELECT *
FROM AIRBNB.staging.bookings



WHERE CREATED_AT > (
    SELECT COALESCE(
        MAX(CREATED_AT),
        '1900-01-01'::date
    )
    FROM AIRBNB.bronze.bronze_bookings
)


  )
/* {"app": "dbt", "dbt_version": "1.12.4", "profile_name": "aws_dbt_snowflake_project", "target_name": "dev", "node_id": "model.aws_dbt_snowflake_project.bronze_bookings"} */;
[0m12:40:27.719514 [debug] [Thread-2 (]: Opening a new connection, currently in state init
[0m12:40:28.561495 [debug] [Thread-2 (]: SQL status: SUCCESS 1 in 0.840 seconds
[0m12:40:28.576515 [debug] [Thread-2 (]: Using snowflake connection "model.aws_dbt_snowflake_project.bronze_bookings"
[0m12:40:28.576515 [debug] [Thread-2 (]: On model.aws_dbt_snowflake_project.bronze_bookings: describe table AIRBNB.bronze.bronze_bookings__dbt_tmp
/* {"app": "dbt", "dbt_version": "1.12.4", "profile_name": "aws_dbt_snowflake_project", "target_name": "dev", "node_id": "model.aws_dbt_snowflake_project.bronze_bookings"} */
[0m12:40:28.785499 [debug] [Thread-2 (]: SQL status: SUCCESS 9 in 0.208 seconds
[0m12:40:28.795591 [debug] [Thread-2 (]: Using snowflake connection "model.aws_dbt_snowflake_project.bronze_bookings"
[0m12:40:28.795591 [debug] [Thread-2 (]: On model.aws_dbt_snowflake_project.bronze_bookings: describe table AIRBNB.bronze.bronze_bookings
/* {"app": "dbt", "dbt_version": "1.12.4", "profile_name": "aws_dbt_snowflake_project", "target_name": "dev", "node_id": "model.aws_dbt_snowflake_project.bronze_bookings"} */
[0m12:40:28.999860 [debug] [Thread-2 (]: SQL status: SUCCESS 9 in 0.202 seconds
[0m12:40:29.018788 [debug] [Thread-2 (]: Using snowflake connection "model.aws_dbt_snowflake_project.bronze_bookings"
[0m12:40:29.018788 [debug] [Thread-2 (]: On model.aws_dbt_snowflake_project.bronze_bookings: describe table "AIRBNB"."BRONZE"."BRONZE_BOOKINGS"
/* {"app": "dbt", "dbt_version": "1.12.4", "profile_name": "aws_dbt_snowflake_project", "target_name": "dev", "node_id": "model.aws_dbt_snowflake_project.bronze_bookings"} */
[0m12:40:29.174298 [debug] [Thread-2 (]: SQL status: SUCCESS 9 in 0.157 seconds
[0m12:40:29.214289 [debug] [Thread-2 (]: Writing runtime sql for node "model.aws_dbt_snowflake_project.bronze_bookings"
[0m12:40:29.219285 [debug] [Thread-2 (]: Using snowflake connection "model.aws_dbt_snowflake_project.bronze_bookings"
[0m12:40:29.219285 [debug] [Thread-2 (]: On model.aws_dbt_snowflake_project.bronze_bookings: -- back compat for old kwarg name
  
  begin
/* {"app": "dbt", "dbt_version": "1.12.4", "profile_name": "aws_dbt_snowflake_project", "target_name": "dev", "node_id": "model.aws_dbt_snowflake_project.bronze_bookings"} */;
[0m12:40:29.417924 [debug] [Thread-2 (]: SQL status: SUCCESS 1 in 0.198 seconds
[0m12:40:29.422724 [debug] [Thread-2 (]: Using snowflake connection "model.aws_dbt_snowflake_project.bronze_bookings"
[0m12:40:29.422724 [debug] [Thread-2 (]: On model.aws_dbt_snowflake_project.bronze_bookings: insert into AIRBNB.bronze.bronze_bookings ("BOOKING_ID", "LISTING_ID", "BOOKING_DATE", "NIGHTS_BOOKED", "BOOKING_AMOUNT", "CLEANING_FEE", "SERVICE_FEE", "BOOKING_STATUS", "CREATED_AT")
        (
            select "BOOKING_ID", "LISTING_ID", "BOOKING_DATE", "NIGHTS_BOOKED", "BOOKING_AMOUNT", "CLEANING_FEE", "SERVICE_FEE", "BOOKING_STATUS", "CREATED_AT"
            from AIRBNB.bronze.bronze_bookings__dbt_tmp
        )
/* {"app": "dbt", "dbt_version": "1.12.4", "profile_name": "aws_dbt_snowflake_project", "target_name": "dev", "node_id": "model.aws_dbt_snowflake_project.bronze_bookings"} */;
[0m12:40:29.810008 [debug] [Thread-2 (]: SQL status: SUCCESS 0 in 0.386 seconds
[0m12:40:29.810008 [debug] [Thread-2 (]: Using snowflake connection "model.aws_dbt_snowflake_project.bronze_bookings"
[0m12:40:29.810008 [debug] [Thread-2 (]: On model.aws_dbt_snowflake_project.bronze_bookings: COMMIT
/* {"app": "dbt", "dbt_version": "1.12.4", "profile_name": "aws_dbt_snowflake_project", "target_name": "dev", "node_id": "model.aws_dbt_snowflake_project.bronze_bookings"} */
[0m12:40:30.012876 [debug] [Thread-2 (]: SQL status: SUCCESS 1 in 0.201 seconds
[0m12:40:30.027957 [debug] [Thread-2 (]: Applying DROP to: AIRBNB.bronze.bronze_bookings__dbt_tmp
[0m12:40:30.042942 [debug] [Thread-2 (]: Using snowflake connection "model.aws_dbt_snowflake_project.bronze_bookings"
[0m12:40:30.047947 [debug] [Thread-2 (]: On model.aws_dbt_snowflake_project.bronze_bookings: drop view if exists AIRBNB.bronze.bronze_bookings__dbt_tmp cascade
/* {"app": "dbt", "dbt_version": "1.12.4", "profile_name": "aws_dbt_snowflake_project", "target_name": "dev", "node_id": "model.aws_dbt_snowflake_project.bronze_bookings"} */
[0m12:40:30.237931 [debug] [Thread-2 (]: SQL status: SUCCESS 1 in 0.191 seconds
[0m12:40:30.289198 [debug] [Thread-2 (]: Sending event: {'category': 'dbt', 'action': 'run_model', 'label': '36b2889a-ef71-4f6e-b099-7918076d1a71', 'context': [<snowplow_tracker.self_describing_json.SelfDescribingJson object at 0x000001EF86801010>]}
[0m12:40:30.289198 [info ] [Thread-2 (]: 1 of 6 OK created sql incremental model bronze.bronze_bookings ................. [[32mSUCCESS 0[0m in 2.74s]
[0m12:40:30.289198 [debug] [Thread-2 (]: Finished running node model.aws_dbt_snowflake_project.bronze_bookings
[0m12:40:30.294254 [debug] [Thread-2 (]: Began running node model.aws_dbt_snowflake_project.bronze_hosts
[0m12:40:30.294254 [info ] [Thread-2 (]: 2 of 6 START sql incremental model bronze.bronze_hosts ......................... [RUN]
[0m12:40:30.294254 [debug] [Thread-2 (]: Re-using an available connection from the pool (formerly model.aws_dbt_snowflake_project.bronze_bookings, now model.aws_dbt_snowflake_project.bronze_hosts)
[0m12:40:30.294254 [debug] [Thread-2 (]: Began compiling node model.aws_dbt_snowflake_project.bronze_hosts
[0m12:40:30.304240 [debug] [Thread-2 (]: Writing injected SQL for node "model.aws_dbt_snowflake_project.bronze_hosts"
[0m12:40:30.304240 [debug] [Thread-2 (]: Began executing node model.aws_dbt_snowflake_project.bronze_hosts
[0m12:40:30.314235 [debug] [Thread-2 (]: Using snowflake connection "model.aws_dbt_snowflake_project.bronze_hosts"
[0m12:40:30.319233 [debug] [Thread-2 (]: On model.aws_dbt_snowflake_project.bronze_hosts: create or replace  temporary view AIRBNB.bronze.bronze_hosts__dbt_tmp
  
  
  
  
  as (
    



SELECT *
FROM AIRBNB.staging.hosts



WHERE CREATED_AT > (
    SELECT COALESCE(
        MAX(CREATED_AT),
        '1900-01-01'::date
    )
    FROM AIRBNB.bronze.bronze_hosts
)


  )
/* {"app": "dbt", "dbt_version": "1.12.4", "profile_name": "aws_dbt_snowflake_project", "target_name": "dev", "node_id": "model.aws_dbt_snowflake_project.bronze_hosts"} */;
[0m12:40:30.733812 [debug] [Thread-2 (]: SQL status: SUCCESS 1 in 0.411 seconds
[0m12:40:30.733812 [debug] [Thread-2 (]: Using snowflake connection "model.aws_dbt_snowflake_project.bronze_hosts"
[0m12:40:30.733812 [debug] [Thread-2 (]: On model.aws_dbt_snowflake_project.bronze_hosts: describe table AIRBNB.bronze.bronze_hosts__dbt_tmp
/* {"app": "dbt", "dbt_version": "1.12.4", "profile_name": "aws_dbt_snowflake_project", "target_name": "dev", "node_id": "model.aws_dbt_snowflake_project.bronze_hosts"} */
[0m12:40:30.926573 [debug] [Thread-2 (]: SQL status: SUCCESS 6 in 0.190 seconds
[0m12:40:30.936560 [debug] [Thread-2 (]: Using snowflake connection "model.aws_dbt_snowflake_project.bronze_hosts"
[0m12:40:30.936560 [debug] [Thread-2 (]: On model.aws_dbt_snowflake_project.bronze_hosts: describe table AIRBNB.bronze.bronze_hosts
/* {"app": "dbt", "dbt_version": "1.12.4", "profile_name": "aws_dbt_snowflake_project", "target_name": "dev", "node_id": "model.aws_dbt_snowflake_project.bronze_hosts"} */
[0m12:40:31.174382 [debug] [Thread-2 (]: SQL status: SUCCESS 6 in 0.237 seconds
[0m12:40:31.179433 [debug] [Thread-2 (]: Using snowflake connection "model.aws_dbt_snowflake_project.bronze_hosts"
[0m12:40:31.179433 [debug] [Thread-2 (]: On model.aws_dbt_snowflake_project.bronze_hosts: describe table "AIRBNB"."BRONZE"."BRONZE_HOSTS"
/* {"app": "dbt", "dbt_version": "1.12.4", "profile_name": "aws_dbt_snowflake_project", "target_name": "dev", "node_id": "model.aws_dbt_snowflake_project.bronze_hosts"} */
[0m12:40:31.515478 [debug] [Thread-2 (]: SQL status: SUCCESS 6 in 0.334 seconds
[0m12:40:31.525489 [debug] [Thread-2 (]: Writing runtime sql for node "model.aws_dbt_snowflake_project.bronze_hosts"
[0m12:40:31.525489 [debug] [Thread-2 (]: Using snowflake connection "model.aws_dbt_snowflake_project.bronze_hosts"
[0m12:40:31.530498 [debug] [Thread-2 (]: On model.aws_dbt_snowflake_project.bronze_hosts: -- back compat for old kwarg name
  
  begin
/* {"app": "dbt", "dbt_version": "1.12.4", "profile_name": "aws_dbt_snowflake_project", "target_name": "dev", "node_id": "model.aws_dbt_snowflake_project.bronze_hosts"} */;
[0m12:40:31.736314 [debug] [Thread-2 (]: SQL status: SUCCESS 1 in 0.207 seconds
[0m12:40:31.736314 [debug] [Thread-2 (]: Using snowflake connection "model.aws_dbt_snowflake_project.bronze_hosts"
[0m12:40:31.736314 [debug] [Thread-2 (]: On model.aws_dbt_snowflake_project.bronze_hosts: insert into AIRBNB.bronze.bronze_hosts ("HOST_ID", "HOST_NAME", "HOST_SINCE", "IS_SUPERHOST", "RESPONSE_RATE", "CREATED_AT")
        (
            select "HOST_ID", "HOST_NAME", "HOST_SINCE", "IS_SUPERHOST", "RESPONSE_RATE", "CREATED_AT"
            from AIRBNB.bronze.bronze_hosts__dbt_tmp
        )
/* {"app": "dbt", "dbt_version": "1.12.4", "profile_name": "aws_dbt_snowflake_project", "target_name": "dev", "node_id": "model.aws_dbt_snowflake_project.bronze_hosts"} */;
[0m12:40:32.370087 [debug] [Thread-2 (]: SQL status: SUCCESS 0 in 0.629 seconds
[0m12:40:32.370087 [debug] [Thread-2 (]: Using snowflake connection "model.aws_dbt_snowflake_project.bronze_hosts"
[0m12:40:32.370087 [debug] [Thread-2 (]: On model.aws_dbt_snowflake_project.bronze_hosts: COMMIT
/* {"app": "dbt", "dbt_version": "1.12.4", "profile_name": "aws_dbt_snowflake_project", "target_name": "dev", "node_id": "model.aws_dbt_snowflake_project.bronze_hosts"} */
[0m12:40:32.570595 [debug] [Thread-2 (]: SQL status: SUCCESS 1 in 0.202 seconds
[0m12:40:32.575640 [debug] [Thread-2 (]: Applying DROP to: AIRBNB.bronze.bronze_hosts__dbt_tmp
[0m12:40:32.580691 [debug] [Thread-2 (]: Using snowflake connection "model.aws_dbt_snowflake_project.bronze_hosts"
[0m12:40:32.580691 [debug] [Thread-2 (]: On model.aws_dbt_snowflake_project.bronze_hosts: drop view if exists AIRBNB.bronze.bronze_hosts__dbt_tmp cascade
/* {"app": "dbt", "dbt_version": "1.12.4", "profile_name": "aws_dbt_snowflake_project", "target_name": "dev", "node_id": "model.aws_dbt_snowflake_project.bronze_hosts"} */
[0m12:40:32.838680 [debug] [Thread-2 (]: SQL status: SUCCESS 1 in 0.258 seconds
[0m12:40:32.843738 [debug] [Thread-2 (]: Sending event: {'category': 'dbt', 'action': 'run_model', 'label': '36b2889a-ef71-4f6e-b099-7918076d1a71', 'context': [<snowplow_tracker.self_describing_json.SelfDescribingJson object at 0x000001EF86810D10>]}
[0m12:40:32.843738 [info ] [Thread-2 (]: 2 of 6 OK created sql incremental model bronze.bronze_hosts .................... [[32mSUCCESS 0[0m in 2.55s]
[0m12:40:32.848726 [debug] [Thread-2 (]: Finished running node model.aws_dbt_snowflake_project.bronze_hosts
[0m12:40:32.848726 [debug] [Thread-2 (]: Began running node model.aws_dbt_snowflake_project.bronze_listings
[0m12:40:32.848726 [info ] [Thread-2 (]: 3 of 6 START sql incremental model bronze.bronze_listings ...................... [RUN]
[0m12:40:32.848726 [debug] [Thread-2 (]: Re-using an available connection from the pool (formerly model.aws_dbt_snowflake_project.bronze_hosts, now model.aws_dbt_snowflake_project.bronze_listings)
[0m12:40:32.853725 [debug] [Thread-2 (]: Began compiling node model.aws_dbt_snowflake_project.bronze_listings
[0m12:40:32.858728 [debug] [Thread-2 (]: Writing injected SQL for node "model.aws_dbt_snowflake_project.bronze_listings"
[0m12:40:32.863721 [debug] [Thread-2 (]: Began executing node model.aws_dbt_snowflake_project.bronze_listings
[0m12:40:32.873740 [debug] [Thread-2 (]: Using snowflake connection "model.aws_dbt_snowflake_project.bronze_listings"
[0m12:40:32.873740 [debug] [Thread-2 (]: On model.aws_dbt_snowflake_project.bronze_listings: create or replace  temporary view AIRBNB.bronze.bronze_listings__dbt_tmp
  
  
  
  
  as (
    



SELECT *
FROM AIRBNB.staging.listings



WHERE CREATED_AT > (
    SELECT COALESCE(
        MAX(CREATED_AT),
        '1900-01-01'::date
    )
    FROM AIRBNB.bronze.bronze_listings
)


  )
/* {"app": "dbt", "dbt_version": "1.12.4", "profile_name": "aws_dbt_snowflake_project", "target_name": "dev", "node_id": "model.aws_dbt_snowflake_project.bronze_listings"} */;
[0m12:40:33.189261 [debug] [Thread-2 (]: SQL status: SUCCESS 1 in 0.315 seconds
[0m12:40:33.194326 [debug] [Thread-2 (]: Using snowflake connection "model.aws_dbt_snowflake_project.bronze_listings"
[0m12:40:33.194326 [debug] [Thread-2 (]: On model.aws_dbt_snowflake_project.bronze_listings: describe table AIRBNB.bronze.bronze_listings__dbt_tmp
/* {"app": "dbt", "dbt_version": "1.12.4", "profile_name": "aws_dbt_snowflake_project", "target_name": "dev", "node_id": "model.aws_dbt_snowflake_project.bronze_listings"} */
[0m12:40:33.460319 [debug] [Thread-2 (]: SQL status: SUCCESS 11 in 0.263 seconds
[0m12:40:33.465295 [debug] [Thread-2 (]: Using snowflake connection "model.aws_dbt_snowflake_project.bronze_listings"
[0m12:40:33.465295 [debug] [Thread-2 (]: On model.aws_dbt_snowflake_project.bronze_listings: describe table AIRBNB.bronze.bronze_listings
/* {"app": "dbt", "dbt_version": "1.12.4", "profile_name": "aws_dbt_snowflake_project", "target_name": "dev", "node_id": "model.aws_dbt_snowflake_project.bronze_listings"} */
[0m12:40:33.668751 [debug] [Thread-2 (]: SQL status: SUCCESS 11 in 0.202 seconds
[0m12:40:33.673786 [debug] [Thread-2 (]: Using snowflake connection "model.aws_dbt_snowflake_project.bronze_listings"
[0m12:40:33.673786 [debug] [Thread-2 (]: On model.aws_dbt_snowflake_project.bronze_listings: describe table "AIRBNB"."BRONZE"."BRONZE_LISTINGS"
/* {"app": "dbt", "dbt_version": "1.12.4", "profile_name": "aws_dbt_snowflake_project", "target_name": "dev", "node_id": "model.aws_dbt_snowflake_project.bronze_listings"} */
[0m12:40:33.880246 [debug] [Thread-2 (]: SQL status: SUCCESS 11 in 0.204 seconds
[0m12:40:33.885247 [debug] [Thread-2 (]: Writing runtime sql for node "model.aws_dbt_snowflake_project.bronze_listings"
[0m12:40:33.890236 [debug] [Thread-2 (]: Using snowflake connection "model.aws_dbt_snowflake_project.bronze_listings"
[0m12:40:33.890236 [debug] [Thread-2 (]: On model.aws_dbt_snowflake_project.bronze_listings: -- back compat for old kwarg name
  
  begin
/* {"app": "dbt", "dbt_version": "1.12.4", "profile_name": "aws_dbt_snowflake_project", "target_name": "dev", "node_id": "model.aws_dbt_snowflake_project.bronze_listings"} */;
[0m12:40:34.137322 [debug] [Thread-2 (]: SQL status: SUCCESS 1 in 0.246 seconds
[0m12:40:34.137322 [debug] [Thread-2 (]: Using snowflake connection "model.aws_dbt_snowflake_project.bronze_listings"
[0m12:40:34.137322 [debug] [Thread-2 (]: On model.aws_dbt_snowflake_project.bronze_listings: insert into AIRBNB.bronze.bronze_listings ("LISTING_ID", "HOST_ID", "PROPERTY_TYPE", "ROOM_TYPE", "CITY", "COUNTRY", "ACCOMMODATES", "BEDROOMS", "BATHROOMS", "PRICE_PER_NIGHT", "CREATED_AT")
        (
            select "LISTING_ID", "HOST_ID", "PROPERTY_TYPE", "ROOM_TYPE", "CITY", "COUNTRY", "ACCOMMODATES", "BEDROOMS", "BATHROOMS", "PRICE_PER_NIGHT", "CREATED_AT"
            from AIRBNB.bronze.bronze_listings__dbt_tmp
        )
/* {"app": "dbt", "dbt_version": "1.12.4", "profile_name": "aws_dbt_snowflake_project", "target_name": "dev", "node_id": "model.aws_dbt_snowflake_project.bronze_listings"} */;
[0m12:40:34.397508 [debug] [Thread-2 (]: SQL status: SUCCESS 0 in 0.258 seconds
[0m12:40:34.397508 [debug] [Thread-2 (]: Using snowflake connection "model.aws_dbt_snowflake_project.bronze_listings"
[0m12:40:34.397508 [debug] [Thread-2 (]: On model.aws_dbt_snowflake_project.bronze_listings: COMMIT
/* {"app": "dbt", "dbt_version": "1.12.4", "profile_name": "aws_dbt_snowflake_project", "target_name": "dev", "node_id": "model.aws_dbt_snowflake_project.bronze_listings"} */
[0m12:40:34.592271 [debug] [Thread-2 (]: SQL status: SUCCESS 1 in 0.192 seconds
[0m12:40:34.597318 [debug] [Thread-2 (]: Applying DROP to: AIRBNB.bronze.bronze_listings__dbt_tmp
[0m12:40:34.602322 [debug] [Thread-2 (]: Using snowflake connection "model.aws_dbt_snowflake_project.bronze_listings"
[0m12:40:34.602322 [debug] [Thread-2 (]: On model.aws_dbt_snowflake_project.bronze_listings: drop view if exists AIRBNB.bronze.bronze_listings__dbt_tmp cascade
/* {"app": "dbt", "dbt_version": "1.12.4", "profile_name": "aws_dbt_snowflake_project", "target_name": "dev", "node_id": "model.aws_dbt_snowflake_project.bronze_listings"} */
[0m12:40:34.825445 [debug] [Thread-2 (]: SQL status: SUCCESS 1 in 0.223 seconds
[0m12:40:34.830533 [debug] [Thread-2 (]: Sending event: {'category': 'dbt', 'action': 'run_model', 'label': '36b2889a-ef71-4f6e-b099-7918076d1a71', 'context': [<snowplow_tracker.self_describing_json.SelfDescribingJson object at 0x000001EF86810B30>]}
[0m12:40:34.830533 [info ] [Thread-2 (]: 3 of 6 OK created sql incremental model bronze.bronze_listings ................. [[32mSUCCESS 0[0m in 1.98s]
[0m12:40:34.835782 [debug] [Thread-2 (]: Finished running node model.aws_dbt_snowflake_project.bronze_listings
[0m12:40:34.836897 [debug] [Thread-2 (]: Began running node model.aws_dbt_snowflake_project.silver_bookings
[0m12:40:34.837983 [info ] [Thread-2 (]: 4 of 6 START sql incremental model silver.silver_bookings ...................... [RUN]
[0m12:40:34.839072 [debug] [Thread-2 (]: Re-using an available connection from the pool (formerly model.aws_dbt_snowflake_project.bronze_listings, now model.aws_dbt_snowflake_project.silver_bookings)
[0m12:40:34.840150 [debug] [Thread-2 (]: Began compiling node model.aws_dbt_snowflake_project.silver_bookings
[0m12:40:34.847618 [debug] [Thread-2 (]: Writing injected SQL for node "model.aws_dbt_snowflake_project.silver_bookings"
[0m12:40:34.850893 [debug] [Thread-2 (]: Began executing node model.aws_dbt_snowflake_project.silver_bookings
[0m12:40:34.858386 [debug] [Thread-2 (]: Using snowflake connection "model.aws_dbt_snowflake_project.silver_bookings"
[0m12:40:34.859459 [debug] [Thread-2 (]: On model.aws_dbt_snowflake_project.silver_bookings: create or replace  temporary view AIRBNB.silver.silver_bookings__dbt_tmp
  
  
  
  
  as (
    

SELECT 
    BOOKING_ID,
    LISTING_ID,
    BOOKING_DATE,
    
    round(NIGHTS_BOOKED * BOOKING_AMOUNT, 2)
 + CLEANING_FEE + SERVICE_FEE AS TOTAL_AMOUNT,
    BOOKING_STATUS,
    CREATED_AT
FROM 
    AIRBNB.bronze.bronze_bookings
  )
/* {"app": "dbt", "dbt_version": "1.12.4", "profile_name": "aws_dbt_snowflake_project", "target_name": "dev", "node_id": "model.aws_dbt_snowflake_project.silver_bookings"} */;
[0m12:40:35.107832 [debug] [Thread-2 (]: SQL status: SUCCESS 1 in 0.249 seconds
[0m12:40:35.112837 [debug] [Thread-2 (]: Using snowflake connection "model.aws_dbt_snowflake_project.silver_bookings"
[0m12:40:35.112837 [debug] [Thread-2 (]: On model.aws_dbt_snowflake_project.silver_bookings: describe table AIRBNB.silver.silver_bookings__dbt_tmp
/* {"app": "dbt", "dbt_version": "1.12.4", "profile_name": "aws_dbt_snowflake_project", "target_name": "dev", "node_id": "model.aws_dbt_snowflake_project.silver_bookings"} */
[0m12:40:35.340477 [debug] [Thread-2 (]: SQL status: SUCCESS 6 in 0.225 seconds
[0m12:40:35.345485 [debug] [Thread-2 (]: Using snowflake connection "model.aws_dbt_snowflake_project.silver_bookings"
[0m12:40:35.345485 [debug] [Thread-2 (]: On model.aws_dbt_snowflake_project.silver_bookings: describe table AIRBNB.silver.silver_bookings
/* {"app": "dbt", "dbt_version": "1.12.4", "profile_name": "aws_dbt_snowflake_project", "target_name": "dev", "node_id": "model.aws_dbt_snowflake_project.silver_bookings"} */
[0m12:40:35.545425 [debug] [Thread-2 (]: SQL status: SUCCESS 6 in 0.201 seconds
[0m12:40:35.550490 [debug] [Thread-2 (]: Using snowflake connection "model.aws_dbt_snowflake_project.silver_bookings"
[0m12:40:35.555484 [debug] [Thread-2 (]: On model.aws_dbt_snowflake_project.silver_bookings: describe table "AIRBNB"."SILVER"."SILVER_BOOKINGS"
/* {"app": "dbt", "dbt_version": "1.12.4", "profile_name": "aws_dbt_snowflake_project", "target_name": "dev", "node_id": "model.aws_dbt_snowflake_project.silver_bookings"} */
[0m12:40:35.751435 [debug] [Thread-2 (]: SQL status: SUCCESS 6 in 0.195 seconds
[0m12:40:35.756447 [debug] [Thread-2 (]: Writing runtime sql for node "model.aws_dbt_snowflake_project.silver_bookings"
[0m12:40:35.756447 [debug] [Thread-2 (]: Using snowflake connection "model.aws_dbt_snowflake_project.silver_bookings"
[0m12:40:35.761454 [debug] [Thread-2 (]: On model.aws_dbt_snowflake_project.silver_bookings: -- back compat for old kwarg name
  
  begin
/* {"app": "dbt", "dbt_version": "1.12.4", "profile_name": "aws_dbt_snowflake_project", "target_name": "dev", "node_id": "model.aws_dbt_snowflake_project.silver_bookings"} */;
[0m12:40:35.951971 [debug] [Thread-2 (]: SQL status: SUCCESS 1 in 0.189 seconds
[0m12:40:35.953069 [debug] [Thread-2 (]: Using snowflake connection "model.aws_dbt_snowflake_project.silver_bookings"
[0m12:40:35.954157 [debug] [Thread-2 (]: On model.aws_dbt_snowflake_project.silver_bookings: insert into AIRBNB.silver.silver_bookings ("BOOKING_ID", "LISTING_ID", "BOOKING_DATE", "TOTAL_AMOUNT", "BOOKING_STATUS", "CREATED_AT")
        (
            select "BOOKING_ID", "LISTING_ID", "BOOKING_DATE", "TOTAL_AMOUNT", "BOOKING_STATUS", "CREATED_AT"
            from AIRBNB.silver.silver_bookings__dbt_tmp
        )
/* {"app": "dbt", "dbt_version": "1.12.4", "profile_name": "aws_dbt_snowflake_project", "target_name": "dev", "node_id": "model.aws_dbt_snowflake_project.silver_bookings"} */;
[0m12:40:36.378323 [debug] [Thread-2 (]: SQL status: SUCCESS 5000 in 0.425 seconds
[0m12:40:36.378323 [debug] [Thread-2 (]: Using snowflake connection "model.aws_dbt_snowflake_project.silver_bookings"
[0m12:40:36.378323 [debug] [Thread-2 (]: On model.aws_dbt_snowflake_project.silver_bookings: COMMIT
/* {"app": "dbt", "dbt_version": "1.12.4", "profile_name": "aws_dbt_snowflake_project", "target_name": "dev", "node_id": "model.aws_dbt_snowflake_project.silver_bookings"} */
[0m12:40:36.657500 [debug] [Thread-2 (]: SQL status: SUCCESS 1 in 0.275 seconds
[0m12:40:36.662522 [debug] [Thread-2 (]: Applying DROP to: AIRBNB.silver.silver_bookings__dbt_tmp
[0m12:40:36.662522 [debug] [Thread-2 (]: Using snowflake connection "model.aws_dbt_snowflake_project.silver_bookings"
[0m12:40:36.662522 [debug] [Thread-2 (]: On model.aws_dbt_snowflake_project.silver_bookings: drop view if exists AIRBNB.silver.silver_bookings__dbt_tmp cascade
/* {"app": "dbt", "dbt_version": "1.12.4", "profile_name": "aws_dbt_snowflake_project", "target_name": "dev", "node_id": "model.aws_dbt_snowflake_project.silver_bookings"} */
[0m12:40:36.879090 [debug] [Thread-2 (]: SQL status: SUCCESS 1 in 0.212 seconds
[0m12:40:36.879090 [debug] [Thread-2 (]: Sending event: {'category': 'dbt', 'action': 'run_model', 'label': '36b2889a-ef71-4f6e-b099-7918076d1a71', 'context': [<snowplow_tracker.self_describing_json.SelfDescribingJson object at 0x000001EFFE71B3E0>]}
[0m12:40:36.884117 [info ] [Thread-2 (]: 4 of 6 OK created sql incremental model silver.silver_bookings ................. [[32mSUCCESS 5000[0m in 2.04s]
[0m12:40:36.887151 [debug] [Thread-2 (]: Finished running node model.aws_dbt_snowflake_project.silver_bookings
[0m12:40:36.888265 [debug] [Thread-2 (]: Began running node model.aws_dbt_snowflake_project.silver_hosts
[0m12:40:36.889313 [info ] [Thread-2 (]: 5 of 6 START sql incremental model silver.silver_hosts ......................... [RUN]
[0m12:40:36.891418 [debug] [Thread-2 (]: Re-using an available connection from the pool (formerly model.aws_dbt_snowflake_project.silver_bookings, now model.aws_dbt_snowflake_project.silver_hosts)
[0m12:40:36.891418 [debug] [Thread-2 (]: Began compiling node model.aws_dbt_snowflake_project.silver_hosts
[0m12:40:36.898281 [debug] [Thread-2 (]: Writing injected SQL for node "model.aws_dbt_snowflake_project.silver_hosts"
[0m12:40:36.900525 [debug] [Thread-2 (]: Began executing node model.aws_dbt_snowflake_project.silver_hosts
[0m12:40:36.951171 [debug] [Thread-2 (]: Writing runtime sql for node "model.aws_dbt_snowflake_project.silver_hosts"
[0m12:40:36.951171 [debug] [Thread-2 (]: Using snowflake connection "model.aws_dbt_snowflake_project.silver_hosts"
[0m12:40:36.951171 [debug] [Thread-2 (]: On model.aws_dbt_snowflake_project.silver_hosts: create or replace transient table AIRBNB.silver.silver_hosts
    
    
    
    
    

    as (    

SELECT
    HOST_ID,
    
    INITCAP(TRIM(HOST_NAME))
 AS HOST_NAME,
    IS_SUPERHOST,
    RESPONSE_RATE,
    CREATED_AT
FROM 
    AIRBNB.bronze.bronze_hosts
    )

/* {"app": "dbt", "dbt_version": "1.12.4", "profile_name": "aws_dbt_snowflake_project", "target_name": "dev", "node_id": "model.aws_dbt_snowflake_project.silver_hosts"} */;
[0m12:40:37.592885 [debug] [Thread-2 (]: SQL status: SUCCESS 200 in 0.639 seconds
[0m12:40:37.601055 [debug] [Thread-2 (]: Applying DROP to: AIRBNB.silver.silver_hosts__dbt_tmp
[0m12:40:37.603096 [debug] [Thread-2 (]: Using snowflake connection "model.aws_dbt_snowflake_project.silver_hosts"
[0m12:40:37.603096 [debug] [Thread-2 (]: On model.aws_dbt_snowflake_project.silver_hosts: drop view if exists AIRBNB.silver.silver_hosts__dbt_tmp cascade
/* {"app": "dbt", "dbt_version": "1.12.4", "profile_name": "aws_dbt_snowflake_project", "target_name": "dev", "node_id": "model.aws_dbt_snowflake_project.silver_hosts"} */
[0m12:40:37.762607 [debug] [Thread-2 (]: SQL status: SUCCESS 1 in 0.158 seconds
[0m12:40:37.762607 [debug] [Thread-2 (]: Sending event: {'category': 'dbt', 'action': 'run_model', 'label': '36b2889a-ef71-4f6e-b099-7918076d1a71', 'context': [<snowplow_tracker.self_describing_json.SelfDescribingJson object at 0x000001EF86812AB0>]}
[0m12:40:37.767616 [info ] [Thread-2 (]: 5 of 6 OK created sql incremental model silver.silver_hosts .................... [[32mSUCCESS 200[0m in 0.87s]
[0m12:40:37.769681 [debug] [Thread-2 (]: Finished running node model.aws_dbt_snowflake_project.silver_hosts
[0m12:40:37.769681 [debug] [Thread-2 (]: Began running node model.aws_dbt_snowflake_project.silver_listings
[0m12:40:37.769681 [info ] [Thread-2 (]: 6 of 6 START sql incremental model silver.silver_listings ...................... [RUN]
[0m12:40:37.774634 [debug] [Thread-2 (]: Re-using an available connection from the pool (formerly model.aws_dbt_snowflake_project.silver_hosts, now model.aws_dbt_snowflake_project.silver_listings)
[0m12:40:37.774634 [debug] [Thread-2 (]: Began compiling node model.aws_dbt_snowflake_project.silver_listings
[0m12:40:37.781804 [debug] [Thread-2 (]: Writing injected SQL for node "model.aws_dbt_snowflake_project.silver_listings"
[0m12:40:37.781804 [debug] [Thread-2 (]: Began executing node model.aws_dbt_snowflake_project.silver_listings
[0m12:40:37.794174 [debug] [Thread-2 (]: Using snowflake connection "model.aws_dbt_snowflake_project.silver_listings"
[0m12:40:37.794174 [debug] [Thread-2 (]: On model.aws_dbt_snowflake_project.silver_listings: create or replace  temporary view AIRBNB.silver.silver_listings__dbt_tmp
  
  
  
  
  as (
    

SELECT 
    LISTING_ID,
    HOST_ID,
    
    INITCAP(TRIM(PROPERTY_TYPE))
 AS PROPERTY_TYPE,
    ROOM_TYPE,
    CITY,
    COUNTRY,
    ACCOMMODATES,
    BEDROOMS,
    BATHROOMS,
    
   CASE
        WHEN PRICE_PER_NIGHT < 100 THEN 'low'
        WHEN PRICE_PER_NIGHT >= 100 AND PRICE_PER_NIGHT < 200 THEN 'medium'
        ELSE 'high'
    END
 AS PRICE_TAG,
    PRICE_PER_NIGHT,
    CREATED_AT
FROM 
    AIRBNB.bronze.bronze_listings
  )
/* {"app": "dbt", "dbt_version": "1.12.4", "profile_name": "aws_dbt_snowflake_project", "target_name": "dev", "node_id": "model.aws_dbt_snowflake_project.silver_listings"} */;
[0m12:40:38.090204 [debug] [Thread-2 (]: SQL status: SUCCESS 1 in 0.297 seconds
[0m12:40:38.099978 [debug] [Thread-2 (]: Using snowflake connection "model.aws_dbt_snowflake_project.silver_listings"
[0m12:40:38.099978 [debug] [Thread-2 (]: On model.aws_dbt_snowflake_project.silver_listings: describe table AIRBNB.silver.silver_listings__dbt_tmp
/* {"app": "dbt", "dbt_version": "1.12.4", "profile_name": "aws_dbt_snowflake_project", "target_name": "dev", "node_id": "model.aws_dbt_snowflake_project.silver_listings"} */
[0m12:40:38.308671 [debug] [Thread-2 (]: SQL status: SUCCESS 12 in 0.208 seconds
[0m12:40:38.313656 [debug] [Thread-2 (]: Using snowflake connection "model.aws_dbt_snowflake_project.silver_listings"
[0m12:40:38.313656 [debug] [Thread-2 (]: On model.aws_dbt_snowflake_project.silver_listings: describe table AIRBNB.silver.silver_listings
/* {"app": "dbt", "dbt_version": "1.12.4", "profile_name": "aws_dbt_snowflake_project", "target_name": "dev", "node_id": "model.aws_dbt_snowflake_project.silver_listings"} */
[0m12:40:38.514944 [debug] [Thread-2 (]: SQL status: SUCCESS 12 in 0.197 seconds
[0m12:40:38.519940 [debug] [Thread-2 (]: Using snowflake connection "model.aws_dbt_snowflake_project.silver_listings"
[0m12:40:38.519940 [debug] [Thread-2 (]: On model.aws_dbt_snowflake_project.silver_listings: describe table "AIRBNB"."SILVER"."SILVER_LISTINGS"
/* {"app": "dbt", "dbt_version": "1.12.4", "profile_name": "aws_dbt_snowflake_project", "target_name": "dev", "node_id": "model.aws_dbt_snowflake_project.silver_listings"} */
[0m12:40:38.714927 [debug] [Thread-2 (]: SQL status: SUCCESS 12 in 0.195 seconds
[0m12:40:38.724561 [debug] [Thread-2 (]: Writing runtime sql for node "model.aws_dbt_snowflake_project.silver_listings"
[0m12:40:38.729562 [debug] [Thread-2 (]: Using snowflake connection "model.aws_dbt_snowflake_project.silver_listings"
[0m12:40:38.729562 [debug] [Thread-2 (]: On model.aws_dbt_snowflake_project.silver_listings: -- back compat for old kwarg name
  
  begin
/* {"app": "dbt", "dbt_version": "1.12.4", "profile_name": "aws_dbt_snowflake_project", "target_name": "dev", "node_id": "model.aws_dbt_snowflake_project.silver_listings"} */;
[0m12:40:38.926306 [debug] [Thread-2 (]: SQL status: SUCCESS 1 in 0.197 seconds
[0m12:40:38.926306 [debug] [Thread-2 (]: Using snowflake connection "model.aws_dbt_snowflake_project.silver_listings"
[0m12:40:38.926306 [debug] [Thread-2 (]: On model.aws_dbt_snowflake_project.silver_listings: insert into AIRBNB.silver.silver_listings ("LISTING_ID", "HOST_ID", "PROPERTY_TYPE", "ROOM_TYPE", "CITY", "COUNTRY", "ACCOMMODATES", "BEDROOMS", "BATHROOMS", "PRICE_TAG", "PRICE_PER_NIGHT", "CREATED_AT")
        (
            select "LISTING_ID", "HOST_ID", "PROPERTY_TYPE", "ROOM_TYPE", "CITY", "COUNTRY", "ACCOMMODATES", "BEDROOMS", "BATHROOMS", "PRICE_TAG", "PRICE_PER_NIGHT", "CREATED_AT"
            from AIRBNB.silver.silver_listings__dbt_tmp
        )
/* {"app": "dbt", "dbt_version": "1.12.4", "profile_name": "aws_dbt_snowflake_project", "target_name": "dev", "node_id": "model.aws_dbt_snowflake_project.silver_listings"} */;
[0m12:40:39.535741 [debug] [Thread-2 (]: SQL status: SUCCESS 500 in 0.607 seconds
[0m12:40:39.535741 [debug] [Thread-2 (]: Using snowflake connection "model.aws_dbt_snowflake_project.silver_listings"
[0m12:40:39.535741 [debug] [Thread-2 (]: On model.aws_dbt_snowflake_project.silver_listings: COMMIT
/* {"app": "dbt", "dbt_version": "1.12.4", "profile_name": "aws_dbt_snowflake_project", "target_name": "dev", "node_id": "model.aws_dbt_snowflake_project.silver_listings"} */
[0m12:40:39.841044 [debug] [Thread-2 (]: SQL status: SUCCESS 1 in 0.304 seconds
[0m12:40:39.845844 [debug] [Thread-2 (]: Applying DROP to: AIRBNB.silver.silver_listings__dbt_tmp
[0m12:40:39.850872 [debug] [Thread-2 (]: Using snowflake connection "model.aws_dbt_snowflake_project.silver_listings"
[0m12:40:39.850872 [debug] [Thread-2 (]: On model.aws_dbt_snowflake_project.silver_listings: drop view if exists AIRBNB.silver.silver_listings__dbt_tmp cascade
/* {"app": "dbt", "dbt_version": "1.12.4", "profile_name": "aws_dbt_snowflake_project", "target_name": "dev", "node_id": "model.aws_dbt_snowflake_project.silver_listings"} */
[0m12:40:40.062379 [debug] [Thread-2 (]: SQL status: SUCCESS 1 in 0.211 seconds
[0m12:40:40.067426 [debug] [Thread-2 (]: Sending event: {'category': 'dbt', 'action': 'run_model', 'label': '36b2889a-ef71-4f6e-b099-7918076d1a71', 'context': [<snowplow_tracker.self_describing_json.SelfDescribingJson object at 0x000001EF868E4440>]}
[0m12:40:40.067426 [info ] [Thread-2 (]: 6 of 6 OK created sql incremental model silver.silver_listings ................. [[32mSUCCESS 500[0m in 2.30s]
[0m12:40:40.071750 [debug] [Thread-2 (]: Finished running node model.aws_dbt_snowflake_project.silver_listings
[0m12:40:40.071750 [debug] [MainThread]: Connection 'master' was properly closed.
[0m12:40:40.076794 [debug] [MainThread]: Connection 'list_AIRBNB' was left open.
[0m12:40:40.076794 [debug] [MainThread]: On list_AIRBNB: Close
[0m12:40:40.459795 [debug] [MainThread]: Connection 'list_AIRBNB_bronze' was left open.
[0m12:40:40.487824 [debug] [MainThread]: On list_AIRBNB_bronze: Close
[0m12:40:40.872618 [debug] [MainThread]: Connection 'model.aws_dbt_snowflake_project.silver_listings' was left open.
[0m12:40:40.872618 [debug] [MainThread]: On model.aws_dbt_snowflake_project.silver_listings: Close
[0m12:40:41.178341 [info ] [MainThread]: 
[0m12:40:41.178341 [info ] [MainThread]: Finished running 6 incremental models in 0 hours 0 minutes and 17.82 seconds (17.82s).
[0m12:40:41.183326 [debug] [MainThread]: Command end result
[0m12:40:41.484952 [debug] [MainThread]: Wrote artifact WritableManifest to C:\Users\Zaheer Alam\Desktop\all files\AWS_DBT_Snowflake\aws_dbt_snowflake_project\target\manifest.json
[0m12:40:41.499973 [debug] [MainThread]: Wrote artifact SemanticManifest to C:\Users\Zaheer Alam\Desktop\all files\AWS_DBT_Snowflake\aws_dbt_snowflake_project\target\semantic_manifest.json
[0m12:40:41.509962 [debug] [MainThread]: Wrote artifact OsiDocument to C:\Users\Zaheer Alam\Desktop\all files\AWS_DBT_Snowflake\aws_dbt_snowflake_project\target\osi_document.json
[0m12:40:41.539957 [debug] [MainThread]: Wrote artifact RunExecutionResult to C:\Users\Zaheer Alam\Desktop\all files\AWS_DBT_Snowflake\aws_dbt_snowflake_project\target\run_results.json
[0m12:40:41.539957 [info ] [MainThread]: 
[0m12:40:41.539957 [info ] [MainThread]: [32mCompleted successfully[0m
[0m12:40:41.539957 [info ] [MainThread]: 
[0m12:40:41.544960 [info ] [MainThread]: Done. PASS=6 WARN=0 ERROR=0 SKIP=0 NO-OP=0 REUSED=0 TOTAL=6
[0m12:40:41.546210 [debug] [MainThread]: Command `dbt run` succeeded at 12:40:41.546210 after 21.46 seconds
[0m12:40:41.546210 [debug] [MainThread]: Sending event: {'category': 'dbt', 'action': 'invocation', 'label': 'end', 'context': [<snowplow_tracker.self_describing_json.SelfDescribingJson object at 0x000001EF810C5E20>, <snowplow_tracker.self_describing_json.SelfDescribingJson object at 0x000001EF81C87710>, <snowplow_tracker.self_describing_json.SelfDescribingJson object at 0x000001EF81C84A10>]}
[0m12:40:41.546210 [debug] [MainThread]: Flushing usage events
[0m12:40:45.371933 [debug] [MainThread]: An error was encountered while trying to flush usage events
[0m13:37:08.448249 [debug] [MainThread]: Sending event: {'category': 'dbt', 'action': 'invocation', 'label': 'start', 'context': [<snowplow_tracker.self_describing_json.SelfDescribingJson object at 0x00000161B1F0E270>, <snowplow_tracker.self_describing_json.SelfDescribingJson object at 0x00000161B1F0E480>, <snowplow_tracker.self_describing_json.SelfDescribingJson object at 0x00000161AFD1DF70>]}


============================== 13:37:08.455910 | c3723f32-0e88-4bbf-a1af-062b80bf5714 ==============================
[0m13:37:08.455910 [info ] [MainThread]: Running with dbt=1.12.4
[0m13:37:08.457180 [debug] [MainThread]: running dbt with arguments {'maximum_seed_size_mib': '1', 'no_print': 'None', 'static_parser': 'True', 'target_path': 'None', 'warn_error_options': 'WarnErrorOptionsV2(error=[], warn=[], silence=[])', 'version_check': 'True', 'printer_width': '80', 'write_json': 'True', 'introspect': 'True', 'log_cache_events': 'False', 'empty': 'False', 'cache_selected_only': 'False', 'log_format': 'default', 'debug': 'False', 'fail_fast': 'False', 'profiles_dir': 'C:\\Users\\Zaheer Alam\\.dbt', 'send_anonymous_usage_stats': 'True', 'quiet': 'False', 'warn_error': 'None', 'partial_parse': 'True', 'indirect_selection': 'eager', 'hints_enabled': 'True', 'use_colors': 'True', 'use_experimental_parser': 'False', 'invocation_command': 'dbt run --select models/gold', 'log_path': 'C:\\Users\\Zaheer Alam\\Desktop\\all files\\AWS_DBT_Snowflake\\aws_dbt_snowflake_project\\logs'}
[0m13:37:09.363820 [debug] [MainThread]: Snowflake adapter: Setting snowflake.connector to ERROR (file logging only)
[0m13:37:09.363820 [debug] [MainThread]: Snowflake adapter: Setting botocore to ERROR (file logging only)
[0m13:37:09.363820 [debug] [MainThread]: Snowflake adapter: Setting boto3 to ERROR (file logging only)
[0m13:37:09.986034 [debug] [MainThread]: Sending event: {'category': 'dbt', 'action': 'project_id', 'label': 'c3723f32-0e88-4bbf-a1af-062b80bf5714', 'context': [<snowplow_tracker.self_describing_json.SelfDescribingJson object at 0x00000161B323BDA0>]}
[0m13:37:10.121183 [debug] [MainThread]: Sending event: {'category': 'dbt', 'action': 'adapter_info', 'label': 'c3723f32-0e88-4bbf-a1af-062b80bf5714', 'context': [<snowplow_tracker.self_describing_json.SelfDescribingJson object at 0x00000161B20D11C0>]}
[0m13:37:10.123757 [info ] [MainThread]: Registered adapter: snowflake=1.12.0
[0m13:37:10.830598 [debug] [MainThread]: checksum: 5898aabf08c9bfee8ee956a138979f76ca666292702eae8cc33b5009f8451796, vars: {}, profile: aws_dbt_snowflake_project, target: dev, version: 1.12.4
[0m13:37:11.182661 [debug] [MainThread]: Partial parsing enabled: 0 files deleted, 0 files added, 0 files changed.
[0m13:37:11.182661 [debug] [MainThread]: Nothing changed, skipping partial parsing.
[0m13:37:11.182661 [debug] [MainThread]: Partial parsing enabled, no changes found, skipping parsing
[0m13:37:11.202664 [debug] [MainThread]: Sending event: {'category': 'dbt', 'action': 'load_project', 'label': 'c3723f32-0e88-4bbf-a1af-062b80bf5714', 'context': [<snowplow_tracker.self_describing_json.SelfDescribingJson object at 0x00000161B381E840>]}
[0m13:37:11.491406 [debug] [MainThread]: Wrote artifact WritableManifest to C:\Users\Zaheer Alam\Desktop\all files\AWS_DBT_Snowflake\aws_dbt_snowflake_project\target\manifest.json
[0m13:37:11.539599 [debug] [MainThread]: Wrote artifact SemanticManifest to C:\Users\Zaheer Alam\Desktop\all files\AWS_DBT_Snowflake\aws_dbt_snowflake_project\target\semantic_manifest.json
[0m13:37:11.627223 [debug] [MainThread]: Wrote artifact OsiDocument to C:\Users\Zaheer Alam\Desktop\all files\AWS_DBT_Snowflake\aws_dbt_snowflake_project\target\osi_document.json
[0m13:37:11.652395 [debug] [MainThread]: Sending event: {'category': 'dbt', 'action': 'resource_counts', 'label': 'c3723f32-0e88-4bbf-a1af-062b80bf5714', 'context': [<snowplow_tracker.self_describing_json.SelfDescribingJson object at 0x00000161B3E19190>]}
[0m13:37:11.657393 [info ] [MainThread]: Found 7 models, 2 analyses, 3 sources, 549 macros
[0m13:37:11.657393 [debug] [MainThread]: Sending event: {'category': 'dbt', 'action': 'runnable_timing', 'label': 'c3723f32-0e88-4bbf-a1af-062b80bf5714', 'context': [<snowplow_tracker.self_describing_json.SelfDescribingJson object at 0x00000161B33E0DA0>]}
[0m13:37:11.662394 [info ] [MainThread]: 
[0m13:37:11.662394 [info ] [MainThread]: Concurrency: 1 threads (target='dev')
[0m13:37:11.662394 [info ] [MainThread]: 
[0m13:37:11.667392 [debug] [MainThread]: Acquiring new snowflake connection 'master'
[0m13:37:11.667392 [debug] [ThreadPool]: Acquiring new snowflake connection 'list_AIRBNB'
[0m13:37:11.708095 [debug] [ThreadPool]: Using snowflake connection "list_AIRBNB"
[0m13:37:11.708095 [debug] [ThreadPool]: On list_AIRBNB: show terse schemas in database AIRBNB
    limit 10000
/* {"app": "dbt", "dbt_version": "1.12.4", "profile_name": "aws_dbt_snowflake_project", "target_name": "dev", "connection_name": "list_AIRBNB"} */
[0m13:37:11.713094 [debug] [ThreadPool]: Opening a new connection, currently in state init
[0m13:37:14.745153 [debug] [ThreadPool]: SQL status: SUCCESS 6 in 3.032 seconds
[0m13:37:14.745153 [debug] [ThreadPool]: Re-using an available connection from the pool (formerly list_AIRBNB, now create_AIRBNB_gold)
[0m13:37:14.750146 [debug] [ThreadPool]: Creating schema "database: "AIRBNB"
schema: "gold"
"
[0m13:37:14.760151 [debug] [ThreadPool]: Using snowflake connection "create_AIRBNB_gold"
[0m13:37:14.760151 [debug] [ThreadPool]: On create_AIRBNB_gold: create schema if not exists AIRBNB.gold
/* {"app": "dbt", "dbt_version": "1.12.4", "profile_name": "aws_dbt_snowflake_project", "target_name": "dev", "connection_name": "create_AIRBNB_gold"} */
[0m13:37:15.003523 [debug] [ThreadPool]: SQL status: SUCCESS 1 in 0.241 seconds
[0m13:37:15.013546 [debug] [ThreadPool]: Acquiring new snowflake connection 'list_AIRBNB_bronze'
[0m13:37:15.038569 [debug] [ThreadPool]: Using snowflake connection "list_AIRBNB_bronze"
[0m13:37:15.038569 [debug] [ThreadPool]: On list_AIRBNB_bronze: show objects in AIRBNB.bronze
    limit 10000
    

/* {"app": "dbt", "dbt_version": "1.12.4", "profile_name": "aws_dbt_snowflake_project", "target_name": "dev", "connection_name": "list_AIRBNB_bronze"} */;
[0m13:37:15.043566 [debug] [ThreadPool]: Opening a new connection, currently in state init
[0m13:37:15.911759 [debug] [ThreadPool]: SQL status: SUCCESS 3 in 0.871 seconds
[0m13:37:15.921784 [debug] [ThreadPool]: Using snowflake connection "list_AIRBNB_bronze"
[0m13:37:15.926783 [debug] [ThreadPool]: On list_AIRBNB_bronze: show user functions in AIRBNB.bronze
/* {"app": "dbt", "dbt_version": "1.12.4", "profile_name": "aws_dbt_snowflake_project", "target_name": "dev", "connection_name": "list_AIRBNB_bronze"} */
[0m13:37:16.109846 [debug] [ThreadPool]: SQL status: SUCCESS 0 in 0.184 seconds
[0m13:37:16.114912 [debug] [ThreadPool]: Re-using an available connection from the pool (formerly list_AIRBNB_bronze, now list_AIRBNB_gold)
[0m13:37:16.119898 [debug] [ThreadPool]: Using snowflake connection "list_AIRBNB_gold"
[0m13:37:16.119898 [debug] [ThreadPool]: On list_AIRBNB_gold: show objects in AIRBNB.gold
    limit 10000
    

/* {"app": "dbt", "dbt_version": "1.12.4", "profile_name": "aws_dbt_snowflake_project", "target_name": "dev", "connection_name": "list_AIRBNB_gold"} */;
[0m13:37:16.314687 [debug] [ThreadPool]: SQL status: SUCCESS 0 in 0.195 seconds
[0m13:37:16.318266 [debug] [ThreadPool]: Using snowflake connection "list_AIRBNB_gold"
[0m13:37:16.323323 [debug] [ThreadPool]: On list_AIRBNB_gold: show user functions in AIRBNB.gold
/* {"app": "dbt", "dbt_version": "1.12.4", "profile_name": "aws_dbt_snowflake_project", "target_name": "dev", "connection_name": "list_AIRBNB_gold"} */
[0m13:37:16.495208 [debug] [ThreadPool]: SQL status: SUCCESS 0 in 0.176 seconds
[0m13:37:16.500262 [debug] [ThreadPool]: Re-using an available connection from the pool (formerly list_AIRBNB_gold, now list_AIRBNB_silver)
[0m13:37:16.505270 [debug] [ThreadPool]: Using snowflake connection "list_AIRBNB_silver"
[0m13:37:16.505270 [debug] [ThreadPool]: On list_AIRBNB_silver: show objects in AIRBNB.silver
    limit 10000
    

/* {"app": "dbt", "dbt_version": "1.12.4", "profile_name": "aws_dbt_snowflake_project", "target_name": "dev", "connection_name": "list_AIRBNB_silver"} */;
[0m13:37:16.721277 [debug] [ThreadPool]: SQL status: SUCCESS 3 in 0.213 seconds
[0m13:37:16.726313 [debug] [ThreadPool]: Using snowflake connection "list_AIRBNB_silver"
[0m13:37:16.726313 [debug] [ThreadPool]: On list_AIRBNB_silver: show user functions in AIRBNB.silver
/* {"app": "dbt", "dbt_version": "1.12.4", "profile_name": "aws_dbt_snowflake_project", "target_name": "dev", "connection_name": "list_AIRBNB_silver"} */
[0m13:37:16.984052 [debug] [ThreadPool]: SQL status: SUCCESS 0 in 0.260 seconds
[0m13:37:16.989105 [debug] [MainThread]: Sending event: {'category': 'dbt', 'action': 'runnable_timing', 'label': 'c3723f32-0e88-4bbf-a1af-062b80bf5714', 'context': [<snowplow_tracker.self_describing_json.SelfDescribingJson object at 0x00000161B4EAEE10>]}
[0m13:37:17.043691 [debug] [Thread-2 (]: Began running node model.aws_dbt_snowflake_project.obt
[0m13:37:17.043691 [info ] [Thread-2 (]: 1 of 1 START sql table model gold.obt .......................................... [RUN]
[0m13:37:17.043691 [debug] [Thread-2 (]: Acquiring new snowflake connection 'model.aws_dbt_snowflake_project.obt'
[0m13:37:17.043691 [debug] [Thread-2 (]: Began compiling node model.aws_dbt_snowflake_project.obt
[0m13:37:17.073739 [debug] [Thread-2 (]: Writing injected SQL for node "model.aws_dbt_snowflake_project.obt"
[0m13:37:17.076111 [debug] [Thread-2 (]: Began executing node model.aws_dbt_snowflake_project.obt
[0m13:37:17.153585 [debug] [Thread-2 (]: Writing runtime sql for node "model.aws_dbt_snowflake_project.obt"
[0m13:37:17.158562 [debug] [Thread-2 (]: Using snowflake connection "model.aws_dbt_snowflake_project.obt"
[0m13:37:17.163576 [debug] [Thread-2 (]: On model.aws_dbt_snowflake_project.obt: create or replace transient table AIRBNB.gold.obt
    
    
    
    
    

    as (



SELECT
    
        b.*,
    
        l.HOST_ID, l.PROPERTY_TYPE, l.ROOM_TYPE, l.CITY, l.COUNTRY, l.ACCOMMODATES, l.BEDROOMS, l.BATHROOMS, l.PRICE_PER_NIGHT, l.PRICE_TAG, l.CREATED_AT AS LISTING_CREATED_AT,
    
        h.HOST_NAME, h.IS_SUPERHOST, h.RESPONSE_RATE, h.CREATED_AT AS HOST_CREATED_AT
    

FROM
    

        

            AIRBNB.silver.silver_bookings AS b

        

    

        

            LEFT JOIN AIRBNB.silver.silver_listings AS l
                ON b.LISTING_ID = l.LISTING_ID

        

    

        

            LEFT JOIN AIRBNB.silver.silver_hosts AS h
                ON l.HOST_ID = h.HOST_ID

        

    
    )

/* {"app": "dbt", "dbt_version": "1.12.4", "profile_name": "aws_dbt_snowflake_project", "target_name": "dev", "node_id": "model.aws_dbt_snowflake_project.obt"} */;
[0m13:37:17.163576 [debug] [Thread-2 (]: Opening a new connection, currently in state init
[0m13:37:19.351928 [debug] [Thread-2 (]: SQL status: SUCCESS 45000 in 2.191 seconds
[0m13:37:19.413205 [debug] [Thread-2 (]: Sending event: {'category': 'dbt', 'action': 'run_model', 'label': 'c3723f32-0e88-4bbf-a1af-062b80bf5714', 'context': [<snowplow_tracker.self_describing_json.SelfDescribingJson object at 0x00000161AFD7E6C0>]}
[0m13:37:19.413205 [info ] [Thread-2 (]: 1 of 1 OK created sql table model gold.obt ..................................... [[32mSUCCESS 45000[0m in 2.36s]
[0m13:37:19.413205 [debug] [Thread-2 (]: Finished running node model.aws_dbt_snowflake_project.obt
[0m13:37:19.419368 [debug] [MainThread]: Connection 'master' was properly closed.
[0m13:37:19.419368 [debug] [MainThread]: Connection 'create_AIRBNB_gold' was left open.
[0m13:37:19.419368 [debug] [MainThread]: On create_AIRBNB_gold: Close
[0m13:37:19.751852 [debug] [MainThread]: Connection 'list_AIRBNB_silver' was left open.
[0m13:37:19.751852 [debug] [MainThread]: On list_AIRBNB_silver: Close
[0m13:37:20.170864 [debug] [MainThread]: Connection 'model.aws_dbt_snowflake_project.obt' was left open.
[0m13:37:20.170864 [debug] [MainThread]: On model.aws_dbt_snowflake_project.obt: Close
[0m13:37:20.580632 [info ] [MainThread]: 
[0m13:37:20.580632 [info ] [MainThread]: Finished running 1 table model in 0 hours 0 minutes and 8.91 seconds (8.91s).
[0m13:37:20.580632 [debug] [MainThread]: Command end result
[0m13:37:20.688970 [debug] [MainThread]: Wrote artifact WritableManifest to C:\Users\Zaheer Alam\Desktop\all files\AWS_DBT_Snowflake\aws_dbt_snowflake_project\target\manifest.json
[0m13:37:20.697384 [debug] [MainThread]: Wrote artifact SemanticManifest to C:\Users\Zaheer Alam\Desktop\all files\AWS_DBT_Snowflake\aws_dbt_snowflake_project\target\semantic_manifest.json
[0m13:37:20.703092 [debug] [MainThread]: Wrote artifact OsiDocument to C:\Users\Zaheer Alam\Desktop\all files\AWS_DBT_Snowflake\aws_dbt_snowflake_project\target\osi_document.json
[0m13:37:20.718119 [debug] [MainThread]: Wrote artifact RunExecutionResult to C:\Users\Zaheer Alam\Desktop\all files\AWS_DBT_Snowflake\aws_dbt_snowflake_project\target\run_results.json
[0m13:37:20.723097 [info ] [MainThread]: 
[0m13:37:20.723097 [info ] [MainThread]: [32mCompleted successfully[0m
[0m13:37:20.723097 [info ] [MainThread]: 
[0m13:37:20.723097 [info ] [MainThread]: Done. PASS=1 WARN=0 ERROR=0 SKIP=0 NO-OP=0 REUSED=0 TOTAL=1
[0m13:37:20.728095 [debug] [MainThread]: Command `dbt run` succeeded at 13:37:20.728095 after 12.66 seconds
[0m13:37:20.728095 [debug] [MainThread]: Sending event: {'category': 'dbt', 'action': 'invocation', 'label': 'end', 'context': [<snowplow_tracker.self_describing_json.SelfDescribingJson object at 0x00000161B04BCAD0>, <snowplow_tracker.self_describing_json.SelfDescribingJson object at 0x00000161B04BE630>, <snowplow_tracker.self_describing_json.SelfDescribingJson object at 0x00000161B04BD970>]}
[0m13:37:20.728095 [debug] [MainThread]: Flushing usage events
[0m13:37:23.121485 [debug] [MainThread]: An error was encountered while trying to flush usage events
[0m13:58:45.838475 [debug] [MainThread]: Sending event: {'category': 'dbt', 'action': 'invocation', 'label': 'start', 'context': [<snowplow_tracker.self_describing_json.SelfDescribingJson object at 0x0000022551C01F40>, <snowplow_tracker.self_describing_json.SelfDescribingJson object at 0x0000022554C216A0>, <snowplow_tracker.self_describing_json.SelfDescribingJson object at 0x00000225569912B0>]}


============================== 13:58:45.843475 | 1aee05fa-ffad-48e4-a34d-72d9bf74846b ==============================
[0m13:58:45.843475 [info ] [MainThread]: Running with dbt=1.12.4
[0m13:58:45.848483 [debug] [MainThread]: running dbt with arguments {'maximum_seed_size_mib': '1', 'no_print': 'None', 'version_check': 'True', 'warn_error_options': 'WarnErrorOptionsV2(error=[], warn=[], silence=[])', 'target_path': 'None', 'static_parser': 'True', 'printer_width': '80', 'write_json': 'True', 'introspect': 'True', 'log_cache_events': 'False', 'empty': 'False', 'cache_selected_only': 'False', 'fail_fast': 'False', 'debug': 'False', 'log_format': 'default', 'profiles_dir': 'C:\\Users\\Zaheer Alam\\.dbt', 'send_anonymous_usage_stats': 'True', 'quiet': 'False', 'warn_error': 'None', 'partial_parse': 'True', 'indirect_selection': 'eager', 'hints_enabled': 'True', 'invocation_command': 'dbt compile', 'use_experimental_parser': 'False', 'use_colors': 'True', 'log_path': 'C:\\Users\\Zaheer Alam\\Desktop\\all files\\AWS_DBT_Snowflake\\aws_dbt_snowflake_project\\logs'}
[0m13:58:46.703244 [debug] [MainThread]: Snowflake adapter: Setting snowflake.connector to ERROR (file logging only)
[0m13:58:46.703244 [debug] [MainThread]: Snowflake adapter: Setting botocore to ERROR (file logging only)
[0m13:58:46.703244 [debug] [MainThread]: Snowflake adapter: Setting boto3 to ERROR (file logging only)
[0m13:58:47.273817 [debug] [MainThread]: Sending event: {'category': 'dbt', 'action': 'project_id', 'label': '1aee05fa-ffad-48e4-a34d-72d9bf74846b', 'context': [<snowplow_tracker.self_describing_json.SelfDescribingJson object at 0x000002255831DC10>]}
[0m13:58:47.420078 [debug] [MainThread]: Sending event: {'category': 'dbt', 'action': 'adapter_info', 'label': '1aee05fa-ffad-48e4-a34d-72d9bf74846b', 'context': [<snowplow_tracker.self_describing_json.SelfDescribingJson object at 0x0000022558361640>]}
[0m13:58:47.420078 [info ] [MainThread]: Registered adapter: snowflake=1.12.0
[0m13:58:48.135652 [debug] [MainThread]: checksum: 5898aabf08c9bfee8ee956a138979f76ca666292702eae8cc33b5009f8451796, vars: {}, profile: aws_dbt_snowflake_project, target: dev, version: 1.12.4
[0m13:58:48.499975 [debug] [MainThread]: Partial parsing enabled: 0 files deleted, 3 files added, 0 files changed.
[0m13:58:48.499975 [debug] [MainThread]: Partial parsing: added file: aws_dbt_snowflake_project://snapshots\dim_hosts.yml
[0m13:58:48.499975 [debug] [MainThread]: Partial parsing: added file: aws_dbt_snowflake_project://snapshots\dim_bookings.yml
[0m13:58:48.504978 [debug] [MainThread]: Partial parsing: added file: aws_dbt_snowflake_project://snapshots\dim_listings.yml
[0m13:58:49.273293 [debug] [MainThread]: Sending event: {'category': 'dbt', 'action': 'load_project', 'label': '1aee05fa-ffad-48e4-a34d-72d9bf74846b', 'context': [<snowplow_tracker.self_describing_json.SelfDescribingJson object at 0x0000022559ACC9E0>]}
[0m13:58:49.576457 [debug] [MainThread]: Wrote artifact WritableManifest to C:\Users\Zaheer Alam\Desktop\all files\AWS_DBT_Snowflake\aws_dbt_snowflake_project\target\manifest.json
[0m13:58:49.586469 [debug] [MainThread]: Wrote artifact SemanticManifest to C:\Users\Zaheer Alam\Desktop\all files\AWS_DBT_Snowflake\aws_dbt_snowflake_project\target\semantic_manifest.json
[0m13:58:49.652819 [debug] [MainThread]: Wrote artifact OsiDocument to C:\Users\Zaheer Alam\Desktop\all files\AWS_DBT_Snowflake\aws_dbt_snowflake_project\target\osi_document.json
[0m13:58:49.672863 [debug] [MainThread]: Sending event: {'category': 'dbt', 'action': 'resource_counts', 'label': '1aee05fa-ffad-48e4-a34d-72d9bf74846b', 'context': [<snowplow_tracker.self_describing_json.SelfDescribingJson object at 0x0000022559BF7A40>]}
[0m13:58:49.677848 [info ] [MainThread]: Found 10 models, 2 analyses, 3 snapshots, 3 sources, 549 macros
[0m13:58:49.677848 [debug] [MainThread]: Sending event: {'category': 'dbt', 'action': 'runnable_timing', 'label': '1aee05fa-ffad-48e4-a34d-72d9bf74846b', 'context': [<snowplow_tracker.self_describing_json.SelfDescribingJson object at 0x0000022559891940>]}
[0m13:58:49.682856 [info ] [MainThread]: 
[0m13:58:49.682856 [info ] [MainThread]: Concurrency: 1 threads (target='dev')
[0m13:58:49.682856 [info ] [MainThread]: 
[0m13:58:49.687843 [debug] [MainThread]: Acquiring new snowflake connection 'master'
[0m13:58:49.706370 [debug] [ThreadPool]: Acquiring new snowflake connection 'list_AIRBNB_bronze'
[0m13:58:49.754593 [debug] [ThreadPool]: Using snowflake connection "list_AIRBNB_bronze"
[0m13:58:49.754593 [debug] [ThreadPool]: On list_AIRBNB_bronze: show objects in AIRBNB.bronze
    limit 10000
    

/* {"app": "dbt", "dbt_version": "1.12.4", "profile_name": "aws_dbt_snowflake_project", "target_name": "dev", "connection_name": "list_AIRBNB_bronze"} */;
[0m13:58:49.754593 [debug] [ThreadPool]: Opening a new connection, currently in state init
[0m13:58:52.431120 [debug] [ThreadPool]: SQL status: SUCCESS 3 in 2.675 seconds
[0m13:58:52.446153 [debug] [ThreadPool]: Using snowflake connection "list_AIRBNB_bronze"
[0m13:58:52.446153 [debug] [ThreadPool]: On list_AIRBNB_bronze: show user functions in AIRBNB.bronze
/* {"app": "dbt", "dbt_version": "1.12.4", "profile_name": "aws_dbt_snowflake_project", "target_name": "dev", "connection_name": "list_AIRBNB_bronze"} */
[0m13:58:52.632194 [debug] [ThreadPool]: SQL status: SUCCESS 0 in 0.187 seconds
[0m13:58:52.637280 [debug] [ThreadPool]: Re-using an available connection from the pool (formerly list_AIRBNB_bronze, now list_AIRBNB_silver)
[0m13:58:52.642257 [debug] [ThreadPool]: Using snowflake connection "list_AIRBNB_silver"
[0m13:58:52.642257 [debug] [ThreadPool]: On list_AIRBNB_silver: show objects in AIRBNB.silver
    limit 10000
    

/* {"app": "dbt", "dbt_version": "1.12.4", "profile_name": "aws_dbt_snowflake_project", "target_name": "dev", "connection_name": "list_AIRBNB_silver"} */;
[0m13:58:53.046088 [debug] [ThreadPool]: SQL status: SUCCESS 3 in 0.403 seconds
[0m13:58:53.051155 [debug] [ThreadPool]: Using snowflake connection "list_AIRBNB_silver"
[0m13:58:53.051155 [debug] [ThreadPool]: On list_AIRBNB_silver: show user functions in AIRBNB.silver
/* {"app": "dbt", "dbt_version": "1.12.4", "profile_name": "aws_dbt_snowflake_project", "target_name": "dev", "connection_name": "list_AIRBNB_silver"} */
[0m13:58:53.249095 [debug] [ThreadPool]: SQL status: SUCCESS 0 in 0.193 seconds
[0m13:58:53.249095 [debug] [ThreadPool]: Re-using an available connection from the pool (formerly list_AIRBNB_silver, now list_AIRBNB_gold)
[0m13:58:53.254140 [debug] [ThreadPool]: Using snowflake connection "list_AIRBNB_gold"
[0m13:58:53.254140 [debug] [ThreadPool]: On list_AIRBNB_gold: show objects in AIRBNB.gold
    limit 10000
    

/* {"app": "dbt", "dbt_version": "1.12.4", "profile_name": "aws_dbt_snowflake_project", "target_name": "dev", "connection_name": "list_AIRBNB_gold"} */;
[0m13:58:53.455009 [debug] [ThreadPool]: SQL status: SUCCESS 1 in 0.201 seconds
[0m13:58:53.465069 [debug] [ThreadPool]: Using snowflake connection "list_AIRBNB_gold"
[0m13:58:53.465069 [debug] [ThreadPool]: On list_AIRBNB_gold: show user functions in AIRBNB.gold
/* {"app": "dbt", "dbt_version": "1.12.4", "profile_name": "aws_dbt_snowflake_project", "target_name": "dev", "connection_name": "list_AIRBNB_gold"} */
[0m13:58:53.628074 [debug] [ThreadPool]: SQL status: SUCCESS 0 in 0.162 seconds
[0m13:58:53.633436 [debug] [MainThread]: Sending event: {'category': 'dbt', 'action': 'runnable_timing', 'label': '1aee05fa-ffad-48e4-a34d-72d9bf74846b', 'context': [<snowplow_tracker.self_describing_json.SelfDescribingJson object at 0x0000022552687920>]}
[0m13:58:53.641665 [debug] [Thread-2 (]: Began running node model.aws_dbt_snowflake_project.bronze_bookings
[0m13:58:53.641665 [debug] [Thread-2 (]: Acquiring new snowflake connection 'model.aws_dbt_snowflake_project.bronze_bookings'
[0m13:58:53.641665 [debug] [Thread-2 (]: Began compiling node model.aws_dbt_snowflake_project.bronze_bookings
[0m13:58:53.666702 [debug] [Thread-2 (]: Writing injected SQL for node "model.aws_dbt_snowflake_project.bronze_bookings"
[0m13:58:53.671704 [debug] [Thread-2 (]: Began executing node model.aws_dbt_snowflake_project.bronze_bookings
[0m13:58:53.676704 [debug] [Thread-2 (]: Finished running node model.aws_dbt_snowflake_project.bronze_bookings
[0m13:58:53.676704 [debug] [Thread-2 (]: Began running node model.aws_dbt_snowflake_project.bronze_hosts
[0m13:58:53.676704 [debug] [Thread-2 (]: Re-using an available connection from the pool (formerly model.aws_dbt_snowflake_project.bronze_bookings, now model.aws_dbt_snowflake_project.bronze_hosts)
[0m13:58:53.676704 [debug] [Thread-2 (]: Began compiling node model.aws_dbt_snowflake_project.bronze_hosts
[0m13:58:53.681708 [debug] [Thread-2 (]: Writing injected SQL for node "model.aws_dbt_snowflake_project.bronze_hosts"
[0m13:58:53.686707 [debug] [Thread-2 (]: Began executing node model.aws_dbt_snowflake_project.bronze_hosts
[0m13:58:53.686707 [debug] [Thread-2 (]: Finished running node model.aws_dbt_snowflake_project.bronze_hosts
[0m13:58:53.691704 [debug] [Thread-2 (]: Began running node model.aws_dbt_snowflake_project.bronze_listings
[0m13:58:53.691704 [debug] [Thread-2 (]: Re-using an available connection from the pool (formerly model.aws_dbt_snowflake_project.bronze_hosts, now model.aws_dbt_snowflake_project.bronze_listings)
[0m13:58:53.691704 [debug] [Thread-2 (]: Began compiling node model.aws_dbt_snowflake_project.bronze_listings
[0m13:58:53.696717 [debug] [Thread-2 (]: Writing injected SQL for node "model.aws_dbt_snowflake_project.bronze_listings"
[0m13:58:53.701743 [debug] [Thread-2 (]: Began executing node model.aws_dbt_snowflake_project.bronze_listings
[0m13:58:53.701743 [debug] [Thread-2 (]: Finished running node model.aws_dbt_snowflake_project.bronze_listings
[0m13:58:53.701743 [debug] [Thread-2 (]: Began running node analysis.aws_dbt_snowflake_project.playing
[0m13:58:53.706781 [debug] [Thread-2 (]: Re-using an available connection from the pool (formerly model.aws_dbt_snowflake_project.bronze_listings, now analysis.aws_dbt_snowflake_project.playing)
[0m13:58:53.706781 [debug] [Thread-2 (]: Began compiling node analysis.aws_dbt_snowflake_project.playing
[0m13:58:53.712539 [debug] [Thread-2 (]: Writing injected SQL for node "analysis.aws_dbt_snowflake_project.playing"
[0m13:58:53.716008 [debug] [Thread-2 (]: Began executing node analysis.aws_dbt_snowflake_project.playing
[0m13:58:53.716008 [debug] [Thread-2 (]: Finished running node analysis.aws_dbt_snowflake_project.playing
[0m13:58:53.716008 [debug] [Thread-2 (]: Began running node model.aws_dbt_snowflake_project.silver_bookings
[0m13:58:53.721038 [debug] [Thread-2 (]: Re-using an available connection from the pool (formerly analysis.aws_dbt_snowflake_project.playing, now model.aws_dbt_snowflake_project.silver_bookings)
[0m13:58:53.721038 [debug] [Thread-2 (]: Began compiling node model.aws_dbt_snowflake_project.silver_bookings
[0m13:58:53.726056 [debug] [Thread-2 (]: Writing injected SQL for node "model.aws_dbt_snowflake_project.silver_bookings"
[0m13:58:53.730901 [debug] [Thread-2 (]: Began executing node model.aws_dbt_snowflake_project.silver_bookings
[0m13:58:53.730901 [debug] [Thread-2 (]: Finished running node model.aws_dbt_snowflake_project.silver_bookings
[0m13:58:53.730901 [debug] [Thread-2 (]: Began running node analysis.aws_dbt_snowflake_project.explore
[0m13:58:53.735931 [debug] [Thread-2 (]: Re-using an available connection from the pool (formerly model.aws_dbt_snowflake_project.silver_bookings, now analysis.aws_dbt_snowflake_project.explore)
[0m13:58:53.735931 [debug] [Thread-2 (]: Began compiling node analysis.aws_dbt_snowflake_project.explore
[0m13:58:53.735931 [debug] [Thread-2 (]: Writing injected SQL for node "analysis.aws_dbt_snowflake_project.explore"
[0m13:58:53.740946 [debug] [Thread-2 (]: Began executing node analysis.aws_dbt_snowflake_project.explore
[0m13:58:53.740946 [debug] [Thread-2 (]: Finished running node analysis.aws_dbt_snowflake_project.explore
[0m13:58:53.740946 [debug] [Thread-2 (]: Began running node model.aws_dbt_snowflake_project.silver_hosts
[0m13:58:53.745932 [debug] [Thread-2 (]: Re-using an available connection from the pool (formerly analysis.aws_dbt_snowflake_project.explore, now model.aws_dbt_snowflake_project.silver_hosts)
[0m13:58:53.745932 [debug] [Thread-2 (]: Began compiling node model.aws_dbt_snowflake_project.silver_hosts
[0m13:58:53.750949 [debug] [Thread-2 (]: Writing injected SQL for node "model.aws_dbt_snowflake_project.silver_hosts"
[0m13:58:53.755940 [debug] [Thread-2 (]: Began executing node model.aws_dbt_snowflake_project.silver_hosts
[0m13:58:53.755940 [debug] [Thread-2 (]: Finished running node model.aws_dbt_snowflake_project.silver_hosts
[0m13:58:53.755940 [debug] [Thread-2 (]: Began running node model.aws_dbt_snowflake_project.silver_listings
[0m13:58:53.760940 [debug] [Thread-2 (]: Re-using an available connection from the pool (formerly model.aws_dbt_snowflake_project.silver_hosts, now model.aws_dbt_snowflake_project.silver_listings)
[0m13:58:53.760940 [debug] [Thread-2 (]: Began compiling node model.aws_dbt_snowflake_project.silver_listings
[0m13:58:53.765932 [debug] [Thread-2 (]: Writing injected SQL for node "model.aws_dbt_snowflake_project.silver_listings"
[0m13:58:53.770930 [debug] [Thread-2 (]: Began executing node model.aws_dbt_snowflake_project.silver_listings
[0m13:58:53.770930 [debug] [Thread-2 (]: Finished running node model.aws_dbt_snowflake_project.silver_listings
[0m13:58:53.775082 [debug] [Thread-2 (]: Began running node model.aws_dbt_snowflake_project.obt
[0m13:58:53.775082 [debug] [Thread-2 (]: Re-using an available connection from the pool (formerly model.aws_dbt_snowflake_project.silver_listings, now model.aws_dbt_snowflake_project.obt)
[0m13:58:53.775082 [debug] [Thread-2 (]: Began compiling node model.aws_dbt_snowflake_project.obt
[0m13:58:53.785133 [debug] [Thread-2 (]: Writing injected SQL for node "model.aws_dbt_snowflake_project.obt"
[0m13:58:53.790117 [debug] [Thread-2 (]: Began executing node model.aws_dbt_snowflake_project.obt
[0m13:58:53.790117 [debug] [Thread-2 (]: Finished running node model.aws_dbt_snowflake_project.obt
[0m13:58:53.790117 [debug] [Thread-2 (]: Began running node model.aws_dbt_snowflake_project.bookings
[0m13:58:53.795132 [debug] [Thread-2 (]: Re-using an available connection from the pool (formerly model.aws_dbt_snowflake_project.obt, now model.aws_dbt_snowflake_project.bookings)
[0m13:58:53.795132 [debug] [Thread-2 (]: Began compiling node model.aws_dbt_snowflake_project.bookings
[0m13:58:53.800160 [debug] [Thread-2 (]: Writing injected SQL for node "model.aws_dbt_snowflake_project.bookings"
[0m13:58:53.800160 [debug] [Thread-2 (]: Finished running node model.aws_dbt_snowflake_project.bookings
[0m13:58:53.800160 [debug] [Thread-2 (]: Began running node model.aws_dbt_snowflake_project.hosts
[0m13:58:53.805116 [debug] [Thread-2 (]: Re-using an available connection from the pool (formerly model.aws_dbt_snowflake_project.bookings, now model.aws_dbt_snowflake_project.hosts)
[0m13:58:53.805116 [debug] [Thread-2 (]: Began compiling node model.aws_dbt_snowflake_project.hosts
[0m13:58:53.810139 [debug] [Thread-2 (]: Writing injected SQL for node "model.aws_dbt_snowflake_project.hosts"
[0m13:58:53.815125 [debug] [Thread-2 (]: Finished running node model.aws_dbt_snowflake_project.hosts
[0m13:58:53.815125 [debug] [Thread-2 (]: Began running node model.aws_dbt_snowflake_project.listings
[0m13:58:53.815125 [debug] [Thread-2 (]: Re-using an available connection from the pool (formerly model.aws_dbt_snowflake_project.hosts, now model.aws_dbt_snowflake_project.listings)
[0m13:58:53.815125 [debug] [Thread-2 (]: Began compiling node model.aws_dbt_snowflake_project.listings
[0m13:58:53.820122 [debug] [Thread-2 (]: Writing injected SQL for node "model.aws_dbt_snowflake_project.listings"
[0m13:58:53.825119 [debug] [Thread-2 (]: Finished running node model.aws_dbt_snowflake_project.listings
[0m13:58:53.825119 [debug] [Thread-2 (]: Began running node snapshot.aws_dbt_snowflake_project.dim_bookings
[0m13:58:53.825119 [debug] [Thread-2 (]: Re-using an available connection from the pool (formerly model.aws_dbt_snowflake_project.listings, now snapshot.aws_dbt_snowflake_project.dim_bookings)
[0m13:58:53.825119 [debug] [Thread-2 (]: Began compiling node snapshot.aws_dbt_snowflake_project.dim_bookings
[0m13:58:53.835130 [debug] [Thread-2 (]: Writing injected SQL for node "snapshot.aws_dbt_snowflake_project.dim_bookings"
[0m13:58:53.840117 [debug] [Thread-2 (]: Began executing node snapshot.aws_dbt_snowflake_project.dim_bookings
[0m13:58:53.840117 [debug] [Thread-2 (]: Finished running node snapshot.aws_dbt_snowflake_project.dim_bookings
[0m13:58:53.840117 [debug] [Thread-2 (]: Began running node snapshot.aws_dbt_snowflake_project.dim_hosts
[0m13:58:53.845143 [debug] [Thread-2 (]: Re-using an available connection from the pool (formerly snapshot.aws_dbt_snowflake_project.dim_bookings, now snapshot.aws_dbt_snowflake_project.dim_hosts)
[0m13:58:53.845143 [debug] [Thread-2 (]: Began compiling node snapshot.aws_dbt_snowflake_project.dim_hosts
[0m13:58:53.850145 [debug] [Thread-2 (]: Writing injected SQL for node "snapshot.aws_dbt_snowflake_project.dim_hosts"
[0m13:58:53.852033 [debug] [Thread-2 (]: Began executing node snapshot.aws_dbt_snowflake_project.dim_hosts
[0m13:58:53.852033 [debug] [Thread-2 (]: Finished running node snapshot.aws_dbt_snowflake_project.dim_hosts
[0m13:58:53.857067 [debug] [Thread-2 (]: Began running node snapshot.aws_dbt_snowflake_project.dim_listings
[0m13:58:53.857067 [debug] [Thread-2 (]: Re-using an available connection from the pool (formerly snapshot.aws_dbt_snowflake_project.dim_hosts, now snapshot.aws_dbt_snowflake_project.dim_listings)
[0m13:58:53.857067 [debug] [Thread-2 (]: Began compiling node snapshot.aws_dbt_snowflake_project.dim_listings
[0m13:58:53.862082 [debug] [Thread-2 (]: Writing injected SQL for node "snapshot.aws_dbt_snowflake_project.dim_listings"
[0m13:58:53.867072 [debug] [Thread-2 (]: Began executing node snapshot.aws_dbt_snowflake_project.dim_listings
[0m13:58:53.867072 [debug] [Thread-2 (]: Finished running node snapshot.aws_dbt_snowflake_project.dim_listings
[0m13:58:53.867072 [debug] [MainThread]: Connection 'master' was properly closed.
[0m13:58:53.872075 [debug] [MainThread]: Connection 'list_AIRBNB_gold' was left open.
[0m13:58:53.872075 [debug] [MainThread]: On list_AIRBNB_gold: Close
[0m13:58:54.271572 [debug] [MainThread]: Connection 'snapshot.aws_dbt_snowflake_project.dim_listings' was properly closed.
[0m13:58:54.276644 [debug] [MainThread]: Command end result
[0m13:58:54.374505 [debug] [MainThread]: Wrote artifact WritableManifest to C:\Users\Zaheer Alam\Desktop\all files\AWS_DBT_Snowflake\aws_dbt_snowflake_project\target\manifest.json
[0m13:58:54.379517 [debug] [MainThread]: Wrote artifact SemanticManifest to C:\Users\Zaheer Alam\Desktop\all files\AWS_DBT_Snowflake\aws_dbt_snowflake_project\target\semantic_manifest.json
[0m13:58:54.389514 [debug] [MainThread]: Wrote artifact OsiDocument to C:\Users\Zaheer Alam\Desktop\all files\AWS_DBT_Snowflake\aws_dbt_snowflake_project\target\osi_document.json
[0m13:58:54.404495 [debug] [MainThread]: Wrote artifact RunExecutionResult to C:\Users\Zaheer Alam\Desktop\all files\AWS_DBT_Snowflake\aws_dbt_snowflake_project\target\run_results.json
[0m13:58:54.409499 [debug] [MainThread]: Command `dbt compile` succeeded at 13:58:54.409499 after 8.91 seconds
[0m13:58:54.409499 [debug] [MainThread]: Sending event: {'category': 'dbt', 'action': 'invocation', 'label': 'end', 'context': [<snowplow_tracker.self_describing_json.SelfDescribingJson object at 0x0000022554B75D30>, <snowplow_tracker.self_describing_json.SelfDescribingJson object at 0x0000022554B55760>, <snowplow_tracker.self_describing_json.SelfDescribingJson object at 0x00000225550E2D80>]}
[0m13:58:54.409499 [debug] [MainThread]: Flushing usage events
[0m13:58:56.523403 [debug] [MainThread]: An error was encountered while trying to flush usage events
[0m13:59:08.041843 [debug] [MainThread]: Sending event: {'category': 'dbt', 'action': 'invocation', 'label': 'start', 'context': [<snowplow_tracker.self_describing_json.SelfDescribingJson object at 0x0000023A7739E3C0>, <snowplow_tracker.self_describing_json.SelfDescribingJson object at 0x0000023A7577C3B0>, <snowplow_tracker.self_describing_json.SelfDescribingJson object at 0x0000023A74ADD970>]}


============================== 13:59:08.046875 | 8c7d76be-3913-462e-9e51-672fb68b231b ==============================
[0m13:59:08.046875 [info ] [MainThread]: Running with dbt=1.12.4
[0m13:59:08.051844 [debug] [MainThread]: running dbt with arguments {'maximum_seed_size_mib': '1', 'no_print': 'None', 'static_parser': 'True', 'warn_error_options': 'WarnErrorOptionsV2(error=[], warn=[], silence=[])', 'version_check': 'True', 'target_path': 'None', 'printer_width': '80', 'write_json': 'True', 'empty': 'False', 'log_cache_events': 'False', 'introspect': 'True', 'cache_selected_only': 'False', 'log_format': 'default', 'debug': 'False', 'fail_fast': 'False', 'partial_parse': 'True', 'send_anonymous_usage_stats': 'True', 'quiet': 'False', 'warn_error': 'None', 'profiles_dir': 'C:\\Users\\Zaheer Alam\\.dbt', 'indirect_selection': 'eager', 'hints_enabled': 'True', 'use_colors': 'True', 'use_experimental_parser': 'False', 'invocation_command': 'dbt build', 'log_path': 'C:\\Users\\Zaheer Alam\\Desktop\\all files\\AWS_DBT_Snowflake\\aws_dbt_snowflake_project\\logs'}
[0m13:59:08.838266 [debug] [MainThread]: Snowflake adapter: Setting snowflake.connector to ERROR (file logging only)
[0m13:59:08.838266 [debug] [MainThread]: Snowflake adapter: Setting botocore to ERROR (file logging only)
[0m13:59:08.838266 [debug] [MainThread]: Snowflake adapter: Setting boto3 to ERROR (file logging only)
[0m13:59:09.412122 [debug] [MainThread]: Sending event: {'category': 'dbt', 'action': 'project_id', 'label': '8c7d76be-3913-462e-9e51-672fb68b231b', 'context': [<snowplow_tracker.self_describing_json.SelfDescribingJson object at 0x0000023A7749E6C0>]}
[0m13:59:09.544133 [debug] [MainThread]: Sending event: {'category': 'dbt', 'action': 'adapter_info', 'label': '8c7d76be-3913-462e-9e51-672fb68b231b', 'context': [<snowplow_tracker.self_describing_json.SelfDescribingJson object at 0x0000023A788169F0>]}
[0m13:59:09.549190 [info ] [MainThread]: Registered adapter: snowflake=1.12.0
[0m13:59:10.234918 [debug] [MainThread]: checksum: 5898aabf08c9bfee8ee956a138979f76ca666292702eae8cc33b5009f8451796, vars: {}, profile: aws_dbt_snowflake_project, target: dev, version: 1.12.4
[0m13:59:10.668611 [debug] [MainThread]: Partial parsing enabled: 0 files deleted, 0 files added, 0 files changed.
[0m13:59:10.693637 [debug] [MainThread]: Nothing changed, skipping partial parsing.
[0m13:59:10.693637 [debug] [MainThread]: Partial parsing enabled, no changes found, skipping parsing
[0m13:59:10.714340 [debug] [MainThread]: Sending event: {'category': 'dbt', 'action': 'load_project', 'label': '8c7d76be-3913-462e-9e51-672fb68b231b', 'context': [<snowplow_tracker.self_describing_json.SelfDescribingJson object at 0x0000023A78DBF0E0>]}
[0m13:59:11.070955 [debug] [MainThread]: Wrote artifact WritableManifest to C:\Users\Zaheer Alam\Desktop\all files\AWS_DBT_Snowflake\aws_dbt_snowflake_project\target\manifest.json
[0m13:59:11.080950 [debug] [MainThread]: Wrote artifact SemanticManifest to C:\Users\Zaheer Alam\Desktop\all files\AWS_DBT_Snowflake\aws_dbt_snowflake_project\target\semantic_manifest.json
[0m13:59:11.145519 [debug] [MainThread]: Wrote artifact OsiDocument to C:\Users\Zaheer Alam\Desktop\all files\AWS_DBT_Snowflake\aws_dbt_snowflake_project\target\osi_document.json
[0m13:59:11.507167 [debug] [MainThread]: Sending event: {'category': 'dbt', 'action': 'resource_counts', 'label': '8c7d76be-3913-462e-9e51-672fb68b231b', 'context': [<snowplow_tracker.self_describing_json.SelfDescribingJson object at 0x0000023A7A352570>]}
[0m13:59:11.507167 [info ] [MainThread]: Found 10 models, 2 analyses, 3 snapshots, 3 sources, 549 macros
[0m13:59:11.512155 [info ] [MainThread]: 
[0m13:59:11.517158 [info ] [MainThread]: Concurrency: 1 threads (target='dev')
[0m13:59:11.517158 [info ] [MainThread]: 
[0m13:59:11.517158 [debug] [MainThread]: Acquiring new snowflake connection 'master'
[0m13:59:11.532161 [debug] [ThreadPool]: Acquiring new snowflake connection 'list_AIRBNB'
[0m13:59:11.572167 [debug] [ThreadPool]: Using snowflake connection "list_AIRBNB"
[0m13:59:11.572167 [debug] [ThreadPool]: On list_AIRBNB: show terse schemas in database AIRBNB
    limit 10000
/* {"app": "dbt", "dbt_version": "1.12.4", "profile_name": "aws_dbt_snowflake_project", "target_name": "dev", "connection_name": "list_AIRBNB"} */
[0m13:59:11.572167 [debug] [ThreadPool]: Opening a new connection, currently in state init
[0m13:59:13.422832 [debug] [ThreadPool]: SQL status: SUCCESS 7 in 1.851 seconds
[0m13:59:13.432889 [debug] [ThreadPool]: Using snowflake connection "list_AIRBNB"
[0m13:59:13.432889 [debug] [ThreadPool]: On list_AIRBNB: show terse schemas in database AIRBNB
    limit 10000
/* {"app": "dbt", "dbt_version": "1.12.4", "profile_name": "aws_dbt_snowflake_project", "target_name": "dev", "connection_name": "list_AIRBNB"} */
[0m13:59:13.625473 [debug] [ThreadPool]: SQL status: SUCCESS 7 in 0.194 seconds
[0m13:59:13.630523 [debug] [ThreadPool]: Using snowflake connection "list_AIRBNB"
[0m13:59:13.630523 [debug] [ThreadPool]: On list_AIRBNB: show terse schemas in database AIRBNB
    limit 10000
/* {"app": "dbt", "dbt_version": "1.12.4", "profile_name": "aws_dbt_snowflake_project", "target_name": "dev", "connection_name": "list_AIRBNB"} */
[0m13:59:13.828454 [debug] [ThreadPool]: SQL status: SUCCESS 7 in 0.195 seconds
[0m13:59:13.833519 [debug] [ThreadPool]: Acquiring new snowflake connection 'list_AIRBNB_bronze'
[0m13:59:13.859343 [debug] [ThreadPool]: Using snowflake connection "list_AIRBNB_bronze"
[0m13:59:13.864338 [debug] [ThreadPool]: On list_AIRBNB_bronze: show objects in AIRBNB.bronze
    limit 10000
    

/* {"app": "dbt", "dbt_version": "1.12.4", "profile_name": "aws_dbt_snowflake_project", "target_name": "dev", "connection_name": "list_AIRBNB_bronze"} */;
[0m13:59:13.864338 [debug] [ThreadPool]: Opening a new connection, currently in state init
[0m13:59:14.872657 [debug] [ThreadPool]: SQL status: SUCCESS 3 in 1.009 seconds
[0m13:59:14.882656 [debug] [ThreadPool]: Using snowflake connection "list_AIRBNB_bronze"
[0m13:59:14.882656 [debug] [ThreadPool]: On list_AIRBNB_bronze: show user functions in AIRBNB.bronze
/* {"app": "dbt", "dbt_version": "1.12.4", "profile_name": "aws_dbt_snowflake_project", "target_name": "dev", "connection_name": "list_AIRBNB_bronze"} */
[0m13:59:15.061615 [debug] [ThreadPool]: SQL status: SUCCESS 0 in 0.177 seconds
[0m13:59:15.066639 [debug] [ThreadPool]: Re-using an available connection from the pool (formerly list_AIRBNB_bronze, now list_AIRBNB_gold)
[0m13:59:15.070093 [debug] [ThreadPool]: Using snowflake connection "list_AIRBNB_gold"
[0m13:59:15.070093 [debug] [ThreadPool]: On list_AIRBNB_gold: show objects in AIRBNB.gold
    limit 10000
    

/* {"app": "dbt", "dbt_version": "1.12.4", "profile_name": "aws_dbt_snowflake_project", "target_name": "dev", "connection_name": "list_AIRBNB_gold"} */;
[0m13:59:15.271718 [debug] [ThreadPool]: SQL status: SUCCESS 1 in 0.200 seconds
[0m13:59:15.276719 [debug] [ThreadPool]: Using snowflake connection "list_AIRBNB_gold"
[0m13:59:15.276719 [debug] [ThreadPool]: On list_AIRBNB_gold: show user functions in AIRBNB.gold
/* {"app": "dbt", "dbt_version": "1.12.4", "profile_name": "aws_dbt_snowflake_project", "target_name": "dev", "connection_name": "list_AIRBNB_gold"} */
[0m13:59:15.477505 [debug] [ThreadPool]: SQL status: SUCCESS 0 in 0.197 seconds
[0m13:59:15.477505 [debug] [ThreadPool]: Re-using an available connection from the pool (formerly list_AIRBNB_gold, now list_AIRBNB_silver)
[0m13:59:15.482512 [debug] [ThreadPool]: Using snowflake connection "list_AIRBNB_silver"
[0m13:59:15.482512 [debug] [ThreadPool]: On list_AIRBNB_silver: show objects in AIRBNB.silver
    limit 10000
    

/* {"app": "dbt", "dbt_version": "1.12.4", "profile_name": "aws_dbt_snowflake_project", "target_name": "dev", "connection_name": "list_AIRBNB_silver"} */;
[0m13:59:15.672435 [debug] [ThreadPool]: SQL status: SUCCESS 3 in 0.191 seconds
[0m13:59:15.682486 [debug] [ThreadPool]: Using snowflake connection "list_AIRBNB_silver"
[0m13:59:15.682486 [debug] [ThreadPool]: On list_AIRBNB_silver: show user functions in AIRBNB.silver
/* {"app": "dbt", "dbt_version": "1.12.4", "profile_name": "aws_dbt_snowflake_project", "target_name": "dev", "connection_name": "list_AIRBNB_silver"} */
[0m13:59:16.389734 [debug] [ThreadPool]: SQL status: SUCCESS 0 in 0.708 seconds
[0m13:59:16.394802 [debug] [MainThread]: Sending event: {'category': 'dbt', 'action': 'runnable_timing', 'label': '8c7d76be-3913-462e-9e51-672fb68b231b', 'context': [<snowplow_tracker.self_describing_json.SelfDescribingJson object at 0x0000023A7A351BE0>]}
[0m13:59:16.405199 [debug] [Thread-2 (]: Began running node model.aws_dbt_snowflake_project.bronze_bookings
[0m13:59:16.405199 [info ] [Thread-2 (]: 1 of 10 START sql incremental model bronze.bronze_bookings ..................... [RUN]
[0m13:59:16.405199 [debug] [Thread-2 (]: Acquiring new snowflake connection 'model.aws_dbt_snowflake_project.bronze_bookings'
[0m13:59:16.410248 [debug] [Thread-2 (]: Began compiling node model.aws_dbt_snowflake_project.bronze_bookings
[0m13:59:16.445237 [debug] [Thread-2 (]: Writing injected SQL for node "model.aws_dbt_snowflake_project.bronze_bookings"
[0m13:59:16.450267 [debug] [Thread-2 (]: Began executing node model.aws_dbt_snowflake_project.bronze_bookings
[0m13:59:16.600518 [debug] [Thread-2 (]: Using snowflake connection "model.aws_dbt_snowflake_project.bronze_bookings"
[0m13:59:16.600518 [debug] [Thread-2 (]: On model.aws_dbt_snowflake_project.bronze_bookings: create or replace  temporary view AIRBNB.bronze.bronze_bookings__dbt_tmp
  
  
  
  
  as (
    



SELECT *
FROM AIRBNB.staging.bookings



WHERE CREATED_AT > (
    SELECT COALESCE(
        MAX(CREATED_AT),
        '1900-01-01'::date
    )
    FROM AIRBNB.bronze.bronze_bookings
)


  )
/* {"app": "dbt", "dbt_version": "1.12.4", "profile_name": "aws_dbt_snowflake_project", "target_name": "dev", "node_id": "model.aws_dbt_snowflake_project.bronze_bookings"} */;
[0m13:59:16.600518 [debug] [Thread-2 (]: Opening a new connection, currently in state init
[0m13:59:17.819879 [debug] [Thread-2 (]: SQL status: SUCCESS 1 in 1.219 seconds
[0m13:59:17.834930 [debug] [Thread-2 (]: Using snowflake connection "model.aws_dbt_snowflake_project.bronze_bookings"
[0m13:59:17.839941 [debug] [Thread-2 (]: On model.aws_dbt_snowflake_project.bronze_bookings: describe table AIRBNB.bronze.bronze_bookings__dbt_tmp
/* {"app": "dbt", "dbt_version": "1.12.4", "profile_name": "aws_dbt_snowflake_project", "target_name": "dev", "node_id": "model.aws_dbt_snowflake_project.bronze_bookings"} */
[0m13:59:18.084035 [debug] [Thread-2 (]: SQL status: SUCCESS 9 in 0.243 seconds
[0m13:59:18.089071 [debug] [Thread-2 (]: Using snowflake connection "model.aws_dbt_snowflake_project.bronze_bookings"
[0m13:59:18.089071 [debug] [Thread-2 (]: On model.aws_dbt_snowflake_project.bronze_bookings: describe table AIRBNB.bronze.bronze_bookings
/* {"app": "dbt", "dbt_version": "1.12.4", "profile_name": "aws_dbt_snowflake_project", "target_name": "dev", "node_id": "model.aws_dbt_snowflake_project.bronze_bookings"} */
[0m13:59:18.244150 [debug] [Thread-2 (]: SQL status: SUCCESS 9 in 0.150 seconds
[0m13:59:18.274151 [debug] [Thread-2 (]: Using snowflake connection "model.aws_dbt_snowflake_project.bronze_bookings"
[0m13:59:18.274151 [debug] [Thread-2 (]: On model.aws_dbt_snowflake_project.bronze_bookings: describe table "AIRBNB"."BRONZE"."BRONZE_BOOKINGS"
/* {"app": "dbt", "dbt_version": "1.12.4", "profile_name": "aws_dbt_snowflake_project", "target_name": "dev", "node_id": "model.aws_dbt_snowflake_project.bronze_bookings"} */
[0m13:59:18.453200 [debug] [Thread-2 (]: SQL status: SUCCESS 9 in 0.175 seconds
[0m13:59:18.495826 [debug] [Thread-2 (]: Writing runtime sql for node "model.aws_dbt_snowflake_project.bronze_bookings"
[0m13:59:18.536752 [debug] [Thread-2 (]: Using snowflake connection "model.aws_dbt_snowflake_project.bronze_bookings"
[0m13:59:18.536752 [debug] [Thread-2 (]: On model.aws_dbt_snowflake_project.bronze_bookings: -- back compat for old kwarg name
  
  begin
/* {"app": "dbt", "dbt_version": "1.12.4", "profile_name": "aws_dbt_snowflake_project", "target_name": "dev", "node_id": "model.aws_dbt_snowflake_project.bronze_bookings"} */;
[0m13:59:18.946902 [debug] [Thread-2 (]: SQL status: SUCCESS 1 in 0.409 seconds
[0m13:59:18.946902 [debug] [Thread-2 (]: Using snowflake connection "model.aws_dbt_snowflake_project.bronze_bookings"
[0m13:59:18.951944 [debug] [Thread-2 (]: On model.aws_dbt_snowflake_project.bronze_bookings: insert into AIRBNB.bronze.bronze_bookings ("BOOKING_ID", "LISTING_ID", "BOOKING_DATE", "NIGHTS_BOOKED", "BOOKING_AMOUNT", "CLEANING_FEE", "SERVICE_FEE", "BOOKING_STATUS", "CREATED_AT")
        (
            select "BOOKING_ID", "LISTING_ID", "BOOKING_DATE", "NIGHTS_BOOKED", "BOOKING_AMOUNT", "CLEANING_FEE", "SERVICE_FEE", "BOOKING_STATUS", "CREATED_AT"
            from AIRBNB.bronze.bronze_bookings__dbt_tmp
        )
/* {"app": "dbt", "dbt_version": "1.12.4", "profile_name": "aws_dbt_snowflake_project", "target_name": "dev", "node_id": "model.aws_dbt_snowflake_project.bronze_bookings"} */;
[0m13:59:20.082041 [debug] [Thread-2 (]: SQL status: SUCCESS 0 in 1.130 seconds
[0m13:59:20.082041 [debug] [Thread-2 (]: Using snowflake connection "model.aws_dbt_snowflake_project.bronze_bookings"
[0m13:59:20.082041 [debug] [Thread-2 (]: On model.aws_dbt_snowflake_project.bronze_bookings: COMMIT
/* {"app": "dbt", "dbt_version": "1.12.4", "profile_name": "aws_dbt_snowflake_project", "target_name": "dev", "node_id": "model.aws_dbt_snowflake_project.bronze_bookings"} */
[0m13:59:20.282781 [debug] [Thread-2 (]: SQL status: SUCCESS 1 in 0.200 seconds
[0m13:59:20.297792 [debug] [Thread-2 (]: Applying DROP to: AIRBNB.bronze.bronze_bookings__dbt_tmp
[0m13:59:20.317777 [debug] [Thread-2 (]: Using snowflake connection "model.aws_dbt_snowflake_project.bronze_bookings"
[0m13:59:20.317777 [debug] [Thread-2 (]: On model.aws_dbt_snowflake_project.bronze_bookings: drop view if exists AIRBNB.bronze.bronze_bookings__dbt_tmp cascade
/* {"app": "dbt", "dbt_version": "1.12.4", "profile_name": "aws_dbt_snowflake_project", "target_name": "dev", "node_id": "model.aws_dbt_snowflake_project.bronze_bookings"} */
[0m13:59:20.523762 [debug] [Thread-2 (]: SQL status: SUCCESS 1 in 0.206 seconds
[0m13:59:20.575324 [debug] [Thread-2 (]: Sending event: {'category': 'dbt', 'action': 'run_model', 'label': '8c7d76be-3913-462e-9e51-672fb68b231b', 'context': [<snowplow_tracker.self_describing_json.SelfDescribingJson object at 0x0000023A775B1220>]}
[0m13:59:20.575324 [info ] [Thread-2 (]: 1 of 10 OK created sql incremental model bronze.bronze_bookings ................ [[32mSUCCESS 0[0m in 4.16s]
[0m13:59:20.575324 [debug] [Thread-2 (]: Finished running node model.aws_dbt_snowflake_project.bronze_bookings
[0m13:59:20.580378 [debug] [Thread-2 (]: Began running node model.aws_dbt_snowflake_project.bronze_hosts
[0m13:59:20.580378 [info ] [Thread-2 (]: 2 of 10 START sql incremental model bronze.bronze_hosts ........................ [RUN]
[0m13:59:20.580378 [debug] [Thread-2 (]: Re-using an available connection from the pool (formerly model.aws_dbt_snowflake_project.bronze_bookings, now model.aws_dbt_snowflake_project.bronze_hosts)
[0m13:59:20.580378 [debug] [Thread-2 (]: Began compiling node model.aws_dbt_snowflake_project.bronze_hosts
[0m13:59:20.590375 [debug] [Thread-2 (]: Writing injected SQL for node "model.aws_dbt_snowflake_project.bronze_hosts"
[0m13:59:20.590375 [debug] [Thread-2 (]: Began executing node model.aws_dbt_snowflake_project.bronze_hosts
[0m13:59:20.610367 [debug] [Thread-2 (]: Using snowflake connection "model.aws_dbt_snowflake_project.bronze_hosts"
[0m13:59:20.610367 [debug] [Thread-2 (]: On model.aws_dbt_snowflake_project.bronze_hosts: create or replace  temporary view AIRBNB.bronze.bronze_hosts__dbt_tmp
  
  
  
  
  as (
    



SELECT *
FROM AIRBNB.staging.hosts



WHERE CREATED_AT > (
    SELECT COALESCE(
        MAX(CREATED_AT),
        '1900-01-01'::date
    )
    FROM AIRBNB.bronze.bronze_hosts
)


  )
/* {"app": "dbt", "dbt_version": "1.12.4", "profile_name": "aws_dbt_snowflake_project", "target_name": "dev", "node_id": "model.aws_dbt_snowflake_project.bronze_hosts"} */;
[0m13:59:21.101192 [debug] [Thread-2 (]: SQL status: SUCCESS 1 in 0.487 seconds
[0m13:59:21.101192 [debug] [Thread-2 (]: Using snowflake connection "model.aws_dbt_snowflake_project.bronze_hosts"
[0m13:59:21.106194 [debug] [Thread-2 (]: On model.aws_dbt_snowflake_project.bronze_hosts: describe table AIRBNB.bronze.bronze_hosts__dbt_tmp
/* {"app": "dbt", "dbt_version": "1.12.4", "profile_name": "aws_dbt_snowflake_project", "target_name": "dev", "node_id": "model.aws_dbt_snowflake_project.bronze_hosts"} */
[0m13:59:21.306198 [debug] [Thread-2 (]: SQL status: SUCCESS 6 in 0.199 seconds
[0m13:59:21.311206 [debug] [Thread-2 (]: Using snowflake connection "model.aws_dbt_snowflake_project.bronze_hosts"
[0m13:59:21.311206 [debug] [Thread-2 (]: On model.aws_dbt_snowflake_project.bronze_hosts: describe table AIRBNB.bronze.bronze_hosts
/* {"app": "dbt", "dbt_version": "1.12.4", "profile_name": "aws_dbt_snowflake_project", "target_name": "dev", "node_id": "model.aws_dbt_snowflake_project.bronze_hosts"} */
[0m13:59:21.514380 [debug] [Thread-2 (]: SQL status: SUCCESS 6 in 0.203 seconds
[0m13:59:21.518996 [debug] [Thread-2 (]: Using snowflake connection "model.aws_dbt_snowflake_project.bronze_hosts"
[0m13:59:21.523997 [debug] [Thread-2 (]: On model.aws_dbt_snowflake_project.bronze_hosts: describe table "AIRBNB"."BRONZE"."BRONZE_HOSTS"
/* {"app": "dbt", "dbt_version": "1.12.4", "profile_name": "aws_dbt_snowflake_project", "target_name": "dev", "node_id": "model.aws_dbt_snowflake_project.bronze_hosts"} */
[0m13:59:21.717413 [debug] [Thread-2 (]: SQL status: SUCCESS 6 in 0.192 seconds
[0m13:59:21.722410 [debug] [Thread-2 (]: Writing runtime sql for node "model.aws_dbt_snowflake_project.bronze_hosts"
[0m13:59:21.760187 [debug] [Thread-2 (]: Using snowflake connection "model.aws_dbt_snowflake_project.bronze_hosts"
[0m13:59:21.765214 [debug] [Thread-2 (]: On model.aws_dbt_snowflake_project.bronze_hosts: -- back compat for old kwarg name
  
  begin
/* {"app": "dbt", "dbt_version": "1.12.4", "profile_name": "aws_dbt_snowflake_project", "target_name": "dev", "node_id": "model.aws_dbt_snowflake_project.bronze_hosts"} */;
[0m13:59:21.938246 [debug] [Thread-2 (]: SQL status: SUCCESS 1 in 0.172 seconds
[0m13:59:21.938246 [debug] [Thread-2 (]: Using snowflake connection "model.aws_dbt_snowflake_project.bronze_hosts"
[0m13:59:21.938246 [debug] [Thread-2 (]: On model.aws_dbt_snowflake_project.bronze_hosts: insert into AIRBNB.bronze.bronze_hosts ("HOST_ID", "HOST_NAME", "HOST_SINCE", "IS_SUPERHOST", "RESPONSE_RATE", "CREATED_AT")
        (
            select "HOST_ID", "HOST_NAME", "HOST_SINCE", "IS_SUPERHOST", "RESPONSE_RATE", "CREATED_AT"
            from AIRBNB.bronze.bronze_hosts__dbt_tmp
        )
/* {"app": "dbt", "dbt_version": "1.12.4", "profile_name": "aws_dbt_snowflake_project", "target_name": "dev", "node_id": "model.aws_dbt_snowflake_project.bronze_hosts"} */;
[0m13:59:22.433321 [debug] [Thread-2 (]: SQL status: SUCCESS 0 in 0.494 seconds
[0m13:59:22.433321 [debug] [Thread-2 (]: Using snowflake connection "model.aws_dbt_snowflake_project.bronze_hosts"
[0m13:59:22.433321 [debug] [Thread-2 (]: On model.aws_dbt_snowflake_project.bronze_hosts: COMMIT
/* {"app": "dbt", "dbt_version": "1.12.4", "profile_name": "aws_dbt_snowflake_project", "target_name": "dev", "node_id": "model.aws_dbt_snowflake_project.bronze_hosts"} */
[0m13:59:22.640709 [debug] [Thread-2 (]: SQL status: SUCCESS 1 in 0.202 seconds
[0m13:59:22.640709 [debug] [Thread-2 (]: Applying DROP to: AIRBNB.bronze.bronze_hosts__dbt_tmp
[0m13:59:22.645711 [debug] [Thread-2 (]: Using snowflake connection "model.aws_dbt_snowflake_project.bronze_hosts"
[0m13:59:22.645711 [debug] [Thread-2 (]: On model.aws_dbt_snowflake_project.bronze_hosts: drop view if exists AIRBNB.bronze.bronze_hosts__dbt_tmp cascade
/* {"app": "dbt", "dbt_version": "1.12.4", "profile_name": "aws_dbt_snowflake_project", "target_name": "dev", "node_id": "model.aws_dbt_snowflake_project.bronze_hosts"} */
[0m13:59:22.861448 [debug] [Thread-2 (]: SQL status: SUCCESS 1 in 0.213 seconds
[0m13:59:22.866458 [debug] [Thread-2 (]: Sending event: {'category': 'dbt', 'action': 'run_model', 'label': '8c7d76be-3913-462e-9e51-672fb68b231b', 'context': [<snowplow_tracker.self_describing_json.SelfDescribingJson object at 0x0000023A7A5B8860>]}
[0m13:59:22.866458 [info ] [Thread-2 (]: 2 of 10 OK created sql incremental model bronze.bronze_hosts ................... [[32mSUCCESS 0[0m in 2.29s]
[0m13:59:22.869670 [debug] [Thread-2 (]: Finished running node model.aws_dbt_snowflake_project.bronze_hosts
[0m13:59:22.869670 [debug] [Thread-2 (]: Began running node model.aws_dbt_snowflake_project.bronze_listings
[0m13:59:22.869670 [info ] [Thread-2 (]: 3 of 10 START sql incremental model bronze.bronze_listings ..................... [RUN]
[0m13:59:22.874704 [debug] [Thread-2 (]: Re-using an available connection from the pool (formerly model.aws_dbt_snowflake_project.bronze_hosts, now model.aws_dbt_snowflake_project.bronze_listings)
[0m13:59:22.874704 [debug] [Thread-2 (]: Began compiling node model.aws_dbt_snowflake_project.bronze_listings
[0m13:59:22.879711 [debug] [Thread-2 (]: Writing injected SQL for node "model.aws_dbt_snowflake_project.bronze_listings"
[0m13:59:22.884707 [debug] [Thread-2 (]: Began executing node model.aws_dbt_snowflake_project.bronze_listings
[0m13:59:22.897175 [debug] [Thread-2 (]: Using snowflake connection "model.aws_dbt_snowflake_project.bronze_listings"
[0m13:59:22.898267 [debug] [Thread-2 (]: On model.aws_dbt_snowflake_project.bronze_listings: create or replace  temporary view AIRBNB.bronze.bronze_listings__dbt_tmp
  
  
  
  
  as (
    



SELECT *
FROM AIRBNB.staging.listings



WHERE CREATED_AT > (
    SELECT COALESCE(
        MAX(CREATED_AT),
        '1900-01-01'::date
    )
    FROM AIRBNB.bronze.bronze_listings
)


  )
/* {"app": "dbt", "dbt_version": "1.12.4", "profile_name": "aws_dbt_snowflake_project", "target_name": "dev", "node_id": "model.aws_dbt_snowflake_project.bronze_listings"} */;
[0m13:59:23.249651 [debug] [Thread-2 (]: SQL status: SUCCESS 1 in 0.352 seconds
[0m13:59:23.254660 [debug] [Thread-2 (]: Using snowflake connection "model.aws_dbt_snowflake_project.bronze_listings"
[0m13:59:23.254660 [debug] [Thread-2 (]: On model.aws_dbt_snowflake_project.bronze_listings: describe table AIRBNB.bronze.bronze_listings__dbt_tmp
/* {"app": "dbt", "dbt_version": "1.12.4", "profile_name": "aws_dbt_snowflake_project", "target_name": "dev", "node_id": "model.aws_dbt_snowflake_project.bronze_listings"} */
[0m13:59:23.458129 [debug] [Thread-2 (]: SQL status: SUCCESS 11 in 0.203 seconds
[0m13:59:23.468132 [debug] [Thread-2 (]: Using snowflake connection "model.aws_dbt_snowflake_project.bronze_listings"
[0m13:59:23.468132 [debug] [Thread-2 (]: On model.aws_dbt_snowflake_project.bronze_listings: describe table AIRBNB.bronze.bronze_listings
/* {"app": "dbt", "dbt_version": "1.12.4", "profile_name": "aws_dbt_snowflake_project", "target_name": "dev", "node_id": "model.aws_dbt_snowflake_project.bronze_listings"} */
[0m13:59:23.661919 [debug] [Thread-2 (]: SQL status: SUCCESS 11 in 0.192 seconds
[0m13:59:23.669781 [debug] [Thread-2 (]: Using snowflake connection "model.aws_dbt_snowflake_project.bronze_listings"
[0m13:59:23.670899 [debug] [Thread-2 (]: On model.aws_dbt_snowflake_project.bronze_listings: describe table "AIRBNB"."BRONZE"."BRONZE_LISTINGS"
/* {"app": "dbt", "dbt_version": "1.12.4", "profile_name": "aws_dbt_snowflake_project", "target_name": "dev", "node_id": "model.aws_dbt_snowflake_project.bronze_listings"} */
[0m13:59:23.853563 [debug] [Thread-2 (]: SQL status: SUCCESS 11 in 0.181 seconds
[0m13:59:23.858579 [debug] [Thread-2 (]: Writing runtime sql for node "model.aws_dbt_snowflake_project.bronze_listings"
[0m13:59:23.863565 [debug] [Thread-2 (]: Using snowflake connection "model.aws_dbt_snowflake_project.bronze_listings"
[0m13:59:23.863565 [debug] [Thread-2 (]: On model.aws_dbt_snowflake_project.bronze_listings: -- back compat for old kwarg name
  
  begin
/* {"app": "dbt", "dbt_version": "1.12.4", "profile_name": "aws_dbt_snowflake_project", "target_name": "dev", "node_id": "model.aws_dbt_snowflake_project.bronze_listings"} */;
[0m13:59:24.070734 [debug] [Thread-2 (]: SQL status: SUCCESS 1 in 0.204 seconds
[0m13:59:24.070775 [debug] [Thread-2 (]: Using snowflake connection "model.aws_dbt_snowflake_project.bronze_listings"
[0m13:59:24.071868 [debug] [Thread-2 (]: On model.aws_dbt_snowflake_project.bronze_listings: insert into AIRBNB.bronze.bronze_listings ("LISTING_ID", "HOST_ID", "PROPERTY_TYPE", "ROOM_TYPE", "CITY", "COUNTRY", "ACCOMMODATES", "BEDROOMS", "BATHROOMS", "PRICE_PER_NIGHT", "CREATED_AT")
        (
            select "LISTING_ID", "HOST_ID", "PROPERTY_TYPE", "ROOM_TYPE", "CITY", "COUNTRY", "ACCOMMODATES", "BEDROOMS", "BATHROOMS", "PRICE_PER_NIGHT", "CREATED_AT"
            from AIRBNB.bronze.bronze_listings__dbt_tmp
        )
/* {"app": "dbt", "dbt_version": "1.12.4", "profile_name": "aws_dbt_snowflake_project", "target_name": "dev", "node_id": "model.aws_dbt_snowflake_project.bronze_listings"} */;
[0m13:59:24.358970 [debug] [Thread-2 (]: SQL status: SUCCESS 0 in 0.289 seconds
[0m13:59:24.358970 [debug] [Thread-2 (]: Using snowflake connection "model.aws_dbt_snowflake_project.bronze_listings"
[0m13:59:24.363951 [debug] [Thread-2 (]: On model.aws_dbt_snowflake_project.bronze_listings: COMMIT
/* {"app": "dbt", "dbt_version": "1.12.4", "profile_name": "aws_dbt_snowflake_project", "target_name": "dev", "node_id": "model.aws_dbt_snowflake_project.bronze_listings"} */
[0m13:59:24.584372 [debug] [Thread-2 (]: SQL status: SUCCESS 1 in 0.222 seconds
[0m13:59:24.588199 [debug] [Thread-2 (]: Applying DROP to: AIRBNB.bronze.bronze_listings__dbt_tmp
[0m13:59:24.593244 [debug] [Thread-2 (]: Using snowflake connection "model.aws_dbt_snowflake_project.bronze_listings"
[0m13:59:24.593244 [debug] [Thread-2 (]: On model.aws_dbt_snowflake_project.bronze_listings: drop view if exists AIRBNB.bronze.bronze_listings__dbt_tmp cascade
/* {"app": "dbt", "dbt_version": "1.12.4", "profile_name": "aws_dbt_snowflake_project", "target_name": "dev", "node_id": "model.aws_dbt_snowflake_project.bronze_listings"} */
[0m13:59:24.795868 [debug] [Thread-2 (]: SQL status: SUCCESS 1 in 0.200 seconds
[0m13:59:24.795868 [debug] [Thread-2 (]: Sending event: {'category': 'dbt', 'action': 'run_model', 'label': '8c7d76be-3913-462e-9e51-672fb68b231b', 'context': [<snowplow_tracker.self_describing_json.SelfDescribingJson object at 0x0000023A7A3A81D0>]}
[0m13:59:24.800861 [info ] [Thread-2 (]: 3 of 10 OK created sql incremental model bronze.bronze_listings ................ [[32mSUCCESS 0[0m in 1.93s]
[0m13:59:24.800861 [debug] [Thread-2 (]: Finished running node model.aws_dbt_snowflake_project.bronze_listings
[0m13:59:24.800861 [debug] [Thread-2 (]: Began running node model.aws_dbt_snowflake_project.silver_bookings
[0m13:59:24.805861 [info ] [Thread-2 (]: 4 of 10 START sql incremental model silver.silver_bookings ..................... [RUN]
[0m13:59:24.805861 [debug] [Thread-2 (]: Re-using an available connection from the pool (formerly model.aws_dbt_snowflake_project.bronze_listings, now model.aws_dbt_snowflake_project.silver_bookings)
[0m13:59:24.805861 [debug] [Thread-2 (]: Began compiling node model.aws_dbt_snowflake_project.silver_bookings
[0m13:59:24.810886 [debug] [Thread-2 (]: Writing injected SQL for node "model.aws_dbt_snowflake_project.silver_bookings"
[0m13:59:24.815900 [debug] [Thread-2 (]: Began executing node model.aws_dbt_snowflake_project.silver_bookings
[0m13:59:24.825902 [debug] [Thread-2 (]: Using snowflake connection "model.aws_dbt_snowflake_project.silver_bookings"
[0m13:59:24.825902 [debug] [Thread-2 (]: On model.aws_dbt_snowflake_project.silver_bookings: create or replace  temporary view AIRBNB.silver.silver_bookings__dbt_tmp
  
  
  
  
  as (
    

SELECT 
    BOOKING_ID,
    LISTING_ID,
    BOOKING_DATE,
    
    round(NIGHTS_BOOKED * BOOKING_AMOUNT, 2)
 + CLEANING_FEE + SERVICE_FEE AS TOTAL_AMOUNT,
    BOOKING_STATUS,
    CREATED_AT
FROM 
    AIRBNB.bronze.bronze_bookings
  )
/* {"app": "dbt", "dbt_version": "1.12.4", "profile_name": "aws_dbt_snowflake_project", "target_name": "dev", "node_id": "model.aws_dbt_snowflake_project.silver_bookings"} */;
[0m13:59:25.085879 [debug] [Thread-2 (]: SQL status: SUCCESS 1 in 0.258 seconds
[0m13:59:25.090935 [debug] [Thread-2 (]: Using snowflake connection "model.aws_dbt_snowflake_project.silver_bookings"
[0m13:59:25.090935 [debug] [Thread-2 (]: On model.aws_dbt_snowflake_project.silver_bookings: describe table AIRBNB.silver.silver_bookings__dbt_tmp
/* {"app": "dbt", "dbt_version": "1.12.4", "profile_name": "aws_dbt_snowflake_project", "target_name": "dev", "node_id": "model.aws_dbt_snowflake_project.silver_bookings"} */
[0m13:59:25.300582 [debug] [Thread-2 (]: SQL status: SUCCESS 6 in 0.208 seconds
[0m13:59:25.305647 [debug] [Thread-2 (]: Using snowflake connection "model.aws_dbt_snowflake_project.silver_bookings"
[0m13:59:25.305647 [debug] [Thread-2 (]: On model.aws_dbt_snowflake_project.silver_bookings: describe table AIRBNB.silver.silver_bookings
/* {"app": "dbt", "dbt_version": "1.12.4", "profile_name": "aws_dbt_snowflake_project", "target_name": "dev", "node_id": "model.aws_dbt_snowflake_project.silver_bookings"} */
[0m13:59:25.507305 [debug] [Thread-2 (]: SQL status: SUCCESS 6 in 0.196 seconds
[0m13:59:25.512306 [debug] [Thread-2 (]: Using snowflake connection "model.aws_dbt_snowflake_project.silver_bookings"
[0m13:59:25.512306 [debug] [Thread-2 (]: On model.aws_dbt_snowflake_project.silver_bookings: describe table "AIRBNB"."SILVER"."SILVER_BOOKINGS"
/* {"app": "dbt", "dbt_version": "1.12.4", "profile_name": "aws_dbt_snowflake_project", "target_name": "dev", "node_id": "model.aws_dbt_snowflake_project.silver_bookings"} */
[0m13:59:25.672555 [debug] [Thread-2 (]: SQL status: SUCCESS 6 in 0.158 seconds
[0m13:59:25.678922 [debug] [Thread-2 (]: Writing runtime sql for node "model.aws_dbt_snowflake_project.silver_bookings"
[0m13:59:25.700862 [debug] [Thread-2 (]: Using snowflake connection "model.aws_dbt_snowflake_project.silver_bookings"
[0m13:59:25.702262 [debug] [Thread-2 (]: On model.aws_dbt_snowflake_project.silver_bookings: -- back compat for old kwarg name
  
  begin
/* {"app": "dbt", "dbt_version": "1.12.4", "profile_name": "aws_dbt_snowflake_project", "target_name": "dev", "node_id": "model.aws_dbt_snowflake_project.silver_bookings"} */;
[0m13:59:25.895614 [debug] [Thread-2 (]: SQL status: SUCCESS 1 in 0.195 seconds
[0m13:59:25.895614 [debug] [Thread-2 (]: Using snowflake connection "model.aws_dbt_snowflake_project.silver_bookings"
[0m13:59:25.895614 [debug] [Thread-2 (]: On model.aws_dbt_snowflake_project.silver_bookings: insert into AIRBNB.silver.silver_bookings ("BOOKING_ID", "LISTING_ID", "BOOKING_DATE", "TOTAL_AMOUNT", "BOOKING_STATUS", "CREATED_AT")
        (
            select "BOOKING_ID", "LISTING_ID", "BOOKING_DATE", "TOTAL_AMOUNT", "BOOKING_STATUS", "CREATED_AT"
            from AIRBNB.silver.silver_bookings__dbt_tmp
        )
/* {"app": "dbt", "dbt_version": "1.12.4", "profile_name": "aws_dbt_snowflake_project", "target_name": "dev", "node_id": "model.aws_dbt_snowflake_project.silver_bookings"} */;
[0m13:59:26.549234 [debug] [Thread-2 (]: SQL status: SUCCESS 5000 in 0.651 seconds
[0m13:59:26.549234 [debug] [Thread-2 (]: Using snowflake connection "model.aws_dbt_snowflake_project.silver_bookings"
[0m13:59:26.549234 [debug] [Thread-2 (]: On model.aws_dbt_snowflake_project.silver_bookings: COMMIT
/* {"app": "dbt", "dbt_version": "1.12.4", "profile_name": "aws_dbt_snowflake_project", "target_name": "dev", "node_id": "model.aws_dbt_snowflake_project.silver_bookings"} */
[0m13:59:26.836172 [debug] [Thread-2 (]: SQL status: SUCCESS 1 in 0.281 seconds
[0m13:59:26.836172 [debug] [Thread-2 (]: Applying DROP to: AIRBNB.silver.silver_bookings__dbt_tmp
[0m13:59:26.841180 [debug] [Thread-2 (]: Using snowflake connection "model.aws_dbt_snowflake_project.silver_bookings"
[0m13:59:26.841180 [debug] [Thread-2 (]: On model.aws_dbt_snowflake_project.silver_bookings: drop view if exists AIRBNB.silver.silver_bookings__dbt_tmp cascade
/* {"app": "dbt", "dbt_version": "1.12.4", "profile_name": "aws_dbt_snowflake_project", "target_name": "dev", "node_id": "model.aws_dbt_snowflake_project.silver_bookings"} */
[0m13:59:27.031484 [debug] [Thread-2 (]: SQL status: SUCCESS 1 in 0.188 seconds
[0m13:59:27.051215 [debug] [Thread-2 (]: Sending event: {'category': 'dbt', 'action': 'run_model', 'label': '8c7d76be-3913-462e-9e51-672fb68b231b', 'context': [<snowplow_tracker.self_describing_json.SelfDescribingJson object at 0x0000023A7A5B9190>]}
[0m13:59:27.051215 [info ] [Thread-2 (]: 4 of 10 OK created sql incremental model silver.silver_bookings ................ [[32mSUCCESS 5000[0m in 2.25s]
[0m13:59:27.056214 [debug] [Thread-2 (]: Finished running node model.aws_dbt_snowflake_project.silver_bookings
[0m13:59:27.056214 [debug] [Thread-2 (]: Began running node model.aws_dbt_snowflake_project.silver_hosts
[0m13:59:27.056214 [info ] [Thread-2 (]: 5 of 10 START sql incremental model silver.silver_hosts ........................ [RUN]
[0m13:59:27.056214 [debug] [Thread-2 (]: Re-using an available connection from the pool (formerly model.aws_dbt_snowflake_project.silver_bookings, now model.aws_dbt_snowflake_project.silver_hosts)
[0m13:59:27.061234 [debug] [Thread-2 (]: Began compiling node model.aws_dbt_snowflake_project.silver_hosts
[0m13:59:27.066265 [debug] [Thread-2 (]: Writing injected SQL for node "model.aws_dbt_snowflake_project.silver_hosts"
[0m13:59:27.066265 [debug] [Thread-2 (]: Began executing node model.aws_dbt_snowflake_project.silver_hosts
[0m13:59:27.076220 [debug] [Thread-2 (]: Using snowflake connection "model.aws_dbt_snowflake_project.silver_hosts"
[0m13:59:27.081249 [debug] [Thread-2 (]: On model.aws_dbt_snowflake_project.silver_hosts: create or replace  temporary view AIRBNB.silver.silver_hosts__dbt_tmp
  
  
  
  
  as (
        

SELECT
    HOST_ID,
    
    INITCAP(TRIM(HOST_NAME))
 AS HOST_NAME,
    IS_SUPERHOST,
    RESPONSE_RATE,
    CREATED_AT
FROM 
    AIRBNB.bronze.bronze_hosts
  )
/* {"app": "dbt", "dbt_version": "1.12.4", "profile_name": "aws_dbt_snowflake_project", "target_name": "dev", "node_id": "model.aws_dbt_snowflake_project.silver_hosts"} */;
[0m13:59:27.427743 [debug] [Thread-2 (]: SQL status: SUCCESS 1 in 0.348 seconds
[0m13:59:27.432810 [debug] [Thread-2 (]: Using snowflake connection "model.aws_dbt_snowflake_project.silver_hosts"
[0m13:59:27.432810 [debug] [Thread-2 (]: On model.aws_dbt_snowflake_project.silver_hosts: describe table AIRBNB.silver.silver_hosts__dbt_tmp
/* {"app": "dbt", "dbt_version": "1.12.4", "profile_name": "aws_dbt_snowflake_project", "target_name": "dev", "node_id": "model.aws_dbt_snowflake_project.silver_hosts"} */
[0m13:59:27.605848 [debug] [Thread-2 (]: SQL status: SUCCESS 5 in 0.171 seconds
[0m13:59:27.796498 [debug] [Thread-2 (]: Using snowflake connection "model.aws_dbt_snowflake_project.silver_hosts"
[0m13:59:27.796498 [debug] [Thread-2 (]: On model.aws_dbt_snowflake_project.silver_hosts: describe table AIRBNB.silver.silver_hosts
/* {"app": "dbt", "dbt_version": "1.12.4", "profile_name": "aws_dbt_snowflake_project", "target_name": "dev", "node_id": "model.aws_dbt_snowflake_project.silver_hosts"} */
[0m13:59:27.964189 [debug] [Thread-2 (]: SQL status: SUCCESS 5 in 0.166 seconds
[0m13:59:27.973009 [debug] [Thread-2 (]: Using snowflake connection "model.aws_dbt_snowflake_project.silver_hosts"
[0m13:59:27.973009 [debug] [Thread-2 (]: On model.aws_dbt_snowflake_project.silver_hosts: describe table "AIRBNB"."SILVER"."SILVER_HOSTS"
/* {"app": "dbt", "dbt_version": "1.12.4", "profile_name": "aws_dbt_snowflake_project", "target_name": "dev", "node_id": "model.aws_dbt_snowflake_project.silver_hosts"} */
[0m13:59:28.168455 [debug] [Thread-2 (]: SQL status: SUCCESS 5 in 0.195 seconds
[0m13:59:28.177254 [debug] [Thread-2 (]: Writing runtime sql for node "model.aws_dbt_snowflake_project.silver_hosts"
[0m13:59:28.180491 [debug] [Thread-2 (]: Using snowflake connection "model.aws_dbt_snowflake_project.silver_hosts"
[0m13:59:28.181545 [debug] [Thread-2 (]: On model.aws_dbt_snowflake_project.silver_hosts: -- back compat for old kwarg name
  
  begin
/* {"app": "dbt", "dbt_version": "1.12.4", "profile_name": "aws_dbt_snowflake_project", "target_name": "dev", "node_id": "model.aws_dbt_snowflake_project.silver_hosts"} */;
[0m13:59:28.369916 [debug] [Thread-2 (]: SQL status: SUCCESS 1 in 0.190 seconds
[0m13:59:28.369916 [debug] [Thread-2 (]: Using snowflake connection "model.aws_dbt_snowflake_project.silver_hosts"
[0m13:59:28.374724 [debug] [Thread-2 (]: On model.aws_dbt_snowflake_project.silver_hosts: insert into AIRBNB.silver.silver_hosts ("HOST_ID", "HOST_NAME", "IS_SUPERHOST", "RESPONSE_RATE", "CREATED_AT")
        (
            select "HOST_ID", "HOST_NAME", "IS_SUPERHOST", "RESPONSE_RATE", "CREATED_AT"
            from AIRBNB.silver.silver_hosts__dbt_tmp
        )
/* {"app": "dbt", "dbt_version": "1.12.4", "profile_name": "aws_dbt_snowflake_project", "target_name": "dev", "node_id": "model.aws_dbt_snowflake_project.silver_hosts"} */;
[0m13:59:28.994783 [debug] [Thread-2 (]: SQL status: SUCCESS 200 in 0.623 seconds
[0m13:59:28.994783 [debug] [Thread-2 (]: Using snowflake connection "model.aws_dbt_snowflake_project.silver_hosts"
[0m13:59:28.999829 [debug] [Thread-2 (]: On model.aws_dbt_snowflake_project.silver_hosts: COMMIT
/* {"app": "dbt", "dbt_version": "1.12.4", "profile_name": "aws_dbt_snowflake_project", "target_name": "dev", "node_id": "model.aws_dbt_snowflake_project.silver_hosts"} */
[0m13:59:29.292605 [debug] [Thread-2 (]: SQL status: SUCCESS 1 in 0.294 seconds
[0m13:59:29.297672 [debug] [Thread-2 (]: Applying DROP to: AIRBNB.silver.silver_hosts__dbt_tmp
[0m13:59:29.297672 [debug] [Thread-2 (]: Using snowflake connection "model.aws_dbt_snowflake_project.silver_hosts"
[0m13:59:29.297672 [debug] [Thread-2 (]: On model.aws_dbt_snowflake_project.silver_hosts: drop view if exists AIRBNB.silver.silver_hosts__dbt_tmp cascade
/* {"app": "dbt", "dbt_version": "1.12.4", "profile_name": "aws_dbt_snowflake_project", "target_name": "dev", "node_id": "model.aws_dbt_snowflake_project.silver_hosts"} */
[0m13:59:29.494496 [debug] [Thread-2 (]: SQL status: SUCCESS 1 in 0.194 seconds
[0m13:59:29.499523 [debug] [Thread-2 (]: Sending event: {'category': 'dbt', 'action': 'run_model', 'label': '8c7d76be-3913-462e-9e51-672fb68b231b', 'context': [<snowplow_tracker.self_describing_json.SelfDescribingJson object at 0x0000023A72F53A40>]}
[0m13:59:29.499523 [info ] [Thread-2 (]: 5 of 10 OK created sql incremental model silver.silver_hosts ................... [[32mSUCCESS 200[0m in 2.44s]
[0m13:59:29.504530 [debug] [Thread-2 (]: Finished running node model.aws_dbt_snowflake_project.silver_hosts
[0m13:59:29.504530 [debug] [Thread-2 (]: Began running node model.aws_dbt_snowflake_project.silver_listings
[0m13:59:29.504530 [info ] [Thread-2 (]: 6 of 10 START sql incremental model silver.silver_listings ..................... [RUN]
[0m13:59:29.509515 [debug] [Thread-2 (]: Re-using an available connection from the pool (formerly model.aws_dbt_snowflake_project.silver_hosts, now model.aws_dbt_snowflake_project.silver_listings)
[0m13:59:29.509515 [debug] [Thread-2 (]: Began compiling node model.aws_dbt_snowflake_project.silver_listings
[0m13:59:29.519539 [debug] [Thread-2 (]: Writing injected SQL for node "model.aws_dbt_snowflake_project.silver_listings"
[0m13:59:29.524520 [debug] [Thread-2 (]: Began executing node model.aws_dbt_snowflake_project.silver_listings
[0m13:59:29.534525 [debug] [Thread-2 (]: Using snowflake connection "model.aws_dbt_snowflake_project.silver_listings"
[0m13:59:29.539530 [debug] [Thread-2 (]: On model.aws_dbt_snowflake_project.silver_listings: create or replace  temporary view AIRBNB.silver.silver_listings__dbt_tmp
  
  
  
  
  as (
    

SELECT 
    LISTING_ID,
    HOST_ID,
    
    INITCAP(TRIM(PROPERTY_TYPE))
 AS PROPERTY_TYPE,
    ROOM_TYPE,
    CITY,
    COUNTRY,
    ACCOMMODATES,
    BEDROOMS,
    BATHROOMS,
    
   CASE
        WHEN PRICE_PER_NIGHT < 100 THEN 'low'
        WHEN PRICE_PER_NIGHT >= 100 AND PRICE_PER_NIGHT < 200 THEN 'medium'
        ELSE 'high'
    END
 AS PRICE_TAG,
    PRICE_PER_NIGHT,
    CREATED_AT
FROM 
    AIRBNB.bronze.bronze_listings
  )
/* {"app": "dbt", "dbt_version": "1.12.4", "profile_name": "aws_dbt_snowflake_project", "target_name": "dev", "node_id": "model.aws_dbt_snowflake_project.silver_listings"} */;
[0m13:59:29.801762 [debug] [Thread-2 (]: SQL status: SUCCESS 1 in 0.263 seconds
[0m13:59:29.806797 [debug] [Thread-2 (]: Using snowflake connection "model.aws_dbt_snowflake_project.silver_listings"
[0m13:59:29.806797 [debug] [Thread-2 (]: On model.aws_dbt_snowflake_project.silver_listings: describe table AIRBNB.silver.silver_listings__dbt_tmp
/* {"app": "dbt", "dbt_version": "1.12.4", "profile_name": "aws_dbt_snowflake_project", "target_name": "dev", "node_id": "model.aws_dbt_snowflake_project.silver_listings"} */
[0m13:59:30.007190 [debug] [Thread-2 (]: SQL status: SUCCESS 12 in 0.199 seconds
[0m13:59:30.012258 [debug] [Thread-2 (]: Using snowflake connection "model.aws_dbt_snowflake_project.silver_listings"
[0m13:59:30.017250 [debug] [Thread-2 (]: On model.aws_dbt_snowflake_project.silver_listings: describe table AIRBNB.silver.silver_listings
/* {"app": "dbt", "dbt_version": "1.12.4", "profile_name": "aws_dbt_snowflake_project", "target_name": "dev", "node_id": "model.aws_dbt_snowflake_project.silver_listings"} */
[0m13:59:30.214309 [debug] [Thread-2 (]: SQL status: SUCCESS 12 in 0.201 seconds
[0m13:59:30.224306 [debug] [Thread-2 (]: Using snowflake connection "model.aws_dbt_snowflake_project.silver_listings"
[0m13:59:30.224306 [debug] [Thread-2 (]: On model.aws_dbt_snowflake_project.silver_listings: describe table "AIRBNB"."SILVER"."SILVER_LISTINGS"
/* {"app": "dbt", "dbt_version": "1.12.4", "profile_name": "aws_dbt_snowflake_project", "target_name": "dev", "node_id": "model.aws_dbt_snowflake_project.silver_listings"} */
[0m13:59:30.418729 [debug] [Thread-2 (]: SQL status: SUCCESS 12 in 0.192 seconds
[0m13:59:30.423742 [debug] [Thread-2 (]: Writing runtime sql for node "model.aws_dbt_snowflake_project.silver_listings"
[0m13:59:30.428731 [debug] [Thread-2 (]: Using snowflake connection "model.aws_dbt_snowflake_project.silver_listings"
[0m13:59:30.428731 [debug] [Thread-2 (]: On model.aws_dbt_snowflake_project.silver_listings: -- back compat for old kwarg name
  
  begin
/* {"app": "dbt", "dbt_version": "1.12.4", "profile_name": "aws_dbt_snowflake_project", "target_name": "dev", "node_id": "model.aws_dbt_snowflake_project.silver_listings"} */;
[0m13:59:30.614810 [debug] [Thread-2 (]: SQL status: SUCCESS 1 in 0.185 seconds
[0m13:59:30.614810 [debug] [Thread-2 (]: Using snowflake connection "model.aws_dbt_snowflake_project.silver_listings"
[0m13:59:30.614810 [debug] [Thread-2 (]: On model.aws_dbt_snowflake_project.silver_listings: insert into AIRBNB.silver.silver_listings ("LISTING_ID", "HOST_ID", "PROPERTY_TYPE", "ROOM_TYPE", "CITY", "COUNTRY", "ACCOMMODATES", "BEDROOMS", "BATHROOMS", "PRICE_TAG", "PRICE_PER_NIGHT", "CREATED_AT")
        (
            select "LISTING_ID", "HOST_ID", "PROPERTY_TYPE", "ROOM_TYPE", "CITY", "COUNTRY", "ACCOMMODATES", "BEDROOMS", "BATHROOMS", "PRICE_TAG", "PRICE_PER_NIGHT", "CREATED_AT"
            from AIRBNB.silver.silver_listings__dbt_tmp
        )
/* {"app": "dbt", "dbt_version": "1.12.4", "profile_name": "aws_dbt_snowflake_project", "target_name": "dev", "node_id": "model.aws_dbt_snowflake_project.silver_listings"} */;
[0m13:59:31.109259 [debug] [Thread-2 (]: SQL status: SUCCESS 500 in 0.490 seconds
[0m13:59:31.110322 [debug] [Thread-2 (]: Using snowflake connection "model.aws_dbt_snowflake_project.silver_listings"
[0m13:59:31.111384 [debug] [Thread-2 (]: On model.aws_dbt_snowflake_project.silver_listings: COMMIT
/* {"app": "dbt", "dbt_version": "1.12.4", "profile_name": "aws_dbt_snowflake_project", "target_name": "dev", "node_id": "model.aws_dbt_snowflake_project.silver_listings"} */
[0m13:59:32.166422 [debug] [Thread-2 (]: SQL status: SUCCESS 1 in 1.056 seconds
[0m13:59:32.176467 [debug] [Thread-2 (]: Applying DROP to: AIRBNB.silver.silver_listings__dbt_tmp
[0m13:59:32.181481 [debug] [Thread-2 (]: Using snowflake connection "model.aws_dbt_snowflake_project.silver_listings"
[0m13:59:32.181481 [debug] [Thread-2 (]: On model.aws_dbt_snowflake_project.silver_listings: drop view if exists AIRBNB.silver.silver_listings__dbt_tmp cascade
/* {"app": "dbt", "dbt_version": "1.12.4", "profile_name": "aws_dbt_snowflake_project", "target_name": "dev", "node_id": "model.aws_dbt_snowflake_project.silver_listings"} */
[0m13:59:32.382479 [debug] [Thread-2 (]: SQL status: SUCCESS 1 in 0.198 seconds
[0m13:59:32.387486 [debug] [Thread-2 (]: Sending event: {'category': 'dbt', 'action': 'run_model', 'label': '8c7d76be-3913-462e-9e51-672fb68b231b', 'context': [<snowplow_tracker.self_describing_json.SelfDescribingJson object at 0x0000023A78FE49B0>]}
[0m13:59:32.387486 [info ] [Thread-2 (]: 6 of 10 OK created sql incremental model silver.silver_listings ................ [[32mSUCCESS 500[0m in 2.88s]
[0m13:59:32.391345 [debug] [Thread-2 (]: Finished running node model.aws_dbt_snowflake_project.silver_listings
[0m13:59:32.391345 [debug] [Thread-2 (]: Began running node model.aws_dbt_snowflake_project.obt
[0m13:59:32.391345 [info ] [Thread-2 (]: 7 of 10 START sql table model gold.obt ......................................... [RUN]
[0m13:59:32.396318 [debug] [Thread-2 (]: Re-using an available connection from the pool (formerly model.aws_dbt_snowflake_project.silver_listings, now model.aws_dbt_snowflake_project.obt)
[0m13:59:32.396318 [debug] [Thread-2 (]: Began compiling node model.aws_dbt_snowflake_project.obt
[0m13:59:32.408671 [debug] [Thread-2 (]: Writing injected SQL for node "model.aws_dbt_snowflake_project.obt"
[0m13:59:32.408671 [debug] [Thread-2 (]: Began executing node model.aws_dbt_snowflake_project.obt
[0m13:59:32.480170 [debug] [Thread-2 (]: Writing runtime sql for node "model.aws_dbt_snowflake_project.obt"
[0m13:59:32.484467 [debug] [Thread-2 (]: Using snowflake connection "model.aws_dbt_snowflake_project.obt"
[0m13:59:32.484467 [debug] [Thread-2 (]: On model.aws_dbt_snowflake_project.obt: create or replace transient table AIRBNB.gold.obt
    
    
    
    
    

    as (



SELECT
    
        b.*,
    
        l.HOST_ID, l.PROPERTY_TYPE, l.ROOM_TYPE, l.CITY, l.COUNTRY, l.ACCOMMODATES, l.BEDROOMS, l.BATHROOMS, l.PRICE_PER_NIGHT, l.PRICE_TAG, l.CREATED_AT AS LISTING_CREATED_AT,
    
        h.HOST_NAME, h.IS_SUPERHOST, h.RESPONSE_RATE, h.CREATED_AT AS HOST_CREATED_AT
    

FROM
    

        

            AIRBNB.silver.silver_bookings AS b

        

    

        

            LEFT JOIN AIRBNB.silver.silver_listings AS l
                ON b.LISTING_ID = l.LISTING_ID

        

    

        

            LEFT JOIN AIRBNB.silver.silver_hosts AS h
                ON l.HOST_ID = h.HOST_ID

        

    
    )

/* {"app": "dbt", "dbt_version": "1.12.4", "profile_name": "aws_dbt_snowflake_project", "target_name": "dev", "node_id": "model.aws_dbt_snowflake_project.obt"} */;
[0m13:59:34.139993 [debug] [Thread-2 (]: SQL status: SUCCESS 160000 in 1.656 seconds
[0m13:59:34.150053 [debug] [Thread-2 (]: Sending event: {'category': 'dbt', 'action': 'run_model', 'label': '8c7d76be-3913-462e-9e51-672fb68b231b', 'context': [<snowplow_tracker.self_describing_json.SelfDescribingJson object at 0x0000023A792A65A0>]}
[0m13:59:34.150053 [info ] [Thread-2 (]: 7 of 10 OK created sql table model gold.obt .................................... [[32mSUCCESS 160000[0m in 1.75s]
[0m13:59:34.155029 [debug] [Thread-2 (]: Finished running node model.aws_dbt_snowflake_project.obt
[0m13:59:34.155029 [debug] [Thread-2 (]: Began running node model.aws_dbt_snowflake_project.bookings
[0m13:59:34.155029 [debug] [Thread-2 (]: Re-using an available connection from the pool (formerly model.aws_dbt_snowflake_project.obt, now model.aws_dbt_snowflake_project.bookings)
[0m13:59:34.160047 [debug] [Thread-2 (]: Began compiling node model.aws_dbt_snowflake_project.bookings
[0m13:59:34.165053 [debug] [Thread-2 (]: Writing injected SQL for node "model.aws_dbt_snowflake_project.bookings"
[0m13:59:34.165053 [debug] [Thread-2 (]: Finished running node model.aws_dbt_snowflake_project.bookings
[0m13:59:34.170053 [debug] [Thread-2 (]: Began running node model.aws_dbt_snowflake_project.hosts
[0m13:59:34.170053 [debug] [Thread-2 (]: Re-using an available connection from the pool (formerly model.aws_dbt_snowflake_project.bookings, now model.aws_dbt_snowflake_project.hosts)
[0m13:59:34.170053 [debug] [Thread-2 (]: Began compiling node model.aws_dbt_snowflake_project.hosts
[0m13:59:34.175340 [debug] [Thread-2 (]: Writing injected SQL for node "model.aws_dbt_snowflake_project.hosts"
[0m13:59:34.180344 [debug] [Thread-2 (]: Finished running node model.aws_dbt_snowflake_project.hosts
[0m13:59:34.185424 [debug] [Thread-2 (]: Began running node model.aws_dbt_snowflake_project.listings
[0m13:59:34.185424 [debug] [Thread-2 (]: Re-using an available connection from the pool (formerly model.aws_dbt_snowflake_project.hosts, now model.aws_dbt_snowflake_project.listings)
[0m13:59:34.185424 [debug] [Thread-2 (]: Began compiling node model.aws_dbt_snowflake_project.listings
[0m13:59:34.190460 [debug] [Thread-2 (]: Writing injected SQL for node "model.aws_dbt_snowflake_project.listings"
[0m13:59:34.195470 [debug] [Thread-2 (]: Finished running node model.aws_dbt_snowflake_project.listings
[0m13:59:34.195470 [debug] [Thread-2 (]: Began running node snapshot.aws_dbt_snowflake_project.dim_bookings
[0m13:59:34.195470 [info ] [Thread-2 (]: 8 of 10 START snapshot gold.dim_bookings ....................................... [RUN]
[0m13:59:34.200053 [debug] [Thread-2 (]: Re-using an available connection from the pool (formerly model.aws_dbt_snowflake_project.listings, now snapshot.aws_dbt_snowflake_project.dim_bookings)
[0m13:59:34.200053 [debug] [Thread-2 (]: Began compiling node snapshot.aws_dbt_snowflake_project.dim_bookings
[0m13:59:34.210053 [debug] [Thread-2 (]: Writing injected SQL for node "snapshot.aws_dbt_snowflake_project.dim_bookings"
[0m13:59:34.210053 [debug] [Thread-2 (]: Began executing node snapshot.aws_dbt_snowflake_project.dim_bookings
[0m13:59:34.355666 [debug] [Thread-2 (]: Using snowflake connection "snapshot.aws_dbt_snowflake_project.dim_bookings"
[0m13:59:34.355666 [debug] [Thread-2 (]: On snapshot.aws_dbt_snowflake_project.dim_bookings: select * from (
        
    

    select *,
        md5(coalesce(cast(BOOKING_ID as varchar ), '')
         || '|' || coalesce(cast(CREATED_AT as varchar ), '')
        ) as dbt_scd_id,
        CREATED_AT as dbt_updated_at,
        CREATED_AT as dbt_valid_from,
        
  
  coalesce(nullif(CREATED_AT, CREATED_AT), to_date('9999-12-31'))
  as dbt_valid_to
from (
        with __dbt__cte__bookings as (


WITH bookings AS 
(
    SELECT 
        BOOKING_ID,
        BOOKING_DATE,
        BOOKING_STATUS,
        CREATED_AT
    FROM 
        AIRBNB.gold.obt
)
SELECT * FROM bookings
) select * from __dbt__cte__bookings
    ) sbq



    ) as __dbt_sbq
    where false
    limit 0
/* {"app": "dbt", "dbt_version": "1.12.4", "profile_name": "aws_dbt_snowflake_project", "target_name": "dev", "node_id": "snapshot.aws_dbt_snowflake_project.dim_bookings"} */
/* {"app": "dbt", "dbt_version": "1.12.4", "profile_name": "aws_dbt_snowflake_project", "target_name": "dev", "node_id": "snapshot.aws_dbt_snowflake_project.dim_bookings"} */
[0m13:59:34.602343 [debug] [Thread-2 (]: SQL status: SUCCESS 0 in 0.244 seconds
[0m13:59:34.611202 [debug] [Thread-2 (]: Using snowflake connection "snapshot.aws_dbt_snowflake_project.dim_bookings"
[0m13:59:34.611202 [debug] [Thread-2 (]: On snapshot.aws_dbt_snowflake_project.dim_bookings: select * from (
        select to_timestamp_ntz(convert_timezone('UTC', current_timestamp())) as dbt_snapshot_time
    ) as __dbt_sbq
    where false
    limit 0
/* {"app": "dbt", "dbt_version": "1.12.4", "profile_name": "aws_dbt_snowflake_project", "target_name": "dev", "node_id": "snapshot.aws_dbt_snowflake_project.dim_bookings"} */
/* {"app": "dbt", "dbt_version": "1.12.4", "profile_name": "aws_dbt_snowflake_project", "target_name": "dev", "node_id": "snapshot.aws_dbt_snowflake_project.dim_bookings"} */
[0m13:59:34.774305 [debug] [Thread-2 (]: SQL status: SUCCESS 0 in 0.161 seconds
[0m13:59:34.774305 [debug] [Thread-2 (]: Writing runtime sql for node "snapshot.aws_dbt_snowflake_project.dim_bookings"
[0m13:59:34.784342 [debug] [Thread-2 (]: Using snowflake connection "snapshot.aws_dbt_snowflake_project.dim_bookings"
[0m13:59:34.784342 [debug] [Thread-2 (]: On snapshot.aws_dbt_snowflake_project.dim_bookings: create or replace transient table AIRBNB.gold.dim_bookings
    
    
    
    
    

    as (
    

    select *,
        md5(coalesce(cast(BOOKING_ID as varchar ), '')
         || '|' || coalesce(cast(CREATED_AT as varchar ), '')
        ) as dbt_scd_id,
        CREATED_AT as dbt_updated_at,
        CREATED_AT as dbt_valid_from,
        
  
  coalesce(nullif(CREATED_AT, CREATED_AT), to_date('9999-12-31'))
  as dbt_valid_to
from (
        with __dbt__cte__bookings as (


WITH bookings AS 
(
    SELECT 
        BOOKING_ID,
        BOOKING_DATE,
        BOOKING_STATUS,
        CREATED_AT
    FROM 
        AIRBNB.gold.obt
)
SELECT * FROM bookings
) select * from __dbt__cte__bookings
    ) sbq



    )

/* {"app": "dbt", "dbt_version": "1.12.4", "profile_name": "aws_dbt_snowflake_project", "target_name": "dev", "node_id": "snapshot.aws_dbt_snowflake_project.dim_bookings"} */;
[0m13:59:35.844862 [debug] [Thread-2 (]: SQL status: SUCCESS 160000 in 1.059 seconds
[0m13:59:35.854886 [debug] [Thread-2 (]: Sending event: {'category': 'dbt', 'action': 'run_model', 'label': '8c7d76be-3913-462e-9e51-672fb68b231b', 'context': [<snowplow_tracker.self_describing_json.SelfDescribingJson object at 0x0000023A78CBFC50>]}
[0m13:59:35.859887 [info ] [Thread-2 (]: 8 of 10 OK snapshotted gold.dim_bookings ....................................... [[32mSUCCESS 160000[0m in 1.65s]
[0m13:59:35.859887 [debug] [Thread-2 (]: Finished running node snapshot.aws_dbt_snowflake_project.dim_bookings
[0m13:59:35.864875 [debug] [Thread-2 (]: Began running node snapshot.aws_dbt_snowflake_project.dim_hosts
[0m13:59:35.864875 [info ] [Thread-2 (]: 9 of 10 START snapshot gold.dim_hosts .......................................... [RUN]
[0m13:59:35.864875 [debug] [Thread-2 (]: Re-using an available connection from the pool (formerly snapshot.aws_dbt_snowflake_project.dim_bookings, now snapshot.aws_dbt_snowflake_project.dim_hosts)
[0m13:59:35.869871 [debug] [Thread-2 (]: Began compiling node snapshot.aws_dbt_snowflake_project.dim_hosts
[0m13:59:35.877138 [debug] [Thread-2 (]: Writing injected SQL for node "snapshot.aws_dbt_snowflake_project.dim_hosts"
[0m13:59:35.879313 [debug] [Thread-2 (]: Began executing node snapshot.aws_dbt_snowflake_project.dim_hosts
[0m13:59:35.892213 [debug] [Thread-2 (]: Using snowflake connection "snapshot.aws_dbt_snowflake_project.dim_hosts"
[0m13:59:35.894402 [debug] [Thread-2 (]: On snapshot.aws_dbt_snowflake_project.dim_hosts: select * from (
        
    

    select *,
        md5(coalesce(cast(HOST_ID as varchar ), '')
         || '|' || coalesce(cast(HOST_CREATED_AT as varchar ), '')
        ) as dbt_scd_id,
        HOST_CREATED_AT as dbt_updated_at,
        HOST_CREATED_AT as dbt_valid_from,
        
  
  coalesce(nullif(HOST_CREATED_AT, HOST_CREATED_AT), to_date('9999-12-31'))
  as dbt_valid_to
from (
        with __dbt__cte__hosts as (


WITH hosts AS 
(
    SELECT 
        HOST_ID,
        HOST_NAME,
        HOST_SINCE,
        IS_SUPERHOST,
        RESPONSE_RATE_QUALITY,
        HOST_CREATED_AT
    FROM 
        AIRBNB.gold.obt
)
SELECT * FROM hosts
) select * from __dbt__cte__hosts
    ) sbq



    ) as __dbt_sbq
    where false
    limit 0
/* {"app": "dbt", "dbt_version": "1.12.4", "profile_name": "aws_dbt_snowflake_project", "target_name": "dev", "node_id": "snapshot.aws_dbt_snowflake_project.dim_hosts"} */
/* {"app": "dbt", "dbt_version": "1.12.4", "profile_name": "aws_dbt_snowflake_project", "target_name": "dev", "node_id": "snapshot.aws_dbt_snowflake_project.dim_hosts"} */
[0m13:59:36.143250 [debug] [Thread-2 (]: Snowflake adapter: Snowflake query id: 01c70fbd-000d-fb65-0002-1866000821be
[0m13:59:36.143250 [debug] [Thread-2 (]: Snowflake adapter: Snowflake error: 000904 (42000): SQL compilation error: error line 24 at position 8
invalid identifier 'HOST_SINCE'
[0m13:59:36.153269 [debug] [Thread-2 (]: Database Error in snapshot dim_hosts (snapshots\dim_hosts.yml)
  000904 (42000): SQL compilation error: error line 24 at position 8
  invalid identifier 'HOST_SINCE'
[0m13:59:36.158507 [debug] [Thread-2 (]: Sending event: {'category': 'dbt', 'action': 'run_model', 'label': '8c7d76be-3913-462e-9e51-672fb68b231b', 'context': [<snowplow_tracker.self_describing_json.SelfDescribingJson object at 0x0000023A78B38B00>]}
[0m13:59:36.158507 [error] [Thread-2 (]: 9 of 10 ERROR snapshotting gold.dim_hosts ...................................... [[31mERROR[0m in 0.29s]
[0m13:59:36.158507 [debug] [Thread-2 (]: Finished running node snapshot.aws_dbt_snowflake_project.dim_hosts
[0m13:59:36.163265 [debug] [Thread-2 (]: Began running node snapshot.aws_dbt_snowflake_project.dim_listings
[0m13:59:36.163265 [debug] [Thread-5 (]: Marking all children of 'snapshot.aws_dbt_snowflake_project.dim_hosts' to be skipped because of status 'error'.  Reason: Database Error in snapshot dim_hosts (snapshots\dim_hosts.yml)
  000904 (42000): SQL compilation error: error line 24 at position 8
  invalid identifier 'HOST_SINCE'.
[0m13:59:36.163265 [info ] [Thread-2 (]: 10 of 10 START snapshot gold.dim_listings ...................................... [RUN]
[0m13:59:36.168256 [debug] [Thread-2 (]: Re-using an available connection from the pool (formerly snapshot.aws_dbt_snowflake_project.dim_hosts, now snapshot.aws_dbt_snowflake_project.dim_listings)
[0m13:59:36.168256 [debug] [Thread-2 (]: Began compiling node snapshot.aws_dbt_snowflake_project.dim_listings
[0m13:59:36.173270 [debug] [Thread-2 (]: Writing injected SQL for node "snapshot.aws_dbt_snowflake_project.dim_listings"
[0m13:59:36.178255 [debug] [Thread-2 (]: Began executing node snapshot.aws_dbt_snowflake_project.dim_listings
[0m13:59:36.188521 [debug] [Thread-2 (]: Using snowflake connection "snapshot.aws_dbt_snowflake_project.dim_listings"
[0m13:59:36.188521 [debug] [Thread-2 (]: On snapshot.aws_dbt_snowflake_project.dim_listings: select * from (
        
    

    select *,
        md5(coalesce(cast(LISTING_ID as varchar ), '')
         || '|' || coalesce(cast(LISTING_CREATED_AT as varchar ), '')
        ) as dbt_scd_id,
        LISTING_CREATED_AT as dbt_updated_at,
        LISTING_CREATED_AT as dbt_valid_from,
        
  
  coalesce(nullif(LISTING_CREATED_AT, LISTING_CREATED_AT), to_date('9999-12-31'))
  as dbt_valid_to
from (
        with __dbt__cte__listings as (


WITH listings AS 
(
    SELECT 
        LISTING_ID,
        PROPERTY_TYPE,
        ROOM_TYPE,
        CITY,
        COUNTRY,
        PRICE_PER_NIGHT_TAG,
        LISTING_CREATED_AT
    FROM 
        AIRBNB.gold.obt
)
SELECT * FROM listings
) select * from __dbt__cte__listings
    ) sbq



    ) as __dbt_sbq
    where false
    limit 0
/* {"app": "dbt", "dbt_version": "1.12.4", "profile_name": "aws_dbt_snowflake_project", "target_name": "dev", "node_id": "snapshot.aws_dbt_snowflake_project.dim_listings"} */
/* {"app": "dbt", "dbt_version": "1.12.4", "profile_name": "aws_dbt_snowflake_project", "target_name": "dev", "node_id": "snapshot.aws_dbt_snowflake_project.dim_listings"} */
[0m13:59:36.359415 [debug] [Thread-2 (]: Snowflake adapter: Snowflake query id: 01c70fbd-000d-fb65-0002-1866000821c2
[0m13:59:36.359415 [debug] [Thread-2 (]: Snowflake adapter: Snowflake error: 000904 (42000): SQL compilation error: error line 27 at position 8
invalid identifier 'PRICE_PER_NIGHT_TAG'
[0m13:59:36.369428 [debug] [Thread-2 (]: Database Error in snapshot dim_listings (snapshots\dim_listings.yml)
  000904 (42000): SQL compilation error: error line 27 at position 8
  invalid identifier 'PRICE_PER_NIGHT_TAG'
[0m13:59:36.374427 [debug] [Thread-2 (]: Sending event: {'category': 'dbt', 'action': 'run_model', 'label': '8c7d76be-3913-462e-9e51-672fb68b231b', 'context': [<snowplow_tracker.self_describing_json.SelfDescribingJson object at 0x0000023A7915D1F0>]}
[0m13:59:36.374427 [error] [Thread-2 (]: 10 of 10 ERROR snapshotting gold.dim_listings .................................. [[31mERROR[0m in 0.21s]
[0m13:59:36.379399 [debug] [Thread-2 (]: Finished running node snapshot.aws_dbt_snowflake_project.dim_listings
[0m13:59:36.379399 [debug] [Thread-5 (]: Marking all children of 'snapshot.aws_dbt_snowflake_project.dim_listings' to be skipped because of status 'error'.  Reason: Database Error in snapshot dim_listings (snapshots\dim_listings.yml)
  000904 (42000): SQL compilation error: error line 27 at position 8
  invalid identifier 'PRICE_PER_NIGHT_TAG'.
[0m13:59:36.384394 [debug] [MainThread]: Connection 'master' was properly closed.
[0m13:59:36.384394 [debug] [MainThread]: Connection 'list_AIRBNB' was left open.
[0m13:59:36.384394 [debug] [MainThread]: On list_AIRBNB: Close
[0m13:59:36.673304 [debug] [MainThread]: Connection 'list_AIRBNB_silver' was left open.
[0m13:59:36.673304 [debug] [MainThread]: On list_AIRBNB_silver: Close
[0m13:59:36.973644 [debug] [MainThread]: Connection 'snapshot.aws_dbt_snowflake_project.dim_listings' was left open.
[0m13:59:36.973644 [debug] [MainThread]: On snapshot.aws_dbt_snowflake_project.dim_listings: Close
[0m13:59:37.271279 [info ] [MainThread]: 
[0m13:59:37.271279 [info ] [MainThread]: Finished running 6 incremental models, 3 snapshots, 1 table model in 0 hours 0 minutes and 25.75 seconds (25.75s).
[0m13:59:37.276296 [debug] [MainThread]: Command end result
[0m13:59:37.386273 [debug] [MainThread]: Wrote artifact WritableManifest to C:\Users\Zaheer Alam\Desktop\all files\AWS_DBT_Snowflake\aws_dbt_snowflake_project\target\manifest.json
[0m13:59:37.391286 [debug] [MainThread]: Wrote artifact SemanticManifest to C:\Users\Zaheer Alam\Desktop\all files\AWS_DBT_Snowflake\aws_dbt_snowflake_project\target\semantic_manifest.json
[0m13:59:37.401282 [debug] [MainThread]: Wrote artifact OsiDocument to C:\Users\Zaheer Alam\Desktop\all files\AWS_DBT_Snowflake\aws_dbt_snowflake_project\target\osi_document.json
[0m13:59:37.416275 [debug] [MainThread]: Wrote artifact RunExecutionResult to C:\Users\Zaheer Alam\Desktop\all files\AWS_DBT_Snowflake\aws_dbt_snowflake_project\target\run_results.json
[0m13:59:37.421282 [info ] [MainThread]: 
[0m13:59:37.421282 [info ] [MainThread]: [31mCompleted with 2 errors, 0 partial successes, and 0 warnings:[0m
[0m13:59:37.421282 [info ] [MainThread]: 
[0m13:59:37.421282 [error] [MainThread]: [[31mERROR[0m]: in snapshot dim_hosts (snapshots\dim_hosts.yml)
[0m13:59:37.426275 [error] [MainThread]:   Database Error in snapshot dim_hosts (snapshots\dim_hosts.yml)
  000904 (42000): SQL compilation error: error line 24 at position 8
  invalid identifier 'HOST_SINCE'
[0m13:59:37.426275 [info ] [MainThread]: 
[0m13:59:37.431272 [info ] [MainThread]:   compiled code at target\compiled\aws_dbt_snowflake_project\snapshots\dim_hosts.yml\dim_hosts.sql
[0m13:59:37.431272 [info ] [MainThread]: 
[0m13:59:37.436273 [error] [MainThread]: [[31mERROR[0m]: in snapshot dim_listings (snapshots\dim_listings.yml)
[0m13:59:37.441275 [error] [MainThread]:   Database Error in snapshot dim_listings (snapshots\dim_listings.yml)
  000904 (42000): SQL compilation error: error line 27 at position 8
  invalid identifier 'PRICE_PER_NIGHT_TAG'
[0m13:59:37.441275 [info ] [MainThread]: 
[0m13:59:37.441275 [info ] [MainThread]:   compiled code at target\compiled\aws_dbt_snowflake_project\snapshots\dim_listings.yml\dim_listings.sql
[0m13:59:37.446287 [info ] [MainThread]: 
[0m13:59:37.451271 [info ] [MainThread]: Done. PASS=8 WARN=0 ERROR=2 SKIP=0 NO-OP=0 REUSED=0 TOTAL=10
[0m13:59:37.451271 [debug] [MainThread]: Command `dbt build` failed at 13:59:37.451271 after 29.67 seconds
[0m13:59:37.451271 [debug] [MainThread]: Sending event: {'category': 'dbt', 'action': 'invocation', 'label': 'end', 'context': [<snowplow_tracker.self_describing_json.SelfDescribingJson object at 0x0000023A7385EF60>, <snowplow_tracker.self_describing_json.SelfDescribingJson object at 0x0000023A753DFB90>, <snowplow_tracker.self_describing_json.SelfDescribingJson object at 0x0000023A736B5B80>]}
[0m13:59:37.456299 [debug] [MainThread]: Flushing usage events
[0m13:59:43.404613 [debug] [MainThread]: An error was encountered while trying to flush usage events
[0m14:01:14.418701 [debug] [MainThread]: Sending event: {'category': 'dbt', 'action': 'invocation', 'label': 'start', 'context': [<snowplow_tracker.self_describing_json.SelfDescribingJson object at 0x00000185093E5220>, <snowplow_tracker.self_describing_json.SelfDescribingJson object at 0x00000185093E7E30>, <snowplow_tracker.self_describing_json.SelfDescribingJson object at 0x00000185093E6C30>]}


============================== 14:01:14.423692 | 7b286dd6-546a-43bb-811c-9027cfd0b436 ==============================
[0m14:01:14.423692 [info ] [MainThread]: Running with dbt=1.12.4
[0m14:01:14.428711 [debug] [MainThread]: running dbt with arguments {'version_check': 'True', 'no_print': 'None', 'maximum_seed_size_mib': '1', 'target_path': 'None', 'warn_error_options': 'WarnErrorOptionsV2(error=[], warn=[], silence=[])', 'static_parser': 'True', 'printer_width': '80', 'write_json': 'True', 'introspect': 'True', 'log_cache_events': 'False', 'empty': 'False', 'cache_selected_only': 'False', 'fail_fast': 'False', 'debug': 'False', 'log_format': 'default', 'partial_parse': 'True', 'send_anonymous_usage_stats': 'True', 'quiet': 'False', 'warn_error': 'None', 'profiles_dir': 'C:\\Users\\Zaheer Alam\\.dbt', 'indirect_selection': 'eager', 'hints_enabled': 'True', 'use_colors': 'True', 'use_experimental_parser': 'False', 'invocation_command': 'dbt build', 'log_path': 'C:\\Users\\Zaheer Alam\\Desktop\\all files\\AWS_DBT_Snowflake\\aws_dbt_snowflake_project\\logs'}
[0m14:01:15.358833 [debug] [MainThread]: Snowflake adapter: Setting snowflake.connector to ERROR (file logging only)
[0m14:01:15.358833 [debug] [MainThread]: Snowflake adapter: Setting botocore to ERROR (file logging only)
[0m14:01:15.358833 [debug] [MainThread]: Snowflake adapter: Setting boto3 to ERROR (file logging only)
[0m14:01:15.932510 [debug] [MainThread]: Sending event: {'category': 'dbt', 'action': 'project_id', 'label': '7b286dd6-546a-43bb-811c-9027cfd0b436', 'context': [<snowplow_tracker.self_describing_json.SelfDescribingJson object at 0x000001850C9BEE70>]}
[0m14:01:16.057541 [debug] [MainThread]: Sending event: {'category': 'dbt', 'action': 'adapter_info', 'label': '7b286dd6-546a-43bb-811c-9027cfd0b436', 'context': [<snowplow_tracker.self_describing_json.SelfDescribingJson object at 0x000001850CA7E480>]}
[0m14:01:16.062544 [info ] [MainThread]: Registered adapter: snowflake=1.12.0
[0m14:01:16.717430 [debug] [MainThread]: checksum: 5898aabf08c9bfee8ee956a138979f76ca666292702eae8cc33b5009f8451796, vars: {}, profile: aws_dbt_snowflake_project, target: dev, version: 1.12.4
[0m14:01:17.111260 [debug] [MainThread]: Partial parsing enabled: 0 files deleted, 0 files added, 0 files changed.
[0m14:01:17.111260 [debug] [MainThread]: Nothing changed, skipping partial parsing.
[0m14:01:17.111260 [debug] [MainThread]: Partial parsing enabled, no changes found, skipping parsing
[0m14:01:17.131270 [debug] [MainThread]: Sending event: {'category': 'dbt', 'action': 'load_project', 'label': '7b286dd6-546a-43bb-811c-9027cfd0b436', 'context': [<snowplow_tracker.self_describing_json.SelfDescribingJson object at 0x000001850CA41F40>]}
[0m14:01:17.500721 [debug] [MainThread]: Wrote artifact WritableManifest to C:\Users\Zaheer Alam\Desktop\all files\AWS_DBT_Snowflake\aws_dbt_snowflake_project\target\manifest.json
[0m14:01:17.505728 [debug] [MainThread]: Wrote artifact SemanticManifest to C:\Users\Zaheer Alam\Desktop\all files\AWS_DBT_Snowflake\aws_dbt_snowflake_project\target\semantic_manifest.json
[0m14:01:17.571604 [debug] [MainThread]: Wrote artifact OsiDocument to C:\Users\Zaheer Alam\Desktop\all files\AWS_DBT_Snowflake\aws_dbt_snowflake_project\target\osi_document.json
[0m14:01:17.629563 [debug] [MainThread]: Sending event: {'category': 'dbt', 'action': 'resource_counts', 'label': '7b286dd6-546a-43bb-811c-9027cfd0b436', 'context': [<snowplow_tracker.self_describing_json.SelfDescribingJson object at 0x000001850D4ABB30>]}
[0m14:01:17.629563 [info ] [MainThread]: Found 10 models, 2 analyses, 3 snapshots, 3 sources, 549 macros
[0m14:01:17.634589 [info ] [MainThread]: 
[0m14:01:17.634589 [info ] [MainThread]: Concurrency: 1 threads (target='dev')
[0m14:01:17.639563 [info ] [MainThread]: 
[0m14:01:17.639563 [debug] [MainThread]: Acquiring new snowflake connection 'master'
[0m14:01:17.659576 [debug] [ThreadPool]: Acquiring new snowflake connection 'list_AIRBNB'
[0m14:01:17.705239 [debug] [ThreadPool]: Using snowflake connection "list_AIRBNB"
[0m14:01:17.705239 [debug] [ThreadPool]: On list_AIRBNB: show terse schemas in database AIRBNB
    limit 10000
/* {"app": "dbt", "dbt_version": "1.12.4", "profile_name": "aws_dbt_snowflake_project", "target_name": "dev", "connection_name": "list_AIRBNB"} */
[0m14:01:17.705239 [debug] [ThreadPool]: Opening a new connection, currently in state init
[0m14:01:19.382586 [debug] [ThreadPool]: SQL status: SUCCESS 7 in 1.677 seconds
[0m14:01:19.393130 [debug] [ThreadPool]: Using snowflake connection "list_AIRBNB"
[0m14:01:19.394277 [debug] [ThreadPool]: On list_AIRBNB: show terse schemas in database AIRBNB
    limit 10000
/* {"app": "dbt", "dbt_version": "1.12.4", "profile_name": "aws_dbt_snowflake_project", "target_name": "dev", "connection_name": "list_AIRBNB"} */
[0m14:01:19.777728 [debug] [ThreadPool]: SQL status: SUCCESS 7 in 0.386 seconds
[0m14:01:19.782770 [debug] [ThreadPool]: Using snowflake connection "list_AIRBNB"
[0m14:01:19.787773 [debug] [ThreadPool]: On list_AIRBNB: show terse schemas in database AIRBNB
    limit 10000
/* {"app": "dbt", "dbt_version": "1.12.4", "profile_name": "aws_dbt_snowflake_project", "target_name": "dev", "connection_name": "list_AIRBNB"} */
[0m14:01:19.995837 [debug] [ThreadPool]: SQL status: SUCCESS 7 in 0.208 seconds
[0m14:01:20.005606 [debug] [ThreadPool]: Acquiring new snowflake connection 'list_AIRBNB_gold'
[0m14:01:20.040647 [debug] [ThreadPool]: Using snowflake connection "list_AIRBNB_gold"
[0m14:01:20.040647 [debug] [ThreadPool]: On list_AIRBNB_gold: show objects in AIRBNB.gold
    limit 10000
    

/* {"app": "dbt", "dbt_version": "1.12.4", "profile_name": "aws_dbt_snowflake_project", "target_name": "dev", "connection_name": "list_AIRBNB_gold"} */;
[0m14:01:20.040647 [debug] [ThreadPool]: Opening a new connection, currently in state init
[0m14:01:21.480995 [debug] [ThreadPool]: SQL status: SUCCESS 2 in 1.439 seconds
[0m14:01:21.496042 [debug] [ThreadPool]: Using snowflake connection "list_AIRBNB_gold"
[0m14:01:21.496042 [debug] [ThreadPool]: On list_AIRBNB_gold: show user functions in AIRBNB.gold
/* {"app": "dbt", "dbt_version": "1.12.4", "profile_name": "aws_dbt_snowflake_project", "target_name": "dev", "connection_name": "list_AIRBNB_gold"} */
[0m14:01:21.730189 [debug] [ThreadPool]: SQL status: SUCCESS 0 in 0.233 seconds
[0m14:01:21.734436 [debug] [ThreadPool]: Re-using an available connection from the pool (formerly list_AIRBNB_gold, now list_AIRBNB_silver)
[0m14:01:21.738726 [debug] [ThreadPool]: Using snowflake connection "list_AIRBNB_silver"
[0m14:01:21.738790 [debug] [ThreadPool]: On list_AIRBNB_silver: show objects in AIRBNB.silver
    limit 10000
    

/* {"app": "dbt", "dbt_version": "1.12.4", "profile_name": "aws_dbt_snowflake_project", "target_name": "dev", "connection_name": "list_AIRBNB_silver"} */;
[0m14:01:21.963141 [debug] [ThreadPool]: SQL status: SUCCESS 3 in 0.223 seconds
[0m14:01:21.968150 [debug] [ThreadPool]: Using snowflake connection "list_AIRBNB_silver"
[0m14:01:21.968150 [debug] [ThreadPool]: On list_AIRBNB_silver: show user functions in AIRBNB.silver
/* {"app": "dbt", "dbt_version": "1.12.4", "profile_name": "aws_dbt_snowflake_project", "target_name": "dev", "connection_name": "list_AIRBNB_silver"} */
[0m14:01:22.176363 [debug] [ThreadPool]: SQL status: SUCCESS 0 in 0.208 seconds
[0m14:01:22.181414 [debug] [ThreadPool]: Re-using an available connection from the pool (formerly list_AIRBNB_silver, now list_AIRBNB_bronze)
[0m14:01:22.186412 [debug] [ThreadPool]: Using snowflake connection "list_AIRBNB_bronze"
[0m14:01:22.186412 [debug] [ThreadPool]: On list_AIRBNB_bronze: show objects in AIRBNB.bronze
    limit 10000
    

/* {"app": "dbt", "dbt_version": "1.12.4", "profile_name": "aws_dbt_snowflake_project", "target_name": "dev", "connection_name": "list_AIRBNB_bronze"} */;
[0m14:01:22.410222 [debug] [ThreadPool]: SQL status: SUCCESS 3 in 0.224 seconds
[0m14:01:22.417241 [debug] [ThreadPool]: Using snowflake connection "list_AIRBNB_bronze"
[0m14:01:22.417241 [debug] [ThreadPool]: On list_AIRBNB_bronze: show user functions in AIRBNB.bronze
/* {"app": "dbt", "dbt_version": "1.12.4", "profile_name": "aws_dbt_snowflake_project", "target_name": "dev", "connection_name": "list_AIRBNB_bronze"} */
[0m14:01:22.646983 [debug] [ThreadPool]: SQL status: SUCCESS 0 in 0.225 seconds
[0m14:01:22.651967 [debug] [MainThread]: Sending event: {'category': 'dbt', 'action': 'runnable_timing', 'label': '7b286dd6-546a-43bb-811c-9027cfd0b436', 'context': [<snowplow_tracker.self_describing_json.SelfDescribingJson object at 0x000001850D4A9A30>]}
[0m14:01:22.656967 [debug] [Thread-2 (]: Began running node model.aws_dbt_snowflake_project.bronze_bookings
[0m14:01:22.662095 [info ] [Thread-2 (]: 1 of 10 START sql incremental model bronze.bronze_bookings ..................... [RUN]
[0m14:01:22.662630 [debug] [Thread-2 (]: Acquiring new snowflake connection 'model.aws_dbt_snowflake_project.bronze_bookings'
[0m14:01:22.662630 [debug] [Thread-2 (]: Began compiling node model.aws_dbt_snowflake_project.bronze_bookings
[0m14:01:22.690210 [debug] [Thread-2 (]: Writing injected SQL for node "model.aws_dbt_snowflake_project.bronze_bookings"
[0m14:01:22.695176 [debug] [Thread-2 (]: Began executing node model.aws_dbt_snowflake_project.bronze_bookings
[0m14:01:22.832527 [debug] [Thread-2 (]: Using snowflake connection "model.aws_dbt_snowflake_project.bronze_bookings"
[0m14:01:22.832527 [debug] [Thread-2 (]: On model.aws_dbt_snowflake_project.bronze_bookings: create or replace  temporary view AIRBNB.bronze.bronze_bookings__dbt_tmp
  
  
  
  
  as (
    



SELECT *
FROM AIRBNB.staging.bookings



WHERE CREATED_AT > (
    SELECT COALESCE(
        MAX(CREATED_AT),
        '1900-01-01'::date
    )
    FROM AIRBNB.bronze.bronze_bookings
)


  )
/* {"app": "dbt", "dbt_version": "1.12.4", "profile_name": "aws_dbt_snowflake_project", "target_name": "dev", "node_id": "model.aws_dbt_snowflake_project.bronze_bookings"} */;
[0m14:01:22.832527 [debug] [Thread-2 (]: Opening a new connection, currently in state init
[0m14:01:23.855506 [debug] [Thread-2 (]: SQL status: SUCCESS 1 in 1.022 seconds
[0m14:01:23.870551 [debug] [Thread-2 (]: Using snowflake connection "model.aws_dbt_snowflake_project.bronze_bookings"
[0m14:01:23.870551 [debug] [Thread-2 (]: On model.aws_dbt_snowflake_project.bronze_bookings: describe table AIRBNB.bronze.bronze_bookings__dbt_tmp
/* {"app": "dbt", "dbt_version": "1.12.4", "profile_name": "aws_dbt_snowflake_project", "target_name": "dev", "node_id": "model.aws_dbt_snowflake_project.bronze_bookings"} */
[0m14:01:24.078124 [debug] [Thread-2 (]: SQL status: SUCCESS 9 in 0.205 seconds
[0m14:01:24.083182 [debug] [Thread-2 (]: Using snowflake connection "model.aws_dbt_snowflake_project.bronze_bookings"
[0m14:01:24.088184 [debug] [Thread-2 (]: On model.aws_dbt_snowflake_project.bronze_bookings: describe table AIRBNB.bronze.bronze_bookings
/* {"app": "dbt", "dbt_version": "1.12.4", "profile_name": "aws_dbt_snowflake_project", "target_name": "dev", "node_id": "model.aws_dbt_snowflake_project.bronze_bookings"} */
[0m14:01:24.289562 [debug] [Thread-2 (]: SQL status: SUCCESS 9 in 0.201 seconds
[0m14:01:24.309141 [debug] [Thread-2 (]: Using snowflake connection "model.aws_dbt_snowflake_project.bronze_bookings"
[0m14:01:24.309141 [debug] [Thread-2 (]: On model.aws_dbt_snowflake_project.bronze_bookings: describe table "AIRBNB"."BRONZE"."BRONZE_BOOKINGS"
/* {"app": "dbt", "dbt_version": "1.12.4", "profile_name": "aws_dbt_snowflake_project", "target_name": "dev", "node_id": "model.aws_dbt_snowflake_project.bronze_bookings"} */
[0m14:01:24.491095 [debug] [Thread-2 (]: SQL status: SUCCESS 9 in 0.180 seconds
[0m14:01:24.531073 [debug] [Thread-2 (]: Writing runtime sql for node "model.aws_dbt_snowflake_project.bronze_bookings"
[0m14:01:24.536099 [debug] [Thread-2 (]: Using snowflake connection "model.aws_dbt_snowflake_project.bronze_bookings"
[0m14:01:24.536099 [debug] [Thread-2 (]: On model.aws_dbt_snowflake_project.bronze_bookings: -- back compat for old kwarg name
  
  begin
/* {"app": "dbt", "dbt_version": "1.12.4", "profile_name": "aws_dbt_snowflake_project", "target_name": "dev", "node_id": "model.aws_dbt_snowflake_project.bronze_bookings"} */;
[0m14:01:24.723382 [debug] [Thread-2 (]: SQL status: SUCCESS 1 in 0.183 seconds
[0m14:01:24.724514 [debug] [Thread-2 (]: Using snowflake connection "model.aws_dbt_snowflake_project.bronze_bookings"
[0m14:01:24.725663 [debug] [Thread-2 (]: On model.aws_dbt_snowflake_project.bronze_bookings: insert into AIRBNB.bronze.bronze_bookings ("BOOKING_ID", "LISTING_ID", "BOOKING_DATE", "NIGHTS_BOOKED", "BOOKING_AMOUNT", "CLEANING_FEE", "SERVICE_FEE", "BOOKING_STATUS", "CREATED_AT")
        (
            select "BOOKING_ID", "LISTING_ID", "BOOKING_DATE", "NIGHTS_BOOKED", "BOOKING_AMOUNT", "CLEANING_FEE", "SERVICE_FEE", "BOOKING_STATUS", "CREATED_AT"
            from AIRBNB.bronze.bronze_bookings__dbt_tmp
        )
/* {"app": "dbt", "dbt_version": "1.12.4", "profile_name": "aws_dbt_snowflake_project", "target_name": "dev", "node_id": "model.aws_dbt_snowflake_project.bronze_bookings"} */;
[0m14:01:24.985302 [debug] [Thread-2 (]: SQL status: SUCCESS 0 in 0.261 seconds
[0m14:01:24.985302 [debug] [Thread-2 (]: Using snowflake connection "model.aws_dbt_snowflake_project.bronze_bookings"
[0m14:01:24.985302 [debug] [Thread-2 (]: On model.aws_dbt_snowflake_project.bronze_bookings: COMMIT
/* {"app": "dbt", "dbt_version": "1.12.4", "profile_name": "aws_dbt_snowflake_project", "target_name": "dev", "node_id": "model.aws_dbt_snowflake_project.bronze_bookings"} */
[0m14:01:25.212233 [debug] [Thread-2 (]: SQL status: SUCCESS 1 in 0.223 seconds
[0m14:01:25.232238 [debug] [Thread-2 (]: Applying DROP to: AIRBNB.bronze.bronze_bookings__dbt_tmp
[0m14:01:25.257238 [debug] [Thread-2 (]: Using snowflake connection "model.aws_dbt_snowflake_project.bronze_bookings"
[0m14:01:25.257238 [debug] [Thread-2 (]: On model.aws_dbt_snowflake_project.bronze_bookings: drop view if exists AIRBNB.bronze.bronze_bookings__dbt_tmp cascade
/* {"app": "dbt", "dbt_version": "1.12.4", "profile_name": "aws_dbt_snowflake_project", "target_name": "dev", "node_id": "model.aws_dbt_snowflake_project.bronze_bookings"} */
[0m14:01:25.477290 [debug] [Thread-2 (]: SQL status: SUCCESS 1 in 0.219 seconds
[0m14:01:25.547290 [debug] [Thread-2 (]: Sending event: {'category': 'dbt', 'action': 'run_model', 'label': '7b286dd6-546a-43bb-811c-9027cfd0b436', 'context': [<snowplow_tracker.self_describing_json.SelfDescribingJson object at 0x000001850941E900>]}
[0m14:01:25.547290 [info ] [Thread-2 (]: 1 of 10 OK created sql incremental model bronze.bronze_bookings ................ [[32mSUCCESS 0[0m in 2.87s]
[0m14:01:25.552311 [debug] [Thread-2 (]: Finished running node model.aws_dbt_snowflake_project.bronze_bookings
[0m14:01:25.552311 [debug] [Thread-2 (]: Began running node model.aws_dbt_snowflake_project.bronze_hosts
[0m14:01:25.557292 [info ] [Thread-2 (]: 2 of 10 START sql incremental model bronze.bronze_hosts ........................ [RUN]
[0m14:01:25.557292 [debug] [Thread-2 (]: Re-using an available connection from the pool (formerly model.aws_dbt_snowflake_project.bronze_bookings, now model.aws_dbt_snowflake_project.bronze_hosts)
[0m14:01:25.557292 [debug] [Thread-2 (]: Began compiling node model.aws_dbt_snowflake_project.bronze_hosts
[0m14:01:25.567287 [debug] [Thread-2 (]: Writing injected SQL for node "model.aws_dbt_snowflake_project.bronze_hosts"
[0m14:01:25.567287 [debug] [Thread-2 (]: Began executing node model.aws_dbt_snowflake_project.bronze_hosts
[0m14:01:25.577285 [debug] [Thread-2 (]: Using snowflake connection "model.aws_dbt_snowflake_project.bronze_hosts"
[0m14:01:25.577285 [debug] [Thread-2 (]: On model.aws_dbt_snowflake_project.bronze_hosts: create or replace  temporary view AIRBNB.bronze.bronze_hosts__dbt_tmp
  
  
  
  
  as (
    



SELECT *
FROM AIRBNB.staging.hosts



WHERE CREATED_AT > (
    SELECT COALESCE(
        MAX(CREATED_AT),
        '1900-01-01'::date
    )
    FROM AIRBNB.bronze.bronze_hosts
)


  )
/* {"app": "dbt", "dbt_version": "1.12.4", "profile_name": "aws_dbt_snowflake_project", "target_name": "dev", "node_id": "model.aws_dbt_snowflake_project.bronze_hosts"} */;
[0m14:01:25.881758 [debug] [Thread-2 (]: SQL status: SUCCESS 1 in 0.302 seconds
[0m14:01:25.886780 [debug] [Thread-2 (]: Using snowflake connection "model.aws_dbt_snowflake_project.bronze_hosts"
[0m14:01:25.886780 [debug] [Thread-2 (]: On model.aws_dbt_snowflake_project.bronze_hosts: describe table AIRBNB.bronze.bronze_hosts__dbt_tmp
/* {"app": "dbt", "dbt_version": "1.12.4", "profile_name": "aws_dbt_snowflake_project", "target_name": "dev", "node_id": "model.aws_dbt_snowflake_project.bronze_hosts"} */
[0m14:01:26.058589 [debug] [Thread-2 (]: SQL status: SUCCESS 6 in 0.171 seconds
[0m14:01:26.063603 [debug] [Thread-2 (]: Using snowflake connection "model.aws_dbt_snowflake_project.bronze_hosts"
[0m14:01:26.068573 [debug] [Thread-2 (]: On model.aws_dbt_snowflake_project.bronze_hosts: describe table AIRBNB.bronze.bronze_hosts
/* {"app": "dbt", "dbt_version": "1.12.4", "profile_name": "aws_dbt_snowflake_project", "target_name": "dev", "node_id": "model.aws_dbt_snowflake_project.bronze_hosts"} */
[0m14:01:26.233917 [debug] [Thread-2 (]: SQL status: SUCCESS 6 in 0.164 seconds
[0m14:01:26.238900 [debug] [Thread-2 (]: Using snowflake connection "model.aws_dbt_snowflake_project.bronze_hosts"
[0m14:01:26.243913 [debug] [Thread-2 (]: On model.aws_dbt_snowflake_project.bronze_hosts: describe table "AIRBNB"."BRONZE"."BRONZE_HOSTS"
/* {"app": "dbt", "dbt_version": "1.12.4", "profile_name": "aws_dbt_snowflake_project", "target_name": "dev", "node_id": "model.aws_dbt_snowflake_project.bronze_hosts"} */
[0m14:01:26.437077 [debug] [Thread-2 (]: SQL status: SUCCESS 6 in 0.194 seconds
[0m14:01:26.447077 [debug] [Thread-2 (]: Writing runtime sql for node "model.aws_dbt_snowflake_project.bronze_hosts"
[0m14:01:26.452080 [debug] [Thread-2 (]: Using snowflake connection "model.aws_dbt_snowflake_project.bronze_hosts"
[0m14:01:26.452080 [debug] [Thread-2 (]: On model.aws_dbt_snowflake_project.bronze_hosts: -- back compat for old kwarg name
  
  begin
/* {"app": "dbt", "dbt_version": "1.12.4", "profile_name": "aws_dbt_snowflake_project", "target_name": "dev", "node_id": "model.aws_dbt_snowflake_project.bronze_hosts"} */;
[0m14:01:26.637096 [debug] [Thread-2 (]: SQL status: SUCCESS 1 in 0.186 seconds
[0m14:01:26.642095 [debug] [Thread-2 (]: Using snowflake connection "model.aws_dbt_snowflake_project.bronze_hosts"
[0m14:01:26.642095 [debug] [Thread-2 (]: On model.aws_dbt_snowflake_project.bronze_hosts: insert into AIRBNB.bronze.bronze_hosts ("HOST_ID", "HOST_NAME", "HOST_SINCE", "IS_SUPERHOST", "RESPONSE_RATE", "CREATED_AT")
        (
            select "HOST_ID", "HOST_NAME", "HOST_SINCE", "IS_SUPERHOST", "RESPONSE_RATE", "CREATED_AT"
            from AIRBNB.bronze.bronze_hosts__dbt_tmp
        )
/* {"app": "dbt", "dbt_version": "1.12.4", "profile_name": "aws_dbt_snowflake_project", "target_name": "dev", "node_id": "model.aws_dbt_snowflake_project.bronze_hosts"} */;
[0m14:01:26.914780 [debug] [Thread-2 (]: SQL status: SUCCESS 0 in 0.273 seconds
[0m14:01:26.914780 [debug] [Thread-2 (]: Using snowflake connection "model.aws_dbt_snowflake_project.bronze_hosts"
[0m14:01:26.914780 [debug] [Thread-2 (]: On model.aws_dbt_snowflake_project.bronze_hosts: COMMIT
/* {"app": "dbt", "dbt_version": "1.12.4", "profile_name": "aws_dbt_snowflake_project", "target_name": "dev", "node_id": "model.aws_dbt_snowflake_project.bronze_hosts"} */
[0m14:01:27.156830 [debug] [Thread-2 (]: SQL status: SUCCESS 1 in 0.239 seconds
[0m14:01:27.161911 [debug] [Thread-2 (]: Applying DROP to: AIRBNB.bronze.bronze_hosts__dbt_tmp
[0m14:01:27.161911 [debug] [Thread-2 (]: Using snowflake connection "model.aws_dbt_snowflake_project.bronze_hosts"
[0m14:01:27.161911 [debug] [Thread-2 (]: On model.aws_dbt_snowflake_project.bronze_hosts: drop view if exists AIRBNB.bronze.bronze_hosts__dbt_tmp cascade
/* {"app": "dbt", "dbt_version": "1.12.4", "profile_name": "aws_dbt_snowflake_project", "target_name": "dev", "node_id": "model.aws_dbt_snowflake_project.bronze_hosts"} */
[0m14:01:27.370905 [debug] [Thread-2 (]: SQL status: SUCCESS 1 in 0.204 seconds
[0m14:01:27.375911 [debug] [Thread-2 (]: Sending event: {'category': 'dbt', 'action': 'run_model', 'label': '7b286dd6-546a-43bb-811c-9027cfd0b436', 'context': [<snowplow_tracker.self_describing_json.SelfDescribingJson object at 0x000001850E80FBC0>]}
[0m14:01:27.375911 [info ] [Thread-2 (]: 2 of 10 OK created sql incremental model bronze.bronze_hosts ................... [[32mSUCCESS 0[0m in 1.81s]
[0m14:01:27.379189 [debug] [Thread-2 (]: Finished running node model.aws_dbt_snowflake_project.bronze_hosts
[0m14:01:27.380270 [debug] [Thread-2 (]: Began running node model.aws_dbt_snowflake_project.bronze_listings
[0m14:01:27.381338 [info ] [Thread-2 (]: 3 of 10 START sql incremental model bronze.bronze_listings ..................... [RUN]
[0m14:01:27.383519 [debug] [Thread-2 (]: Re-using an available connection from the pool (formerly model.aws_dbt_snowflake_project.bronze_hosts, now model.aws_dbt_snowflake_project.bronze_listings)
[0m14:01:27.384609 [debug] [Thread-2 (]: Began compiling node model.aws_dbt_snowflake_project.bronze_listings
[0m14:01:27.391190 [debug] [Thread-2 (]: Writing injected SQL for node "model.aws_dbt_snowflake_project.bronze_listings"
[0m14:01:27.393380 [debug] [Thread-2 (]: Began executing node model.aws_dbt_snowflake_project.bronze_listings
[0m14:01:27.403198 [debug] [Thread-2 (]: Using snowflake connection "model.aws_dbt_snowflake_project.bronze_listings"
[0m14:01:27.405368 [debug] [Thread-2 (]: On model.aws_dbt_snowflake_project.bronze_listings: create or replace  temporary view AIRBNB.bronze.bronze_listings__dbt_tmp
  
  
  
  
  as (
    



SELECT *
FROM AIRBNB.staging.listings



WHERE CREATED_AT > (
    SELECT COALESCE(
        MAX(CREATED_AT),
        '1900-01-01'::date
    )
    FROM AIRBNB.bronze.bronze_listings
)


  )
/* {"app": "dbt", "dbt_version": "1.12.4", "profile_name": "aws_dbt_snowflake_project", "target_name": "dev", "node_id": "model.aws_dbt_snowflake_project.bronze_listings"} */;
[0m14:01:27.690916 [debug] [Thread-2 (]: SQL status: SUCCESS 1 in 0.285 seconds
[0m14:01:27.690916 [debug] [Thread-2 (]: Using snowflake connection "model.aws_dbt_snowflake_project.bronze_listings"
[0m14:01:27.695923 [debug] [Thread-2 (]: On model.aws_dbt_snowflake_project.bronze_listings: describe table AIRBNB.bronze.bronze_listings__dbt_tmp
/* {"app": "dbt", "dbt_version": "1.12.4", "profile_name": "aws_dbt_snowflake_project", "target_name": "dev", "node_id": "model.aws_dbt_snowflake_project.bronze_listings"} */
[0m14:01:27.871289 [debug] [Thread-2 (]: SQL status: SUCCESS 11 in 0.177 seconds
[0m14:01:27.876330 [debug] [Thread-2 (]: Using snowflake connection "model.aws_dbt_snowflake_project.bronze_listings"
[0m14:01:27.881318 [debug] [Thread-2 (]: On model.aws_dbt_snowflake_project.bronze_listings: describe table AIRBNB.bronze.bronze_listings
/* {"app": "dbt", "dbt_version": "1.12.4", "profile_name": "aws_dbt_snowflake_project", "target_name": "dev", "node_id": "model.aws_dbt_snowflake_project.bronze_listings"} */
[0m14:01:28.074891 [debug] [Thread-2 (]: SQL status: SUCCESS 11 in 0.196 seconds
[0m14:01:28.079542 [debug] [Thread-2 (]: Using snowflake connection "model.aws_dbt_snowflake_project.bronze_listings"
[0m14:01:28.084542 [debug] [Thread-2 (]: On model.aws_dbt_snowflake_project.bronze_listings: describe table "AIRBNB"."BRONZE"."BRONZE_LISTINGS"
/* {"app": "dbt", "dbt_version": "1.12.4", "profile_name": "aws_dbt_snowflake_project", "target_name": "dev", "node_id": "model.aws_dbt_snowflake_project.bronze_listings"} */
[0m14:01:28.278078 [debug] [Thread-2 (]: SQL status: SUCCESS 11 in 0.196 seconds
[0m14:01:28.288136 [debug] [Thread-2 (]: Writing runtime sql for node "model.aws_dbt_snowflake_project.bronze_listings"
[0m14:01:28.288136 [debug] [Thread-2 (]: Using snowflake connection "model.aws_dbt_snowflake_project.bronze_listings"
[0m14:01:28.293132 [debug] [Thread-2 (]: On model.aws_dbt_snowflake_project.bronze_listings: -- back compat for old kwarg name
  
  begin
/* {"app": "dbt", "dbt_version": "1.12.4", "profile_name": "aws_dbt_snowflake_project", "target_name": "dev", "node_id": "model.aws_dbt_snowflake_project.bronze_listings"} */;
[0m14:01:28.570004 [debug] [Thread-2 (]: SQL status: SUCCESS 1 in 0.278 seconds
[0m14:01:28.570004 [debug] [Thread-2 (]: Using snowflake connection "model.aws_dbt_snowflake_project.bronze_listings"
[0m14:01:28.570004 [debug] [Thread-2 (]: On model.aws_dbt_snowflake_project.bronze_listings: insert into AIRBNB.bronze.bronze_listings ("LISTING_ID", "HOST_ID", "PROPERTY_TYPE", "ROOM_TYPE", "CITY", "COUNTRY", "ACCOMMODATES", "BEDROOMS", "BATHROOMS", "PRICE_PER_NIGHT", "CREATED_AT")
        (
            select "LISTING_ID", "HOST_ID", "PROPERTY_TYPE", "ROOM_TYPE", "CITY", "COUNTRY", "ACCOMMODATES", "BEDROOMS", "BATHROOMS", "PRICE_PER_NIGHT", "CREATED_AT"
            from AIRBNB.bronze.bronze_listings__dbt_tmp
        )
/* {"app": "dbt", "dbt_version": "1.12.4", "profile_name": "aws_dbt_snowflake_project", "target_name": "dev", "node_id": "model.aws_dbt_snowflake_project.bronze_listings"} */;
[0m14:01:28.993373 [debug] [Thread-2 (]: SQL status: SUCCESS 0 in 0.422 seconds
[0m14:01:28.993373 [debug] [Thread-2 (]: Using snowflake connection "model.aws_dbt_snowflake_project.bronze_listings"
[0m14:01:28.993373 [debug] [Thread-2 (]: On model.aws_dbt_snowflake_project.bronze_listings: COMMIT
/* {"app": "dbt", "dbt_version": "1.12.4", "profile_name": "aws_dbt_snowflake_project", "target_name": "dev", "node_id": "model.aws_dbt_snowflake_project.bronze_listings"} */
[0m14:01:29.199805 [debug] [Thread-2 (]: SQL status: SUCCESS 1 in 0.203 seconds
[0m14:01:29.204870 [debug] [Thread-2 (]: Applying DROP to: AIRBNB.bronze.bronze_listings__dbt_tmp
[0m14:01:29.204870 [debug] [Thread-2 (]: Using snowflake connection "model.aws_dbt_snowflake_project.bronze_listings"
[0m14:01:29.204870 [debug] [Thread-2 (]: On model.aws_dbt_snowflake_project.bronze_listings: drop view if exists AIRBNB.bronze.bronze_listings__dbt_tmp cascade
/* {"app": "dbt", "dbt_version": "1.12.4", "profile_name": "aws_dbt_snowflake_project", "target_name": "dev", "node_id": "model.aws_dbt_snowflake_project.bronze_listings"} */
[0m14:01:29.416450 [debug] [Thread-2 (]: SQL status: SUCCESS 1 in 0.211 seconds
[0m14:01:29.421495 [debug] [Thread-2 (]: Sending event: {'category': 'dbt', 'action': 'run_model', 'label': '7b286dd6-546a-43bb-811c-9027cfd0b436', 'context': [<snowplow_tracker.self_describing_json.SelfDescribingJson object at 0x000001850CF8DC10>]}
[0m14:01:29.426491 [info ] [Thread-2 (]: 3 of 10 OK created sql incremental model bronze.bronze_listings ................ [[32mSUCCESS 0[0m in 2.04s]
[0m14:01:29.427280 [debug] [Thread-2 (]: Finished running node model.aws_dbt_snowflake_project.bronze_listings
[0m14:01:29.427280 [debug] [Thread-2 (]: Began running node model.aws_dbt_snowflake_project.silver_bookings
[0m14:01:29.427280 [info ] [Thread-2 (]: 4 of 10 START sql incremental model silver.silver_bookings ..................... [RUN]
[0m14:01:29.432325 [debug] [Thread-2 (]: Re-using an available connection from the pool (formerly model.aws_dbt_snowflake_project.bronze_listings, now model.aws_dbt_snowflake_project.silver_bookings)
[0m14:01:29.432325 [debug] [Thread-2 (]: Began compiling node model.aws_dbt_snowflake_project.silver_bookings
[0m14:01:29.440702 [debug] [Thread-2 (]: Writing injected SQL for node "model.aws_dbt_snowflake_project.silver_bookings"
[0m14:01:29.445739 [debug] [Thread-2 (]: Began executing node model.aws_dbt_snowflake_project.silver_bookings
[0m14:01:29.460730 [debug] [Thread-2 (]: Using snowflake connection "model.aws_dbt_snowflake_project.silver_bookings"
[0m14:01:29.460730 [debug] [Thread-2 (]: On model.aws_dbt_snowflake_project.silver_bookings: create or replace  temporary view AIRBNB.silver.silver_bookings__dbt_tmp
  
  
  
  
  as (
    

SELECT 
    BOOKING_ID,
    LISTING_ID,
    BOOKING_DATE,
    
    round(NIGHTS_BOOKED * BOOKING_AMOUNT, 2)
 + CLEANING_FEE + SERVICE_FEE AS TOTAL_AMOUNT,
    BOOKING_STATUS,
    CREATED_AT
FROM 
    AIRBNB.bronze.bronze_bookings
  )
/* {"app": "dbt", "dbt_version": "1.12.4", "profile_name": "aws_dbt_snowflake_project", "target_name": "dev", "node_id": "model.aws_dbt_snowflake_project.silver_bookings"} */;
[0m14:01:29.815155 [debug] [Thread-2 (]: SQL status: SUCCESS 1 in 0.353 seconds
[0m14:01:29.820226 [debug] [Thread-2 (]: Using snowflake connection "model.aws_dbt_snowflake_project.silver_bookings"
[0m14:01:29.820226 [debug] [Thread-2 (]: On model.aws_dbt_snowflake_project.silver_bookings: describe table AIRBNB.silver.silver_bookings__dbt_tmp
/* {"app": "dbt", "dbt_version": "1.12.4", "profile_name": "aws_dbt_snowflake_project", "target_name": "dev", "node_id": "model.aws_dbt_snowflake_project.silver_bookings"} */
[0m14:01:30.022407 [debug] [Thread-2 (]: SQL status: SUCCESS 6 in 0.201 seconds
[0m14:01:30.027465 [debug] [Thread-2 (]: Using snowflake connection "model.aws_dbt_snowflake_project.silver_bookings"
[0m14:01:30.032499 [debug] [Thread-2 (]: On model.aws_dbt_snowflake_project.silver_bookings: describe table AIRBNB.silver.silver_bookings
/* {"app": "dbt", "dbt_version": "1.12.4", "profile_name": "aws_dbt_snowflake_project", "target_name": "dev", "node_id": "model.aws_dbt_snowflake_project.silver_bookings"} */
[0m14:01:30.188320 [debug] [Thread-2 (]: SQL status: SUCCESS 6 in 0.158 seconds
[0m14:01:30.196715 [debug] [Thread-2 (]: Using snowflake connection "model.aws_dbt_snowflake_project.silver_bookings"
[0m14:01:30.196715 [debug] [Thread-2 (]: On model.aws_dbt_snowflake_project.silver_bookings: describe table "AIRBNB"."SILVER"."SILVER_BOOKINGS"
/* {"app": "dbt", "dbt_version": "1.12.4", "profile_name": "aws_dbt_snowflake_project", "target_name": "dev", "node_id": "model.aws_dbt_snowflake_project.silver_bookings"} */
[0m14:01:30.433305 [debug] [Thread-2 (]: SQL status: SUCCESS 6 in 0.235 seconds
[0m14:01:30.438308 [debug] [Thread-2 (]: Writing runtime sql for node "model.aws_dbt_snowflake_project.silver_bookings"
[0m14:01:30.438308 [debug] [Thread-2 (]: Using snowflake connection "model.aws_dbt_snowflake_project.silver_bookings"
[0m14:01:30.443299 [debug] [Thread-2 (]: On model.aws_dbt_snowflake_project.silver_bookings: -- back compat for old kwarg name
  
  begin
/* {"app": "dbt", "dbt_version": "1.12.4", "profile_name": "aws_dbt_snowflake_project", "target_name": "dev", "node_id": "model.aws_dbt_snowflake_project.silver_bookings"} */;
[0m14:01:30.646598 [debug] [Thread-2 (]: SQL status: SUCCESS 1 in 0.204 seconds
[0m14:01:30.646598 [debug] [Thread-2 (]: Using snowflake connection "model.aws_dbt_snowflake_project.silver_bookings"
[0m14:01:30.651607 [debug] [Thread-2 (]: On model.aws_dbt_snowflake_project.silver_bookings: insert into AIRBNB.silver.silver_bookings ("BOOKING_ID", "LISTING_ID", "BOOKING_DATE", "TOTAL_AMOUNT", "BOOKING_STATUS", "CREATED_AT")
        (
            select "BOOKING_ID", "LISTING_ID", "BOOKING_DATE", "TOTAL_AMOUNT", "BOOKING_STATUS", "CREATED_AT"
            from AIRBNB.silver.silver_bookings__dbt_tmp
        )
/* {"app": "dbt", "dbt_version": "1.12.4", "profile_name": "aws_dbt_snowflake_project", "target_name": "dev", "node_id": "model.aws_dbt_snowflake_project.silver_bookings"} */;
[0m14:01:31.146524 [debug] [Thread-2 (]: SQL status: SUCCESS 5000 in 0.495 seconds
[0m14:01:31.146524 [debug] [Thread-2 (]: Using snowflake connection "model.aws_dbt_snowflake_project.silver_bookings"
[0m14:01:31.146524 [debug] [Thread-2 (]: On model.aws_dbt_snowflake_project.silver_bookings: COMMIT
/* {"app": "dbt", "dbt_version": "1.12.4", "profile_name": "aws_dbt_snowflake_project", "target_name": "dev", "node_id": "model.aws_dbt_snowflake_project.silver_bookings"} */
[0m14:01:31.431792 [debug] [Thread-2 (]: SQL status: SUCCESS 1 in 0.283 seconds
[0m14:01:31.436857 [debug] [Thread-2 (]: Applying DROP to: AIRBNB.silver.silver_bookings__dbt_tmp
[0m14:01:31.436857 [debug] [Thread-2 (]: Using snowflake connection "model.aws_dbt_snowflake_project.silver_bookings"
[0m14:01:31.436857 [debug] [Thread-2 (]: On model.aws_dbt_snowflake_project.silver_bookings: drop view if exists AIRBNB.silver.silver_bookings__dbt_tmp cascade
/* {"app": "dbt", "dbt_version": "1.12.4", "profile_name": "aws_dbt_snowflake_project", "target_name": "dev", "node_id": "model.aws_dbt_snowflake_project.silver_bookings"} */
[0m14:01:31.657107 [debug] [Thread-2 (]: SQL status: SUCCESS 1 in 0.218 seconds
[0m14:01:31.662774 [debug] [Thread-2 (]: Sending event: {'category': 'dbt', 'action': 'run_model', 'label': '7b286dd6-546a-43bb-811c-9027cfd0b436', 'context': [<snowplow_tracker.self_describing_json.SelfDescribingJson object at 0x000001850E7E5F10>]}
[0m14:01:31.662774 [info ] [Thread-2 (]: 4 of 10 OK created sql incremental model silver.silver_bookings ................ [[32mSUCCESS 5000[0m in 2.24s]
[0m14:01:31.662774 [debug] [Thread-2 (]: Finished running node model.aws_dbt_snowflake_project.silver_bookings
[0m14:01:31.667822 [debug] [Thread-2 (]: Began running node model.aws_dbt_snowflake_project.silver_hosts
[0m14:01:31.667822 [info ] [Thread-2 (]: 5 of 10 START sql incremental model silver.silver_hosts ........................ [RUN]
[0m14:01:31.667822 [debug] [Thread-2 (]: Re-using an available connection from the pool (formerly model.aws_dbt_snowflake_project.silver_bookings, now model.aws_dbt_snowflake_project.silver_hosts)
[0m14:01:31.672810 [debug] [Thread-2 (]: Began compiling node model.aws_dbt_snowflake_project.silver_hosts
[0m14:01:31.682815 [debug] [Thread-2 (]: Writing injected SQL for node "model.aws_dbt_snowflake_project.silver_hosts"
[0m14:01:31.682815 [debug] [Thread-2 (]: Began executing node model.aws_dbt_snowflake_project.silver_hosts
[0m14:01:31.692798 [debug] [Thread-2 (]: Using snowflake connection "model.aws_dbt_snowflake_project.silver_hosts"
[0m14:01:31.692798 [debug] [Thread-2 (]: On model.aws_dbt_snowflake_project.silver_hosts: create or replace  temporary view AIRBNB.silver.silver_hosts__dbt_tmp
  
  
  
  
  as (
        

SELECT
    HOST_ID,
    
    INITCAP(TRIM(HOST_NAME))
 AS HOST_NAME,
    IS_SUPERHOST,
    RESPONSE_RATE,
    CREATED_AT
FROM 
    AIRBNB.bronze.bronze_hosts
  )
/* {"app": "dbt", "dbt_version": "1.12.4", "profile_name": "aws_dbt_snowflake_project", "target_name": "dev", "node_id": "model.aws_dbt_snowflake_project.silver_hosts"} */;
[0m14:01:31.947445 [debug] [Thread-2 (]: SQL status: SUCCESS 1 in 0.252 seconds
[0m14:01:32.134002 [debug] [Thread-2 (]: Using snowflake connection "model.aws_dbt_snowflake_project.silver_hosts"
[0m14:01:32.139024 [debug] [Thread-2 (]: On model.aws_dbt_snowflake_project.silver_hosts: describe table AIRBNB.silver.silver_hosts__dbt_tmp
/* {"app": "dbt", "dbt_version": "1.12.4", "profile_name": "aws_dbt_snowflake_project", "target_name": "dev", "node_id": "model.aws_dbt_snowflake_project.silver_hosts"} */
[0m14:01:32.376167 [debug] [Thread-2 (]: SQL status: SUCCESS 5 in 0.238 seconds
[0m14:01:32.381215 [debug] [Thread-2 (]: Using snowflake connection "model.aws_dbt_snowflake_project.silver_hosts"
[0m14:01:32.381215 [debug] [Thread-2 (]: On model.aws_dbt_snowflake_project.silver_hosts: describe table AIRBNB.silver.silver_hosts
/* {"app": "dbt", "dbt_version": "1.12.4", "profile_name": "aws_dbt_snowflake_project", "target_name": "dev", "node_id": "model.aws_dbt_snowflake_project.silver_hosts"} */
[0m14:01:32.580220 [debug] [Thread-2 (]: SQL status: SUCCESS 5 in 0.197 seconds
[0m14:01:32.585287 [debug] [Thread-2 (]: Using snowflake connection "model.aws_dbt_snowflake_project.silver_hosts"
[0m14:01:32.585287 [debug] [Thread-2 (]: On model.aws_dbt_snowflake_project.silver_hosts: describe table "AIRBNB"."SILVER"."SILVER_HOSTS"
/* {"app": "dbt", "dbt_version": "1.12.4", "profile_name": "aws_dbt_snowflake_project", "target_name": "dev", "node_id": "model.aws_dbt_snowflake_project.silver_hosts"} */
[0m14:01:32.783837 [debug] [Thread-2 (]: SQL status: SUCCESS 5 in 0.195 seconds
[0m14:01:32.788904 [debug] [Thread-2 (]: Writing runtime sql for node "model.aws_dbt_snowflake_project.silver_hosts"
[0m14:01:32.793903 [debug] [Thread-2 (]: Using snowflake connection "model.aws_dbt_snowflake_project.silver_hosts"
[0m14:01:32.793903 [debug] [Thread-2 (]: On model.aws_dbt_snowflake_project.silver_hosts: -- back compat for old kwarg name
  
  begin
/* {"app": "dbt", "dbt_version": "1.12.4", "profile_name": "aws_dbt_snowflake_project", "target_name": "dev", "node_id": "model.aws_dbt_snowflake_project.silver_hosts"} */;
[0m14:01:32.981442 [debug] [Thread-2 (]: SQL status: SUCCESS 1 in 0.185 seconds
[0m14:01:32.981442 [debug] [Thread-2 (]: Using snowflake connection "model.aws_dbt_snowflake_project.silver_hosts"
[0m14:01:32.981442 [debug] [Thread-2 (]: On model.aws_dbt_snowflake_project.silver_hosts: insert into AIRBNB.silver.silver_hosts ("HOST_ID", "HOST_NAME", "IS_SUPERHOST", "RESPONSE_RATE", "CREATED_AT")
        (
            select "HOST_ID", "HOST_NAME", "IS_SUPERHOST", "RESPONSE_RATE", "CREATED_AT"
            from AIRBNB.silver.silver_hosts__dbt_tmp
        )
/* {"app": "dbt", "dbt_version": "1.12.4", "profile_name": "aws_dbt_snowflake_project", "target_name": "dev", "node_id": "model.aws_dbt_snowflake_project.silver_hosts"} */;
[0m14:01:33.504282 [debug] [Thread-2 (]: SQL status: SUCCESS 200 in 0.519 seconds
[0m14:01:33.504282 [debug] [Thread-2 (]: Using snowflake connection "model.aws_dbt_snowflake_project.silver_hosts"
[0m14:01:33.504282 [debug] [Thread-2 (]: On model.aws_dbt_snowflake_project.silver_hosts: COMMIT
/* {"app": "dbt", "dbt_version": "1.12.4", "profile_name": "aws_dbt_snowflake_project", "target_name": "dev", "node_id": "model.aws_dbt_snowflake_project.silver_hosts"} */
[0m14:01:33.790791 [debug] [Thread-2 (]: SQL status: SUCCESS 1 in 0.285 seconds
[0m14:01:33.795857 [debug] [Thread-2 (]: Applying DROP to: AIRBNB.silver.silver_hosts__dbt_tmp
[0m14:01:33.795857 [debug] [Thread-2 (]: Using snowflake connection "model.aws_dbt_snowflake_project.silver_hosts"
[0m14:01:33.795857 [debug] [Thread-2 (]: On model.aws_dbt_snowflake_project.silver_hosts: drop view if exists AIRBNB.silver.silver_hosts__dbt_tmp cascade
/* {"app": "dbt", "dbt_version": "1.12.4", "profile_name": "aws_dbt_snowflake_project", "target_name": "dev", "node_id": "model.aws_dbt_snowflake_project.silver_hosts"} */
[0m14:01:34.037844 [debug] [Thread-2 (]: SQL status: SUCCESS 1 in 0.202 seconds
[0m14:01:34.042870 [debug] [Thread-2 (]: Sending event: {'category': 'dbt', 'action': 'run_model', 'label': '7b286dd6-546a-43bb-811c-9027cfd0b436', 'context': [<snowplow_tracker.self_describing_json.SelfDescribingJson object at 0x000001850D464470>]}
[0m14:01:34.042870 [info ] [Thread-2 (]: 5 of 10 OK created sql incremental model silver.silver_hosts ................... [[32mSUCCESS 200[0m in 2.38s]
[0m14:01:34.047865 [debug] [Thread-2 (]: Finished running node model.aws_dbt_snowflake_project.silver_hosts
[0m14:01:34.047865 [debug] [Thread-2 (]: Began running node model.aws_dbt_snowflake_project.silver_listings
[0m14:01:34.047865 [info ] [Thread-2 (]: 6 of 10 START sql incremental model silver.silver_listings ..................... [RUN]
[0m14:01:34.047865 [debug] [Thread-2 (]: Re-using an available connection from the pool (formerly model.aws_dbt_snowflake_project.silver_hosts, now model.aws_dbt_snowflake_project.silver_listings)
[0m14:01:34.052882 [debug] [Thread-2 (]: Began compiling node model.aws_dbt_snowflake_project.silver_listings
[0m14:01:34.057870 [debug] [Thread-2 (]: Writing injected SQL for node "model.aws_dbt_snowflake_project.silver_listings"
[0m14:01:34.062866 [debug] [Thread-2 (]: Began executing node model.aws_dbt_snowflake_project.silver_listings
[0m14:01:34.072880 [debug] [Thread-2 (]: Using snowflake connection "model.aws_dbt_snowflake_project.silver_listings"
[0m14:01:34.072880 [debug] [Thread-2 (]: On model.aws_dbt_snowflake_project.silver_listings: create or replace  temporary view AIRBNB.silver.silver_listings__dbt_tmp
  
  
  
  
  as (
    

SELECT 
    LISTING_ID,
    HOST_ID,
    
    INITCAP(TRIM(PROPERTY_TYPE))
 AS PROPERTY_TYPE,
    ROOM_TYPE,
    CITY,
    COUNTRY,
    ACCOMMODATES,
    BEDROOMS,
    BATHROOMS,
    
   CASE
        WHEN PRICE_PER_NIGHT < 100 THEN 'low'
        WHEN PRICE_PER_NIGHT >= 100 AND PRICE_PER_NIGHT < 200 THEN 'medium'
        ELSE 'high'
    END
 AS PRICE_TAG,
    PRICE_PER_NIGHT,
    CREATED_AT
FROM 
    AIRBNB.bronze.bronze_listings
  )
/* {"app": "dbt", "dbt_version": "1.12.4", "profile_name": "aws_dbt_snowflake_project", "target_name": "dev", "node_id": "model.aws_dbt_snowflake_project.silver_listings"} */;
[0m14:01:34.422335 [debug] [Thread-2 (]: SQL status: SUCCESS 1 in 0.345 seconds
[0m14:01:34.427392 [debug] [Thread-2 (]: Using snowflake connection "model.aws_dbt_snowflake_project.silver_listings"
[0m14:01:34.427392 [debug] [Thread-2 (]: On model.aws_dbt_snowflake_project.silver_listings: describe table AIRBNB.silver.silver_listings__dbt_tmp
/* {"app": "dbt", "dbt_version": "1.12.4", "profile_name": "aws_dbt_snowflake_project", "target_name": "dev", "node_id": "model.aws_dbt_snowflake_project.silver_listings"} */
[0m14:01:34.626567 [debug] [Thread-2 (]: SQL status: SUCCESS 12 in 0.199 seconds
[0m14:01:34.631577 [debug] [Thread-2 (]: Using snowflake connection "model.aws_dbt_snowflake_project.silver_listings"
[0m14:01:34.636579 [debug] [Thread-2 (]: On model.aws_dbt_snowflake_project.silver_listings: describe table AIRBNB.silver.silver_listings
/* {"app": "dbt", "dbt_version": "1.12.4", "profile_name": "aws_dbt_snowflake_project", "target_name": "dev", "node_id": "model.aws_dbt_snowflake_project.silver_listings"} */
[0m14:01:34.829639 [debug] [Thread-2 (]: SQL status: SUCCESS 12 in 0.197 seconds
[0m14:01:34.839681 [debug] [Thread-2 (]: Using snowflake connection "model.aws_dbt_snowflake_project.silver_listings"
[0m14:01:34.839681 [debug] [Thread-2 (]: On model.aws_dbt_snowflake_project.silver_listings: describe table "AIRBNB"."SILVER"."SILVER_LISTINGS"
/* {"app": "dbt", "dbt_version": "1.12.4", "profile_name": "aws_dbt_snowflake_project", "target_name": "dev", "node_id": "model.aws_dbt_snowflake_project.silver_listings"} */
[0m14:01:35.038216 [debug] [Thread-2 (]: SQL status: SUCCESS 12 in 0.196 seconds
[0m14:01:35.043240 [debug] [Thread-2 (]: Writing runtime sql for node "model.aws_dbt_snowflake_project.silver_listings"
[0m14:01:35.048237 [debug] [Thread-2 (]: Using snowflake connection "model.aws_dbt_snowflake_project.silver_listings"
[0m14:01:35.048237 [debug] [Thread-2 (]: On model.aws_dbt_snowflake_project.silver_listings: -- back compat for old kwarg name
  
  begin
/* {"app": "dbt", "dbt_version": "1.12.4", "profile_name": "aws_dbt_snowflake_project", "target_name": "dev", "node_id": "model.aws_dbt_snowflake_project.silver_listings"} */;
[0m14:01:35.247651 [debug] [Thread-2 (]: SQL status: SUCCESS 1 in 0.196 seconds
[0m14:01:35.247651 [debug] [Thread-2 (]: Using snowflake connection "model.aws_dbt_snowflake_project.silver_listings"
[0m14:01:35.247651 [debug] [Thread-2 (]: On model.aws_dbt_snowflake_project.silver_listings: insert into AIRBNB.silver.silver_listings ("LISTING_ID", "HOST_ID", "PROPERTY_TYPE", "ROOM_TYPE", "CITY", "COUNTRY", "ACCOMMODATES", "BEDROOMS", "BATHROOMS", "PRICE_TAG", "PRICE_PER_NIGHT", "CREATED_AT")
        (
            select "LISTING_ID", "HOST_ID", "PROPERTY_TYPE", "ROOM_TYPE", "CITY", "COUNTRY", "ACCOMMODATES", "BEDROOMS", "BATHROOMS", "PRICE_TAG", "PRICE_PER_NIGHT", "CREATED_AT"
            from AIRBNB.silver.silver_listings__dbt_tmp
        )
/* {"app": "dbt", "dbt_version": "1.12.4", "profile_name": "aws_dbt_snowflake_project", "target_name": "dev", "node_id": "model.aws_dbt_snowflake_project.silver_listings"} */;
[0m14:01:35.824393 [debug] [Thread-2 (]: SQL status: SUCCESS 500 in 0.576 seconds
[0m14:01:35.824393 [debug] [Thread-2 (]: Using snowflake connection "model.aws_dbt_snowflake_project.silver_listings"
[0m14:01:35.824393 [debug] [Thread-2 (]: On model.aws_dbt_snowflake_project.silver_listings: COMMIT
/* {"app": "dbt", "dbt_version": "1.12.4", "profile_name": "aws_dbt_snowflake_project", "target_name": "dev", "node_id": "model.aws_dbt_snowflake_project.silver_listings"} */
[0m14:01:36.168453 [debug] [Thread-2 (]: SQL status: SUCCESS 1 in 0.341 seconds
[0m14:01:36.173213 [debug] [Thread-2 (]: Applying DROP to: AIRBNB.silver.silver_listings__dbt_tmp
[0m14:01:36.178247 [debug] [Thread-2 (]: Using snowflake connection "model.aws_dbt_snowflake_project.silver_listings"
[0m14:01:36.178247 [debug] [Thread-2 (]: On model.aws_dbt_snowflake_project.silver_listings: drop view if exists AIRBNB.silver.silver_listings__dbt_tmp cascade
/* {"app": "dbt", "dbt_version": "1.12.4", "profile_name": "aws_dbt_snowflake_project", "target_name": "dev", "node_id": "model.aws_dbt_snowflake_project.silver_listings"} */
[0m14:01:36.413631 [debug] [Thread-2 (]: SQL status: SUCCESS 1 in 0.233 seconds
[0m14:01:36.418658 [debug] [Thread-2 (]: Sending event: {'category': 'dbt', 'action': 'run_model', 'label': '7b286dd6-546a-43bb-811c-9027cfd0b436', 'context': [<snowplow_tracker.self_describing_json.SelfDescribingJson object at 0x000001850CDE7F20>]}
[0m14:01:36.418658 [info ] [Thread-2 (]: 6 of 10 OK created sql incremental model silver.silver_listings ................ [[32mSUCCESS 500[0m in 2.37s]
[0m14:01:36.423642 [debug] [Thread-2 (]: Finished running node model.aws_dbt_snowflake_project.silver_listings
[0m14:01:36.423642 [debug] [Thread-2 (]: Began running node model.aws_dbt_snowflake_project.obt
[0m14:01:36.423642 [info ] [Thread-2 (]: 7 of 10 START sql table model gold.obt ......................................... [RUN]
[0m14:01:36.428628 [debug] [Thread-2 (]: Re-using an available connection from the pool (formerly model.aws_dbt_snowflake_project.silver_listings, now model.aws_dbt_snowflake_project.obt)
[0m14:01:36.428628 [debug] [Thread-2 (]: Began compiling node model.aws_dbt_snowflake_project.obt
[0m14:01:36.443635 [debug] [Thread-2 (]: Writing injected SQL for node "model.aws_dbt_snowflake_project.obt"
[0m14:01:36.443635 [debug] [Thread-2 (]: Began executing node model.aws_dbt_snowflake_project.obt
[0m14:01:36.524806 [debug] [Thread-2 (]: Writing runtime sql for node "model.aws_dbt_snowflake_project.obt"
[0m14:01:36.529788 [debug] [Thread-2 (]: Using snowflake connection "model.aws_dbt_snowflake_project.obt"
[0m14:01:36.529788 [debug] [Thread-2 (]: On model.aws_dbt_snowflake_project.obt: create or replace transient table AIRBNB.gold.obt
    
    
    
    
    

    as (



SELECT
    
        b.*,
    
        l.HOST_ID, l.PROPERTY_TYPE, l.ROOM_TYPE, l.CITY, l.COUNTRY, l.ACCOMMODATES, l.BEDROOMS, l.BATHROOMS, l.PRICE_PER_NIGHT, l.PRICE_TAG, l.CREATED_AT AS LISTING_CREATED_AT,
    
        h.HOST_NAME, h.IS_SUPERHOST, h.RESPONSE_RATE, h.CREATED_AT AS HOST_CREATED_AT
    

FROM
    

        

            AIRBNB.silver.silver_bookings AS b

        

    

        

            LEFT JOIN AIRBNB.silver.silver_listings AS l
                ON b.LISTING_ID = l.LISTING_ID

        

    

        

            LEFT JOIN AIRBNB.silver.silver_hosts AS h
                ON l.HOST_ID = h.HOST_ID

        

    
    )

/* {"app": "dbt", "dbt_version": "1.12.4", "profile_name": "aws_dbt_snowflake_project", "target_name": "dev", "node_id": "model.aws_dbt_snowflake_project.obt"} */;
[0m14:01:39.026281 [debug] [Thread-2 (]: SQL status: SUCCESS 375000 in 2.497 seconds
[0m14:01:39.036100 [debug] [Thread-2 (]: Sending event: {'category': 'dbt', 'action': 'run_model', 'label': '7b286dd6-546a-43bb-811c-9027cfd0b436', 'context': [<snowplow_tracker.self_describing_json.SelfDescribingJson object at 0x000001850CFAB500>]}
[0m14:01:39.041103 [info ] [Thread-2 (]: 7 of 10 OK created sql table model gold.obt .................................... [[32mSUCCESS 375000[0m in 2.61s]
[0m14:01:39.041103 [debug] [Thread-2 (]: Finished running node model.aws_dbt_snowflake_project.obt
[0m14:01:39.041103 [debug] [Thread-2 (]: Began running node model.aws_dbt_snowflake_project.bookings
[0m14:01:39.046096 [debug] [Thread-2 (]: Re-using an available connection from the pool (formerly model.aws_dbt_snowflake_project.obt, now model.aws_dbt_snowflake_project.bookings)
[0m14:01:39.046096 [debug] [Thread-2 (]: Began compiling node model.aws_dbt_snowflake_project.bookings
[0m14:01:39.051087 [debug] [Thread-2 (]: Writing injected SQL for node "model.aws_dbt_snowflake_project.bookings"
[0m14:01:39.051087 [debug] [Thread-2 (]: Finished running node model.aws_dbt_snowflake_project.bookings
[0m14:01:39.056100 [debug] [Thread-2 (]: Began running node model.aws_dbt_snowflake_project.hosts
[0m14:01:39.056100 [debug] [Thread-2 (]: Re-using an available connection from the pool (formerly model.aws_dbt_snowflake_project.bookings, now model.aws_dbt_snowflake_project.hosts)
[0m14:01:39.056100 [debug] [Thread-2 (]: Began compiling node model.aws_dbt_snowflake_project.hosts
[0m14:01:39.066085 [debug] [Thread-2 (]: Writing injected SQL for node "model.aws_dbt_snowflake_project.hosts"
[0m14:01:39.071083 [debug] [Thread-2 (]: Finished running node model.aws_dbt_snowflake_project.hosts
[0m14:01:39.071083 [debug] [Thread-2 (]: Began running node model.aws_dbt_snowflake_project.listings
[0m14:01:39.074544 [debug] [Thread-2 (]: Re-using an available connection from the pool (formerly model.aws_dbt_snowflake_project.hosts, now model.aws_dbt_snowflake_project.listings)
[0m14:01:39.074544 [debug] [Thread-2 (]: Began compiling node model.aws_dbt_snowflake_project.listings
[0m14:01:39.079620 [debug] [Thread-2 (]: Writing injected SQL for node "model.aws_dbt_snowflake_project.listings"
[0m14:01:39.079620 [debug] [Thread-2 (]: Finished running node model.aws_dbt_snowflake_project.listings
[0m14:01:39.079620 [debug] [Thread-2 (]: Began running node snapshot.aws_dbt_snowflake_project.dim_bookings
[0m14:01:39.084587 [info ] [Thread-2 (]: 8 of 10 START snapshot gold.dim_bookings ....................................... [RUN]
[0m14:01:39.084587 [debug] [Thread-2 (]: Re-using an available connection from the pool (formerly model.aws_dbt_snowflake_project.listings, now snapshot.aws_dbt_snowflake_project.dim_bookings)
[0m14:01:39.084587 [debug] [Thread-2 (]: Began compiling node snapshot.aws_dbt_snowflake_project.dim_bookings
[0m14:01:39.089599 [debug] [Thread-2 (]: Writing injected SQL for node "snapshot.aws_dbt_snowflake_project.dim_bookings"
[0m14:01:39.094635 [debug] [Thread-2 (]: Began executing node snapshot.aws_dbt_snowflake_project.dim_bookings
[0m14:01:39.191999 [debug] [Thread-2 (]: Using snowflake connection "snapshot.aws_dbt_snowflake_project.dim_bookings"
[0m14:01:39.191999 [debug] [Thread-2 (]: On snapshot.aws_dbt_snowflake_project.dim_bookings: describe table "AIRBNB"."GOLD"."DIM_BOOKINGS"
/* {"app": "dbt", "dbt_version": "1.12.4", "profile_name": "aws_dbt_snowflake_project", "target_name": "dev", "node_id": "snapshot.aws_dbt_snowflake_project.dim_bookings"} */
[0m14:01:39.380975 [debug] [Thread-2 (]: SQL status: SUCCESS 8 in 0.187 seconds
[0m14:01:39.477547 [debug] [Thread-2 (]: Using snowflake connection "snapshot.aws_dbt_snowflake_project.dim_bookings"
[0m14:01:39.482542 [debug] [Thread-2 (]: On snapshot.aws_dbt_snowflake_project.dim_bookings: create or replace temporary table "AIRBNB"."GOLD"."DIM_BOOKINGS__dbt_tmp"
as (
    
    
    with snapshot_query as (

        with __dbt__cte__bookings as (


WITH bookings AS 
(
    SELECT 
        BOOKING_ID,
        BOOKING_DATE,
        BOOKING_STATUS,
        CREATED_AT
    FROM 
        AIRBNB.gold.obt
)
SELECT * FROM bookings
) select * from __dbt__cte__bookings

    ),

    snapshotted_data as (

        select *, 
    
        BOOKING_ID as dbt_unique_key
    

        from "AIRBNB"."GOLD"."DIM_BOOKINGS"
        where
            
		
		

		
                ( (dbt_valid_to = to_date('9999-12-31')) or dbt_valid_to is null )
            

    ),

    insertions_source_data as (

        select *, 
    
        BOOKING_ID as dbt_unique_key
    
,
            CREATED_AT as dbt_updated_at,
            CREATED_AT as dbt_valid_from,
            
  
  coalesce(nullif(CREATED_AT, CREATED_AT), to_date('9999-12-31'))
  as dbt_valid_to
,
            md5(coalesce(cast(BOOKING_ID as varchar ), '')
         || '|' || coalesce(cast(CREATED_AT as varchar ), '')
        ) as dbt_scd_id

        from snapshot_query
    ),

    updates_source_data as (

        select *, 
    
        BOOKING_ID as dbt_unique_key
    
,
            CREATED_AT as dbt_updated_at,
            CREATED_AT as dbt_valid_from,
            CREATED_AT as dbt_valid_to

        from snapshot_query
    ),

    insertions as (

        select
            'insert' as dbt_change_type,
            source_data.*

        from insertions_source_data as source_data
        left outer join snapshotted_data
            on 
    
        snapshotted_data.dbt_unique_key = source_data.dbt_unique_key
    

            where 
    
        snapshotted_data.dbt_unique_key is null
    

            or (
    
        snapshotted_data.dbt_unique_key is not null
    
 and (
               (snapshotted_data.dbt_valid_from < source_data.CREATED_AT)
            )

        )

    ),

    updates as (

        select
            'update' as dbt_change_type,
            source_data.*,
            snapshotted_data.dbt_scd_id

        from updates_source_data as source_data
        join snapshotted_data
            on 
    
        snapshotted_data.dbt_unique_key = source_data.dbt_unique_key
    

        where (
            (snapshotted_data.dbt_valid_from < source_data.CREATED_AT)
        )
    )

    select * from insertions
    union all
    select * from updates

    )

/* {"app": "dbt", "dbt_version": "1.12.4", "profile_name": "aws_dbt_snowflake_project", "target_name": "dev", "node_id": "snapshot.aws_dbt_snowflake_project.dim_bookings"} */;
[0m14:01:40.581818 [debug] [Thread-2 (]: SQL status: SUCCESS 1 in 1.098 seconds
[0m14:01:40.586857 [debug] [Thread-2 (]: Using snowflake connection "snapshot.aws_dbt_snowflake_project.dim_bookings"
[0m14:01:40.586857 [debug] [Thread-2 (]: On snapshot.aws_dbt_snowflake_project.dim_bookings: describe table "AIRBNB"."GOLD"."DIM_BOOKINGS__dbt_tmp"
/* {"app": "dbt", "dbt_version": "1.12.4", "profile_name": "aws_dbt_snowflake_project", "target_name": "dev", "node_id": "snapshot.aws_dbt_snowflake_project.dim_bookings"} */
[0m14:01:40.768791 [debug] [Thread-2 (]: SQL status: SUCCESS 10 in 0.182 seconds
[0m14:01:40.778839 [debug] [Thread-2 (]: Using snowflake connection "snapshot.aws_dbt_snowflake_project.dim_bookings"
[0m14:01:40.778839 [debug] [Thread-2 (]: On snapshot.aws_dbt_snowflake_project.dim_bookings: describe table "AIRBNB"."GOLD"."DIM_BOOKINGS"
/* {"app": "dbt", "dbt_version": "1.12.4", "profile_name": "aws_dbt_snowflake_project", "target_name": "dev", "node_id": "snapshot.aws_dbt_snowflake_project.dim_bookings"} */
[0m14:01:40.973476 [debug] [Thread-2 (]: SQL status: SUCCESS 8 in 0.197 seconds
[0m14:01:40.983504 [debug] [Thread-2 (]: Using snowflake connection "snapshot.aws_dbt_snowflake_project.dim_bookings"
[0m14:01:40.983504 [debug] [Thread-2 (]: On snapshot.aws_dbt_snowflake_project.dim_bookings: describe table "AIRBNB"."GOLD"."DIM_BOOKINGS__dbt_tmp"
/* {"app": "dbt", "dbt_version": "1.12.4", "profile_name": "aws_dbt_snowflake_project", "target_name": "dev", "node_id": "snapshot.aws_dbt_snowflake_project.dim_bookings"} */
[0m14:01:41.178356 [debug] [Thread-2 (]: SQL status: SUCCESS 10 in 0.196 seconds
[0m14:01:41.183355 [debug] [Thread-2 (]: Using snowflake connection "snapshot.aws_dbt_snowflake_project.dim_bookings"
[0m14:01:41.188354 [debug] [Thread-2 (]: On snapshot.aws_dbt_snowflake_project.dim_bookings: describe table "AIRBNB"."GOLD"."DIM_BOOKINGS"
/* {"app": "dbt", "dbt_version": "1.12.4", "profile_name": "aws_dbt_snowflake_project", "target_name": "dev", "node_id": "snapshot.aws_dbt_snowflake_project.dim_bookings"} */
[0m14:01:41.383281 [debug] [Thread-2 (]: SQL status: SUCCESS 8 in 0.199 seconds
[0m14:01:41.408323 [debug] [Thread-2 (]: Using snowflake connection "snapshot.aws_dbt_snowflake_project.dim_bookings"
[0m14:01:41.408323 [debug] [Thread-2 (]: On snapshot.aws_dbt_snowflake_project.dim_bookings: describe table "AIRBNB"."GOLD"."DIM_BOOKINGS__dbt_tmp"
/* {"app": "dbt", "dbt_version": "1.12.4", "profile_name": "aws_dbt_snowflake_project", "target_name": "dev", "node_id": "snapshot.aws_dbt_snowflake_project.dim_bookings"} */
[0m14:01:41.572402 [debug] [Thread-2 (]: SQL status: SUCCESS 10 in 0.164 seconds
[0m14:01:41.617390 [debug] [Thread-2 (]: Using snowflake connection "snapshot.aws_dbt_snowflake_project.dim_bookings"
[0m14:01:41.622388 [debug] [Thread-2 (]: On snapshot.aws_dbt_snowflake_project.dim_bookings: select * from (
        
    
    with snapshot_query as (

        with __dbt__cte__bookings as (


WITH bookings AS 
(
    SELECT 
        BOOKING_ID,
        BOOKING_DATE,
        BOOKING_STATUS,
        CREATED_AT
    FROM 
        AIRBNB.gold.obt
)
SELECT * FROM bookings
) select * from __dbt__cte__bookings

    ),

    snapshotted_data as (

        select *, 
    
        BOOKING_ID as dbt_unique_key
    

        from "AIRBNB"."GOLD"."DIM_BOOKINGS"
        where
            
		
		

		
                ( (dbt_valid_to = to_date('9999-12-31')) or dbt_valid_to is null )
            

    ),

    insertions_source_data as (

        select *, 
    
        BOOKING_ID as dbt_unique_key
    
,
            CREATED_AT as dbt_updated_at,
            CREATED_AT as dbt_valid_from,
            
  
  coalesce(nullif(CREATED_AT, CREATED_AT), to_date('9999-12-31'))
  as dbt_valid_to
,
            md5(coalesce(cast(BOOKING_ID as varchar ), '')
         || '|' || coalesce(cast(CREATED_AT as varchar ), '')
        ) as dbt_scd_id

        from snapshot_query
    ),

    updates_source_data as (

        select *, 
    
        BOOKING_ID as dbt_unique_key
    
,
            CREATED_AT as dbt_updated_at,
            CREATED_AT as dbt_valid_from,
            CREATED_AT as dbt_valid_to

        from snapshot_query
    ),

    insertions as (

        select
            'insert' as dbt_change_type,
            source_data.*

        from insertions_source_data as source_data
        left outer join snapshotted_data
            on 
    
        snapshotted_data.dbt_unique_key = source_data.dbt_unique_key
    

            where 
    
        snapshotted_data.dbt_unique_key is null
    

            or (
    
        snapshotted_data.dbt_unique_key is not null
    
 and (
               (snapshotted_data.dbt_valid_from < source_data.CREATED_AT)
            )

        )

    ),

    updates as (

        select
            'update' as dbt_change_type,
            source_data.*,
            snapshotted_data.dbt_scd_id

        from updates_source_data as source_data
        join snapshotted_data
            on 
    
        snapshotted_data.dbt_unique_key = source_data.dbt_unique_key
    

        where (
            (snapshotted_data.dbt_valid_from < source_data.CREATED_AT)
        )
    )

    select * from insertions
    union all
    select * from updates

    ) as __dbt_sbq
    where false
    limit 0
/* {"app": "dbt", "dbt_version": "1.12.4", "profile_name": "aws_dbt_snowflake_project", "target_name": "dev", "node_id": "snapshot.aws_dbt_snowflake_project.dim_bookings"} */
/* {"app": "dbt", "dbt_version": "1.12.4", "profile_name": "aws_dbt_snowflake_project", "target_name": "dev", "node_id": "snapshot.aws_dbt_snowflake_project.dim_bookings"} */
[0m14:01:42.080813 [debug] [Thread-2 (]: SQL status: SUCCESS 0 in 0.460 seconds
[0m14:01:42.092273 [debug] [Thread-2 (]: Using snowflake connection "snapshot.aws_dbt_snowflake_project.dim_bookings"
[0m14:01:42.092273 [debug] [Thread-2 (]: On snapshot.aws_dbt_snowflake_project.dim_bookings: select * from (
        select to_timestamp_ntz(convert_timezone('UTC', current_timestamp())) as dbt_snapshot_time
    ) as __dbt_sbq
    where false
    limit 0
/* {"app": "dbt", "dbt_version": "1.12.4", "profile_name": "aws_dbt_snowflake_project", "target_name": "dev", "node_id": "snapshot.aws_dbt_snowflake_project.dim_bookings"} */
/* {"app": "dbt", "dbt_version": "1.12.4", "profile_name": "aws_dbt_snowflake_project", "target_name": "dev", "node_id": "snapshot.aws_dbt_snowflake_project.dim_bookings"} */
[0m14:01:42.255053 [debug] [Thread-2 (]: SQL status: SUCCESS 0 in 0.160 seconds
[0m14:01:42.259860 [debug] [Thread-2 (]: Writing runtime sql for node "snapshot.aws_dbt_snowflake_project.dim_bookings"
[0m14:01:42.264862 [debug] [Thread-2 (]: Using snowflake connection "snapshot.aws_dbt_snowflake_project.dim_bookings"
[0m14:01:42.264862 [debug] [Thread-2 (]: On snapshot.aws_dbt_snowflake_project.dim_bookings: BEGIN
/* {"app": "dbt", "dbt_version": "1.12.4", "profile_name": "aws_dbt_snowflake_project", "target_name": "dev", "node_id": "snapshot.aws_dbt_snowflake_project.dim_bookings"} */
[0m14:01:42.436098 [debug] [Thread-2 (]: SQL status: SUCCESS 1 in 0.171 seconds
[0m14:01:42.436098 [debug] [Thread-2 (]: Using snowflake connection "snapshot.aws_dbt_snowflake_project.dim_bookings"
[0m14:01:42.436098 [debug] [Thread-2 (]: On snapshot.aws_dbt_snowflake_project.dim_bookings: merge into "AIRBNB"."GOLD"."DIM_BOOKINGS" as DBT_INTERNAL_DEST
    using "AIRBNB"."GOLD"."DIM_BOOKINGS__dbt_tmp" as DBT_INTERNAL_SOURCE
    on DBT_INTERNAL_SOURCE.dbt_scd_id = DBT_INTERNAL_DEST.dbt_scd_id

    when matched
     
	
	
	and ((DBT_INTERNAL_DEST.dbt_valid_to = to_date('9999-12-31')) or DBT_INTERNAL_DEST.dbt_valid_to is null)

     
     and DBT_INTERNAL_SOURCE.dbt_change_type in ('update', 'delete')
        then update
        set dbt_valid_to = DBT_INTERNAL_SOURCE.dbt_valid_to

    when not matched
     and DBT_INTERNAL_SOURCE.dbt_change_type = 'insert'
        then insert ("BOOKING_ID", "BOOKING_DATE", "BOOKING_STATUS", "CREATED_AT", "DBT_UPDATED_AT", "DBT_VALID_FROM", "DBT_VALID_TO", "DBT_SCD_ID")
        values ("BOOKING_ID", "BOOKING_DATE", "BOOKING_STATUS", "CREATED_AT", "DBT_UPDATED_AT", "DBT_VALID_FROM", "DBT_VALID_TO", "DBT_SCD_ID")


/* {"app": "dbt", "dbt_version": "1.12.4", "profile_name": "aws_dbt_snowflake_project", "target_name": "dev", "node_id": "snapshot.aws_dbt_snowflake_project.dim_bookings"} */;
[0m14:01:42.826955 [debug] [Thread-2 (]: SQL status: SUCCESS 0 in 0.388 seconds
[0m14:01:42.826955 [debug] [Thread-2 (]: Using snowflake connection "snapshot.aws_dbt_snowflake_project.dim_bookings"
[0m14:01:42.831939 [debug] [Thread-2 (]: On snapshot.aws_dbt_snowflake_project.dim_bookings: COMMIT
/* {"app": "dbt", "dbt_version": "1.12.4", "profile_name": "aws_dbt_snowflake_project", "target_name": "dev", "node_id": "snapshot.aws_dbt_snowflake_project.dim_bookings"} */
[0m14:01:43.026733 [debug] [Thread-2 (]: SQL status: SUCCESS 1 in 0.196 seconds
[0m14:01:43.036739 [debug] [Thread-2 (]: Sending event: {'category': 'dbt', 'action': 'run_model', 'label': '7b286dd6-546a-43bb-811c-9027cfd0b436', 'context': [<snowplow_tracker.self_describing_json.SelfDescribingJson object at 0x000001850CD83C20>]}
[0m14:01:43.036739 [info ] [Thread-2 (]: 8 of 10 OK snapshotted gold.dim_bookings ....................................... [[32mSUCCESS 0[0m in 3.95s]
[0m14:01:43.036739 [debug] [Thread-2 (]: Finished running node snapshot.aws_dbt_snowflake_project.dim_bookings
[0m14:01:43.041733 [debug] [Thread-2 (]: Began running node snapshot.aws_dbt_snowflake_project.dim_hosts
[0m14:01:43.041733 [info ] [Thread-2 (]: 9 of 10 START snapshot gold.dim_hosts .......................................... [RUN]
[0m14:01:43.043525 [debug] [Thread-2 (]: Re-using an available connection from the pool (formerly snapshot.aws_dbt_snowflake_project.dim_bookings, now snapshot.aws_dbt_snowflake_project.dim_hosts)
[0m14:01:43.043525 [debug] [Thread-2 (]: Began compiling node snapshot.aws_dbt_snowflake_project.dim_hosts
[0m14:01:43.048603 [debug] [Thread-2 (]: Writing injected SQL for node "snapshot.aws_dbt_snowflake_project.dim_hosts"
[0m14:01:43.048603 [debug] [Thread-2 (]: Began executing node snapshot.aws_dbt_snowflake_project.dim_hosts
[0m14:01:43.078589 [debug] [Thread-2 (]: Using snowflake connection "snapshot.aws_dbt_snowflake_project.dim_hosts"
[0m14:01:43.083581 [debug] [Thread-2 (]: On snapshot.aws_dbt_snowflake_project.dim_hosts: select * from (
        
    

    select *,
        md5(coalesce(cast(HOST_ID as varchar ), '')
         || '|' || coalesce(cast(HOST_CREATED_AT as varchar ), '')
        ) as dbt_scd_id,
        HOST_CREATED_AT as dbt_updated_at,
        HOST_CREATED_AT as dbt_valid_from,
        
  
  coalesce(nullif(HOST_CREATED_AT, HOST_CREATED_AT), to_date('9999-12-31'))
  as dbt_valid_to
from (
        with __dbt__cte__hosts as (


WITH hosts AS 
(
    SELECT 
        HOST_ID,
        HOST_NAME,
        HOST_SINCE,
        IS_SUPERHOST,
        RESPONSE_RATE_QUALITY,
        HOST_CREATED_AT
    FROM 
        AIRBNB.gold.obt
)
SELECT * FROM hosts
) select * from __dbt__cte__hosts
    ) sbq



    ) as __dbt_sbq
    where false
    limit 0
/* {"app": "dbt", "dbt_version": "1.12.4", "profile_name": "aws_dbt_snowflake_project", "target_name": "dev", "node_id": "snapshot.aws_dbt_snowflake_project.dim_hosts"} */
/* {"app": "dbt", "dbt_version": "1.12.4", "profile_name": "aws_dbt_snowflake_project", "target_name": "dev", "node_id": "snapshot.aws_dbt_snowflake_project.dim_hosts"} */
[0m14:01:43.441853 [debug] [Thread-2 (]: Snowflake adapter: Snowflake query id: 01c70fbf-000d-fb5d-0002-18660007e996
[0m14:01:43.441853 [debug] [Thread-2 (]: Snowflake adapter: Snowflake error: 000904 (42000): SQL compilation error: error line 24 at position 8
invalid identifier 'HOST_SINCE'
[0m14:01:43.451866 [debug] [Thread-2 (]: Database Error in snapshot dim_hosts (snapshots\dim_hosts.yml)
  000904 (42000): SQL compilation error: error line 24 at position 8
  invalid identifier 'HOST_SINCE'
[0m14:01:43.451866 [debug] [Thread-2 (]: Sending event: {'category': 'dbt', 'action': 'run_model', 'label': '7b286dd6-546a-43bb-811c-9027cfd0b436', 'context': [<snowplow_tracker.self_describing_json.SelfDescribingJson object at 0x0000018509B48EF0>]}
[0m14:01:43.451866 [error] [Thread-2 (]: 9 of 10 ERROR snapshotting gold.dim_hosts ...................................... [[31mERROR[0m in 0.41s]
[0m14:01:43.456852 [debug] [Thread-2 (]: Finished running node snapshot.aws_dbt_snowflake_project.dim_hosts
[0m14:01:43.456852 [debug] [Thread-2 (]: Began running node snapshot.aws_dbt_snowflake_project.dim_listings
[0m14:01:43.456852 [debug] [Thread-5 (]: Marking all children of 'snapshot.aws_dbt_snowflake_project.dim_hosts' to be skipped because of status 'error'.  Reason: Database Error in snapshot dim_hosts (snapshots\dim_hosts.yml)
  000904 (42000): SQL compilation error: error line 24 at position 8
  invalid identifier 'HOST_SINCE'.
[0m14:01:43.456852 [info ] [Thread-2 (]: 10 of 10 START snapshot gold.dim_listings ...................................... [RUN]
[0m14:01:43.461864 [debug] [Thread-2 (]: Re-using an available connection from the pool (formerly snapshot.aws_dbt_snowflake_project.dim_hosts, now snapshot.aws_dbt_snowflake_project.dim_listings)
[0m14:01:43.461864 [debug] [Thread-2 (]: Began compiling node snapshot.aws_dbt_snowflake_project.dim_listings
[0m14:01:43.466881 [debug] [Thread-2 (]: Writing injected SQL for node "snapshot.aws_dbt_snowflake_project.dim_listings"
[0m14:01:43.471860 [debug] [Thread-2 (]: Began executing node snapshot.aws_dbt_snowflake_project.dim_listings
[0m14:01:43.481843 [debug] [Thread-2 (]: Using snowflake connection "snapshot.aws_dbt_snowflake_project.dim_listings"
[0m14:01:43.483442 [debug] [Thread-2 (]: On snapshot.aws_dbt_snowflake_project.dim_listings: select * from (
        
    

    select *,
        md5(coalesce(cast(LISTING_ID as varchar ), '')
         || '|' || coalesce(cast(LISTING_CREATED_AT as varchar ), '')
        ) as dbt_scd_id,
        LISTING_CREATED_AT as dbt_updated_at,
        LISTING_CREATED_AT as dbt_valid_from,
        
  
  coalesce(nullif(LISTING_CREATED_AT, LISTING_CREATED_AT), to_date('9999-12-31'))
  as dbt_valid_to
from (
        with __dbt__cte__listings as (


WITH listings AS 
(
    SELECT 
        LISTING_ID,
        PROPERTY_TYPE,
        ROOM_TYPE,
        CITY,
        COUNTRY,
        PRICE_TAG,
        LISTING_CREATED_AT
    FROM 
        AIRBNB.gold.obt
)
SELECT * FROM listings
) select * from __dbt__cte__listings
    ) sbq



    ) as __dbt_sbq
    where false
    limit 0
/* {"app": "dbt", "dbt_version": "1.12.4", "profile_name": "aws_dbt_snowflake_project", "target_name": "dev", "node_id": "snapshot.aws_dbt_snowflake_project.dim_listings"} */
/* {"app": "dbt", "dbt_version": "1.12.4", "profile_name": "aws_dbt_snowflake_project", "target_name": "dev", "node_id": "snapshot.aws_dbt_snowflake_project.dim_listings"} */
[0m14:01:43.689465 [debug] [Thread-2 (]: SQL status: SUCCESS 0 in 0.205 seconds
[0m14:01:43.689465 [debug] [Thread-2 (]: Using snowflake connection "snapshot.aws_dbt_snowflake_project.dim_listings"
[0m14:01:43.689465 [debug] [Thread-2 (]: On snapshot.aws_dbt_snowflake_project.dim_listings: select * from (
        select to_timestamp_ntz(convert_timezone('UTC', current_timestamp())) as dbt_snapshot_time
    ) as __dbt_sbq
    where false
    limit 0
/* {"app": "dbt", "dbt_version": "1.12.4", "profile_name": "aws_dbt_snowflake_project", "target_name": "dev", "node_id": "snapshot.aws_dbt_snowflake_project.dim_listings"} */
/* {"app": "dbt", "dbt_version": "1.12.4", "profile_name": "aws_dbt_snowflake_project", "target_name": "dev", "node_id": "snapshot.aws_dbt_snowflake_project.dim_listings"} */
[0m14:01:43.886108 [debug] [Thread-2 (]: SQL status: SUCCESS 0 in 0.195 seconds
[0m14:01:43.890315 [debug] [Thread-2 (]: Writing runtime sql for node "snapshot.aws_dbt_snowflake_project.dim_listings"
[0m14:01:43.895356 [debug] [Thread-2 (]: Using snowflake connection "snapshot.aws_dbt_snowflake_project.dim_listings"
[0m14:01:43.895356 [debug] [Thread-2 (]: On snapshot.aws_dbt_snowflake_project.dim_listings: create or replace transient table AIRBNB.gold.dim_listings
    
    
    
    
    

    as (
    

    select *,
        md5(coalesce(cast(LISTING_ID as varchar ), '')
         || '|' || coalesce(cast(LISTING_CREATED_AT as varchar ), '')
        ) as dbt_scd_id,
        LISTING_CREATED_AT as dbt_updated_at,
        LISTING_CREATED_AT as dbt_valid_from,
        
  
  coalesce(nullif(LISTING_CREATED_AT, LISTING_CREATED_AT), to_date('9999-12-31'))
  as dbt_valid_to
from (
        with __dbt__cte__listings as (


WITH listings AS 
(
    SELECT 
        LISTING_ID,
        PROPERTY_TYPE,
        ROOM_TYPE,
        CITY,
        COUNTRY,
        PRICE_TAG,
        LISTING_CREATED_AT
    FROM 
        AIRBNB.gold.obt
)
SELECT * FROM listings
) select * from __dbt__cte__listings
    ) sbq



    )

/* {"app": "dbt", "dbt_version": "1.12.4", "profile_name": "aws_dbt_snowflake_project", "target_name": "dev", "node_id": "snapshot.aws_dbt_snowflake_project.dim_listings"} */;
[0m14:01:45.378090 [debug] [Thread-2 (]: SQL status: SUCCESS 375000 in 1.482 seconds
[0m14:01:45.393377 [debug] [Thread-2 (]: Sending event: {'category': 'dbt', 'action': 'run_model', 'label': '7b286dd6-546a-43bb-811c-9027cfd0b436', 'context': [<snowplow_tracker.self_describing_json.SelfDescribingJson object at 0x000001850CDA9010>]}
[0m14:01:45.393377 [info ] [Thread-2 (]: 10 of 10 OK snapshotted gold.dim_listings ...................................... [[32mSUCCESS 375000[0m in 1.93s]
[0m14:01:45.398129 [debug] [Thread-2 (]: Finished running node snapshot.aws_dbt_snowflake_project.dim_listings
[0m14:01:45.398129 [debug] [MainThread]: Connection 'master' was properly closed.
[0m14:01:45.398129 [debug] [MainThread]: Connection 'list_AIRBNB' was left open.
[0m14:01:45.403136 [debug] [MainThread]: On list_AIRBNB: Close
[0m14:01:45.893985 [debug] [MainThread]: Connection 'list_AIRBNB_bronze' was left open.
[0m14:01:45.893985 [debug] [MainThread]: On list_AIRBNB_bronze: Close
[0m14:01:46.465072 [debug] [MainThread]: Connection 'snapshot.aws_dbt_snowflake_project.dim_listings' was left open.
[0m14:01:46.465072 [debug] [MainThread]: On snapshot.aws_dbt_snowflake_project.dim_listings: Close
[0m14:01:46.785229 [info ] [MainThread]: 
[0m14:01:46.790290 [info ] [MainThread]: Finished running 6 incremental models, 3 snapshots, 1 table model in 0 hours 0 minutes and 29.15 seconds (29.15s).
[0m14:01:46.795272 [debug] [MainThread]: Command end result
[0m14:01:46.898918 [debug] [MainThread]: Wrote artifact WritableManifest to C:\Users\Zaheer Alam\Desktop\all files\AWS_DBT_Snowflake\aws_dbt_snowflake_project\target\manifest.json
[0m14:01:46.908915 [debug] [MainThread]: Wrote artifact SemanticManifest to C:\Users\Zaheer Alam\Desktop\all files\AWS_DBT_Snowflake\aws_dbt_snowflake_project\target\semantic_manifest.json
[0m14:01:46.913925 [debug] [MainThread]: Wrote artifact OsiDocument to C:\Users\Zaheer Alam\Desktop\all files\AWS_DBT_Snowflake\aws_dbt_snowflake_project\target\osi_document.json
[0m14:01:46.933929 [debug] [MainThread]: Wrote artifact RunExecutionResult to C:\Users\Zaheer Alam\Desktop\all files\AWS_DBT_Snowflake\aws_dbt_snowflake_project\target\run_results.json
[0m14:01:46.933929 [info ] [MainThread]: 
[0m14:01:46.933929 [info ] [MainThread]: [31mCompleted with 1 error, 0 partial successes, and 0 warnings:[0m
[0m14:01:46.938913 [info ] [MainThread]: 
[0m14:01:46.938913 [error] [MainThread]: [[31mERROR[0m]: in snapshot dim_hosts (snapshots\dim_hosts.yml)
[0m14:01:46.938913 [error] [MainThread]:   Database Error in snapshot dim_hosts (snapshots\dim_hosts.yml)
  000904 (42000): SQL compilation error: error line 24 at position 8
  invalid identifier 'HOST_SINCE'
[0m14:01:46.943910 [info ] [MainThread]: 
[0m14:01:46.943910 [info ] [MainThread]:   compiled code at target\compiled\aws_dbt_snowflake_project\snapshots\dim_hosts.yml\dim_hosts.sql
[0m14:01:46.943910 [info ] [MainThread]: 
[0m14:01:46.948917 [info ] [MainThread]: Done. PASS=9 WARN=0 ERROR=1 SKIP=0 NO-OP=0 REUSED=0 TOTAL=10
[0m14:01:46.953912 [debug] [MainThread]: Command `dbt build` failed at 14:01:46.948917 after 32.87 seconds
[0m14:01:46.956244 [debug] [MainThread]: Sending event: {'category': 'dbt', 'action': 'invocation', 'label': 'end', 'context': [<snowplow_tracker.self_describing_json.SelfDescribingJson object at 0x000001850674DFD0>, <snowplow_tracker.self_describing_json.SelfDescribingJson object at 0x000001850D25C440>, <snowplow_tracker.self_describing_json.SelfDescribingJson object at 0x00000185070805F0>]}
[0m14:01:46.957309 [debug] [MainThread]: Flushing usage events
[0m14:01:49.271257 [debug] [MainThread]: An error was encountered while trying to flush usage events
[0m15:19:29.328477 [debug] [MainThread]: Sending event: {'category': 'dbt', 'action': 'invocation', 'label': 'start', 'context': [<snowplow_tracker.self_describing_json.SelfDescribingJson object at 0x0000016B79A73590>, <snowplow_tracker.self_describing_json.SelfDescribingJson object at 0x0000016B77B64C80>, <snowplow_tracker.self_describing_json.SelfDescribingJson object at 0x0000016B797B2B70>]}


============================== 15:19:29.338435 | c0642f83-002f-455b-bab5-3bbfcefdb560 ==============================
[0m15:19:29.338435 [info ] [MainThread]: Running with dbt=1.12.4
[0m15:19:29.339437 [debug] [MainThread]: running dbt with arguments {'version_check': 'True', 'no_print': 'None', 'static_parser': 'True', 'warn_error_options': 'WarnErrorOptionsV2(error=[], warn=[], silence=[])', 'maximum_seed_size_mib': '1', 'target_path': 'None', 'printer_width': '80', 'write_json': 'True', 'empty': 'False', 'log_cache_events': 'False', 'introspect': 'True', 'cache_selected_only': 'False', 'log_format': 'default', 'debug': 'False', 'fail_fast': 'False', 'profiles_dir': 'C:\\Users\\Zaheer Alam\\.dbt', 'send_anonymous_usage_stats': 'True', 'quiet': 'False', 'warn_error': 'None', 'partial_parse': 'True', 'use_colors': 'True', 'hints_enabled': 'True', 'invocation_command': 'dbt build', 'use_experimental_parser': 'False', 'indirect_selection': 'eager', 'log_path': 'C:\\Users\\Zaheer Alam\\Desktop\\all files\\AWS_DBT_Snowflake\\aws_dbt_snowflake_project\\logs'}
[0m15:19:30.778847 [debug] [MainThread]: Snowflake adapter: Setting snowflake.connector to ERROR (file logging only)
[0m15:19:30.778847 [debug] [MainThread]: Snowflake adapter: Setting botocore to ERROR (file logging only)
[0m15:19:30.783849 [debug] [MainThread]: Snowflake adapter: Setting boto3 to ERROR (file logging only)
[0m15:19:33.320605 [debug] [MainThread]: Sending event: {'category': 'dbt', 'action': 'project_id', 'label': 'c0642f83-002f-455b-bab5-3bbfcefdb560', 'context': [<snowplow_tracker.self_describing_json.SelfDescribingJson object at 0x0000016B7CE071D0>]}
[0m15:19:33.385616 [debug] [MainThread]: Sending event: {'category': 'dbt', 'action': 'adapter_info', 'label': 'c0642f83-002f-455b-bab5-3bbfcefdb560', 'context': [<snowplow_tracker.self_describing_json.SelfDescribingJson object at 0x0000016B7976BD70>]}
[0m15:19:33.385616 [info ] [MainThread]: Registered adapter: snowflake=1.12.0
[0m15:19:33.840021 [debug] [MainThread]: checksum: 5898aabf08c9bfee8ee956a138979f76ca666292702eae8cc33b5009f8451796, vars: {}, profile: aws_dbt_snowflake_project, target: dev, version: 1.12.4
[0m15:19:34.020027 [debug] [MainThread]: Partial parsing enabled: 0 files deleted, 0 files added, 0 files changed.
[0m15:19:34.020027 [debug] [MainThread]: Nothing changed, skipping partial parsing.
[0m15:19:34.020027 [debug] [MainThread]: Partial parsing enabled, no changes found, skipping parsing
[0m15:19:34.030057 [debug] [MainThread]: Sending event: {'category': 'dbt', 'action': 'load_project', 'label': 'c0642f83-002f-455b-bab5-3bbfcefdb560', 'context': [<snowplow_tracker.self_describing_json.SelfDescribingJson object at 0x0000016B7CEBC890>]}
[0m15:19:34.199574 [debug] [MainThread]: Wrote artifact WritableManifest to C:\Users\Zaheer Alam\Desktop\all files\AWS_DBT_Snowflake\aws_dbt_snowflake_project\target\manifest.json
[0m15:19:34.234401 [debug] [MainThread]: Wrote artifact SemanticManifest to C:\Users\Zaheer Alam\Desktop\all files\AWS_DBT_Snowflake\aws_dbt_snowflake_project\target\semantic_manifest.json
[0m15:19:34.298359 [debug] [MainThread]: Wrote artifact OsiDocument to C:\Users\Zaheer Alam\Desktop\all files\AWS_DBT_Snowflake\aws_dbt_snowflake_project\target\osi_document.json
[0m15:19:34.348805 [debug] [MainThread]: Sending event: {'category': 'dbt', 'action': 'resource_counts', 'label': 'c0642f83-002f-455b-bab5-3bbfcefdb560', 'context': [<snowplow_tracker.self_describing_json.SelfDescribingJson object at 0x0000016B7E4562D0>]}
[0m15:19:34.349813 [info ] [MainThread]: Found 10 models, 2 analyses, 3 snapshots, 3 sources, 549 macros
[0m15:19:34.352975 [info ] [MainThread]: 
[0m15:19:34.353643 [info ] [MainThread]: Concurrency: 1 threads (target='dev')
[0m15:19:34.353643 [info ] [MainThread]: 
[0m15:19:34.354687 [debug] [MainThread]: Acquiring new snowflake connection 'master'
[0m15:19:34.359740 [debug] [ThreadPool]: Acquiring new snowflake connection 'list_AIRBNB'
[0m15:19:34.380029 [debug] [ThreadPool]: Using snowflake connection "list_AIRBNB"
[0m15:19:34.380029 [debug] [ThreadPool]: On list_AIRBNB: show terse schemas in database AIRBNB
    limit 10000
/* {"app": "dbt", "dbt_version": "1.12.4", "profile_name": "aws_dbt_snowflake_project", "target_name": "dev", "connection_name": "list_AIRBNB"} */
[0m15:19:34.381025 [debug] [ThreadPool]: Opening a new connection, currently in state init
[0m15:19:36.026606 [debug] [ThreadPool]: SQL status: SUCCESS 7 in 1.646 seconds
[0m15:19:36.030342 [debug] [ThreadPool]: Using snowflake connection "list_AIRBNB"
[0m15:19:36.031335 [debug] [ThreadPool]: On list_AIRBNB: show terse schemas in database AIRBNB
    limit 10000
/* {"app": "dbt", "dbt_version": "1.12.4", "profile_name": "aws_dbt_snowflake_project", "target_name": "dev", "connection_name": "list_AIRBNB"} */
[0m15:19:36.224595 [debug] [ThreadPool]: SQL status: SUCCESS 7 in 0.195 seconds
[0m15:19:36.229662 [debug] [ThreadPool]: Using snowflake connection "list_AIRBNB"
[0m15:19:36.229662 [debug] [ThreadPool]: On list_AIRBNB: show terse schemas in database AIRBNB
    limit 10000
/* {"app": "dbt", "dbt_version": "1.12.4", "profile_name": "aws_dbt_snowflake_project", "target_name": "dev", "connection_name": "list_AIRBNB"} */
[0m15:19:36.452355 [debug] [ThreadPool]: SQL status: SUCCESS 7 in 0.222 seconds
[0m15:19:36.457414 [debug] [ThreadPool]: Acquiring new snowflake connection 'list_AIRBNB_silver'
[0m15:19:36.472391 [debug] [ThreadPool]: Using snowflake connection "list_AIRBNB_silver"
[0m15:19:36.472391 [debug] [ThreadPool]: On list_AIRBNB_silver: show objects in AIRBNB.silver
    limit 10000
    

/* {"app": "dbt", "dbt_version": "1.12.4", "profile_name": "aws_dbt_snowflake_project", "target_name": "dev", "connection_name": "list_AIRBNB_silver"} */;
[0m15:19:36.472391 [debug] [ThreadPool]: Opening a new connection, currently in state init
[0m15:19:37.748874 [debug] [ThreadPool]: SQL status: SUCCESS 3 in 1.274 seconds
[0m15:19:37.755865 [debug] [ThreadPool]: Using snowflake connection "list_AIRBNB_silver"
[0m15:19:37.755865 [debug] [ThreadPool]: On list_AIRBNB_silver: show user functions in AIRBNB.silver
/* {"app": "dbt", "dbt_version": "1.12.4", "profile_name": "aws_dbt_snowflake_project", "target_name": "dev", "connection_name": "list_AIRBNB_silver"} */
[0m15:19:37.917866 [debug] [ThreadPool]: SQL status: SUCCESS 0 in 0.161 seconds
[0m15:19:37.918866 [debug] [ThreadPool]: Re-using an available connection from the pool (formerly list_AIRBNB_silver, now list_AIRBNB_bronze)
[0m15:19:37.921884 [debug] [ThreadPool]: Using snowflake connection "list_AIRBNB_bronze"
[0m15:19:37.921884 [debug] [ThreadPool]: On list_AIRBNB_bronze: show objects in AIRBNB.bronze
    limit 10000
    

/* {"app": "dbt", "dbt_version": "1.12.4", "profile_name": "aws_dbt_snowflake_project", "target_name": "dev", "connection_name": "list_AIRBNB_bronze"} */;
[0m15:19:38.112948 [debug] [ThreadPool]: SQL status: SUCCESS 3 in 0.190 seconds
[0m15:19:38.116948 [debug] [ThreadPool]: Using snowflake connection "list_AIRBNB_bronze"
[0m15:19:38.116948 [debug] [ThreadPool]: On list_AIRBNB_bronze: show user functions in AIRBNB.bronze
/* {"app": "dbt", "dbt_version": "1.12.4", "profile_name": "aws_dbt_snowflake_project", "target_name": "dev", "connection_name": "list_AIRBNB_bronze"} */
[0m15:19:38.283855 [debug] [ThreadPool]: SQL status: SUCCESS 0 in 0.167 seconds
[0m15:19:38.283855 [debug] [ThreadPool]: Re-using an available connection from the pool (formerly list_AIRBNB_bronze, now list_AIRBNB_gold)
[0m15:19:38.288853 [debug] [ThreadPool]: Using snowflake connection "list_AIRBNB_gold"
[0m15:19:38.288853 [debug] [ThreadPool]: On list_AIRBNB_gold: show objects in AIRBNB.gold
    limit 10000
    

/* {"app": "dbt", "dbt_version": "1.12.4", "profile_name": "aws_dbt_snowflake_project", "target_name": "dev", "connection_name": "list_AIRBNB_gold"} */;
[0m15:19:38.620842 [debug] [ThreadPool]: SQL status: SUCCESS 3 in 0.332 seconds
[0m15:19:38.625910 [debug] [ThreadPool]: Using snowflake connection "list_AIRBNB_gold"
[0m15:19:38.625910 [debug] [ThreadPool]: On list_AIRBNB_gold: show user functions in AIRBNB.gold
/* {"app": "dbt", "dbt_version": "1.12.4", "profile_name": "aws_dbt_snowflake_project", "target_name": "dev", "connection_name": "list_AIRBNB_gold"} */
[0m15:19:39.069093 [debug] [ThreadPool]: SQL status: SUCCESS 0 in 0.442 seconds
[0m15:19:39.073093 [debug] [MainThread]: Sending event: {'category': 'dbt', 'action': 'runnable_timing', 'label': 'c0642f83-002f-455b-bab5-3bbfcefdb560', 'context': [<snowplow_tracker.self_describing_json.SelfDescribingJson object at 0x0000016B7E5CA210>]}
[0m15:19:39.092805 [debug] [Thread-2 (]: Began running node model.aws_dbt_snowflake_project.bronze_bookings
[0m15:19:39.092805 [info ] [Thread-2 (]: 1 of 10 START sql incremental model bronze.bronze_bookings ..................... [RUN]
[0m15:19:39.097811 [debug] [Thread-2 (]: Acquiring new snowflake connection 'model.aws_dbt_snowflake_project.bronze_bookings'
[0m15:19:39.097811 [debug] [Thread-2 (]: Began compiling node model.aws_dbt_snowflake_project.bronze_bookings
[0m15:19:39.113938 [debug] [Thread-2 (]: Writing injected SQL for node "model.aws_dbt_snowflake_project.bronze_bookings"
[0m15:19:39.115992 [debug] [Thread-2 (]: Began executing node model.aws_dbt_snowflake_project.bronze_bookings
[0m15:19:39.172933 [debug] [Thread-2 (]: Using snowflake connection "model.aws_dbt_snowflake_project.bronze_bookings"
[0m15:19:39.172933 [debug] [Thread-2 (]: On model.aws_dbt_snowflake_project.bronze_bookings: create or replace  temporary view AIRBNB.bronze.bronze_bookings__dbt_tmp
  
  
  
  
  as (
    



SELECT *
FROM AIRBNB.staging.bookings



WHERE CREATED_AT > (
    SELECT COALESCE(
        MAX(CREATED_AT),
        '1900-01-01'::date
    )
    FROM AIRBNB.bronze.bronze_bookings
)


  )
/* {"app": "dbt", "dbt_version": "1.12.4", "profile_name": "aws_dbt_snowflake_project", "target_name": "dev", "node_id": "model.aws_dbt_snowflake_project.bronze_bookings"} */;
[0m15:19:39.172933 [debug] [Thread-2 (]: Opening a new connection, currently in state init
[0m15:19:40.170323 [debug] [Thread-2 (]: SQL status: SUCCESS 1 in 0.994 seconds
[0m15:19:40.178159 [debug] [Thread-2 (]: Using snowflake connection "model.aws_dbt_snowflake_project.bronze_bookings"
[0m15:19:40.178159 [debug] [Thread-2 (]: On model.aws_dbt_snowflake_project.bronze_bookings: describe table AIRBNB.bronze.bronze_bookings__dbt_tmp
/* {"app": "dbt", "dbt_version": "1.12.4", "profile_name": "aws_dbt_snowflake_project", "target_name": "dev", "node_id": "model.aws_dbt_snowflake_project.bronze_bookings"} */
[0m15:19:40.370198 [debug] [Thread-2 (]: SQL status: SUCCESS 9 in 0.190 seconds
[0m15:19:40.376804 [debug] [Thread-2 (]: Using snowflake connection "model.aws_dbt_snowflake_project.bronze_bookings"
[0m15:19:40.377801 [debug] [Thread-2 (]: On model.aws_dbt_snowflake_project.bronze_bookings: describe table AIRBNB.bronze.bronze_bookings
/* {"app": "dbt", "dbt_version": "1.12.4", "profile_name": "aws_dbt_snowflake_project", "target_name": "dev", "node_id": "model.aws_dbt_snowflake_project.bronze_bookings"} */
[0m15:19:40.547933 [debug] [Thread-2 (]: SQL status: SUCCESS 9 in 0.170 seconds
[0m15:19:40.560632 [debug] [Thread-2 (]: Using snowflake connection "model.aws_dbt_snowflake_project.bronze_bookings"
[0m15:19:40.560632 [debug] [Thread-2 (]: On model.aws_dbt_snowflake_project.bronze_bookings: describe table "AIRBNB"."BRONZE"."BRONZE_BOOKINGS"
/* {"app": "dbt", "dbt_version": "1.12.4", "profile_name": "aws_dbt_snowflake_project", "target_name": "dev", "node_id": "model.aws_dbt_snowflake_project.bronze_bookings"} */
[0m15:19:40.716680 [debug] [Thread-2 (]: SQL status: SUCCESS 9 in 0.156 seconds
[0m15:19:40.741985 [debug] [Thread-2 (]: Writing runtime sql for node "model.aws_dbt_snowflake_project.bronze_bookings"
[0m15:19:40.744378 [debug] [Thread-2 (]: Using snowflake connection "model.aws_dbt_snowflake_project.bronze_bookings"
[0m15:19:40.744378 [debug] [Thread-2 (]: On model.aws_dbt_snowflake_project.bronze_bookings: -- back compat for old kwarg name
  
  begin
/* {"app": "dbt", "dbt_version": "1.12.4", "profile_name": "aws_dbt_snowflake_project", "target_name": "dev", "node_id": "model.aws_dbt_snowflake_project.bronze_bookings"} */;
[0m15:19:40.946097 [debug] [Thread-2 (]: SQL status: SUCCESS 1 in 0.203 seconds
[0m15:19:40.946097 [debug] [Thread-2 (]: Using snowflake connection "model.aws_dbt_snowflake_project.bronze_bookings"
[0m15:19:40.946097 [debug] [Thread-2 (]: On model.aws_dbt_snowflake_project.bronze_bookings: insert into AIRBNB.bronze.bronze_bookings ("BOOKING_ID", "LISTING_ID", "BOOKING_DATE", "NIGHTS_BOOKED", "BOOKING_AMOUNT", "CLEANING_FEE", "SERVICE_FEE", "BOOKING_STATUS", "CREATED_AT")
        (
            select "BOOKING_ID", "LISTING_ID", "BOOKING_DATE", "NIGHTS_BOOKED", "BOOKING_AMOUNT", "CLEANING_FEE", "SERVICE_FEE", "BOOKING_STATUS", "CREATED_AT"
            from AIRBNB.bronze.bronze_bookings__dbt_tmp
        )
/* {"app": "dbt", "dbt_version": "1.12.4", "profile_name": "aws_dbt_snowflake_project", "target_name": "dev", "node_id": "model.aws_dbt_snowflake_project.bronze_bookings"} */;
[0m15:19:41.937452 [debug] [Thread-2 (]: SQL status: SUCCESS 0 in 0.987 seconds
[0m15:19:41.938446 [debug] [Thread-2 (]: Using snowflake connection "model.aws_dbt_snowflake_project.bronze_bookings"
[0m15:19:41.938446 [debug] [Thread-2 (]: On model.aws_dbt_snowflake_project.bronze_bookings: COMMIT
/* {"app": "dbt", "dbt_version": "1.12.4", "profile_name": "aws_dbt_snowflake_project", "target_name": "dev", "node_id": "model.aws_dbt_snowflake_project.bronze_bookings"} */
[0m15:19:42.189094 [debug] [Thread-2 (]: SQL status: SUCCESS 1 in 0.249 seconds
[0m15:19:42.195094 [debug] [Thread-2 (]: Applying DROP to: AIRBNB.bronze.bronze_bookings__dbt_tmp
[0m15:19:42.205071 [debug] [Thread-2 (]: Using snowflake connection "model.aws_dbt_snowflake_project.bronze_bookings"
[0m15:19:42.205071 [debug] [Thread-2 (]: On model.aws_dbt_snowflake_project.bronze_bookings: drop view if exists AIRBNB.bronze.bronze_bookings__dbt_tmp cascade
/* {"app": "dbt", "dbt_version": "1.12.4", "profile_name": "aws_dbt_snowflake_project", "target_name": "dev", "node_id": "model.aws_dbt_snowflake_project.bronze_bookings"} */
[0m15:19:42.527459 [debug] [Thread-2 (]: SQL status: SUCCESS 1 in 0.321 seconds
[0m15:19:42.568212 [debug] [Thread-2 (]: Sending event: {'category': 'dbt', 'action': 'run_model', 'label': 'c0642f83-002f-455b-bab5-3bbfcefdb560', 'context': [<snowplow_tracker.self_describing_json.SelfDescribingJson object at 0x0000016B7930E3F0>]}
[0m15:19:42.568212 [info ] [Thread-2 (]: 1 of 10 OK created sql incremental model bronze.bronze_bookings ................ [[32mSUCCESS 0[0m in 3.45s]
[0m15:19:42.570238 [debug] [Thread-2 (]: Finished running node model.aws_dbt_snowflake_project.bronze_bookings
[0m15:19:42.570238 [debug] [Thread-2 (]: Began running node model.aws_dbt_snowflake_project.bronze_hosts
[0m15:19:42.571236 [info ] [Thread-2 (]: 2 of 10 START sql incremental model bronze.bronze_hosts ........................ [RUN]
[0m15:19:42.572235 [debug] [Thread-2 (]: Re-using an available connection from the pool (formerly model.aws_dbt_snowflake_project.bronze_bookings, now model.aws_dbt_snowflake_project.bronze_hosts)
[0m15:19:42.572833 [debug] [Thread-2 (]: Began compiling node model.aws_dbt_snowflake_project.bronze_hosts
[0m15:19:42.576082 [debug] [Thread-2 (]: Writing injected SQL for node "model.aws_dbt_snowflake_project.bronze_hosts"
[0m15:19:42.577371 [debug] [Thread-2 (]: Began executing node model.aws_dbt_snowflake_project.bronze_hosts
[0m15:19:42.581385 [debug] [Thread-2 (]: Using snowflake connection "model.aws_dbt_snowflake_project.bronze_hosts"
[0m15:19:42.581385 [debug] [Thread-2 (]: On model.aws_dbt_snowflake_project.bronze_hosts: create or replace  temporary view AIRBNB.bronze.bronze_hosts__dbt_tmp
  
  
  
  
  as (
    



SELECT *
FROM AIRBNB.staging.hosts



WHERE CREATED_AT > (
    SELECT COALESCE(
        MAX(CREATED_AT),
        '1900-01-01'::date
    )
    FROM AIRBNB.bronze.bronze_hosts
)


  )
/* {"app": "dbt", "dbt_version": "1.12.4", "profile_name": "aws_dbt_snowflake_project", "target_name": "dev", "node_id": "model.aws_dbt_snowflake_project.bronze_hosts"} */;
[0m15:19:42.992554 [debug] [Thread-2 (]: SQL status: SUCCESS 1 in 0.414 seconds
[0m15:19:42.997552 [debug] [Thread-2 (]: Using snowflake connection "model.aws_dbt_snowflake_project.bronze_hosts"
[0m15:19:42.997552 [debug] [Thread-2 (]: On model.aws_dbt_snowflake_project.bronze_hosts: describe table AIRBNB.bronze.bronze_hosts__dbt_tmp
/* {"app": "dbt", "dbt_version": "1.12.4", "profile_name": "aws_dbt_snowflake_project", "target_name": "dev", "node_id": "model.aws_dbt_snowflake_project.bronze_hosts"} */
[0m15:19:43.177463 [debug] [Thread-2 (]: SQL status: SUCCESS 6 in 0.181 seconds
[0m15:19:43.182457 [debug] [Thread-2 (]: Using snowflake connection "model.aws_dbt_snowflake_project.bronze_hosts"
[0m15:19:43.182457 [debug] [Thread-2 (]: On model.aws_dbt_snowflake_project.bronze_hosts: describe table AIRBNB.bronze.bronze_hosts
/* {"app": "dbt", "dbt_version": "1.12.4", "profile_name": "aws_dbt_snowflake_project", "target_name": "dev", "node_id": "model.aws_dbt_snowflake_project.bronze_hosts"} */
[0m15:19:43.346736 [debug] [Thread-2 (]: SQL status: SUCCESS 6 in 0.162 seconds
[0m15:19:43.351794 [debug] [Thread-2 (]: Using snowflake connection "model.aws_dbt_snowflake_project.bronze_hosts"
[0m15:19:43.351794 [debug] [Thread-2 (]: On model.aws_dbt_snowflake_project.bronze_hosts: describe table "AIRBNB"."BRONZE"."BRONZE_HOSTS"
/* {"app": "dbt", "dbt_version": "1.12.4", "profile_name": "aws_dbt_snowflake_project", "target_name": "dev", "node_id": "model.aws_dbt_snowflake_project.bronze_hosts"} */
[0m15:19:43.576966 [debug] [Thread-2 (]: SQL status: SUCCESS 6 in 0.226 seconds
[0m15:19:43.582017 [debug] [Thread-2 (]: Writing runtime sql for node "model.aws_dbt_snowflake_project.bronze_hosts"
[0m15:19:43.597171 [debug] [Thread-2 (]: Using snowflake connection "model.aws_dbt_snowflake_project.bronze_hosts"
[0m15:19:43.598170 [debug] [Thread-2 (]: On model.aws_dbt_snowflake_project.bronze_hosts: -- back compat for old kwarg name
  
  begin
/* {"app": "dbt", "dbt_version": "1.12.4", "profile_name": "aws_dbt_snowflake_project", "target_name": "dev", "node_id": "model.aws_dbt_snowflake_project.bronze_hosts"} */;
[0m15:19:43.784790 [debug] [Thread-2 (]: SQL status: SUCCESS 1 in 0.186 seconds
[0m15:19:43.784790 [debug] [Thread-2 (]: Using snowflake connection "model.aws_dbt_snowflake_project.bronze_hosts"
[0m15:19:43.784790 [debug] [Thread-2 (]: On model.aws_dbt_snowflake_project.bronze_hosts: insert into AIRBNB.bronze.bronze_hosts ("HOST_ID", "HOST_NAME", "HOST_SINCE", "IS_SUPERHOST", "RESPONSE_RATE", "CREATED_AT")
        (
            select "HOST_ID", "HOST_NAME", "HOST_SINCE", "IS_SUPERHOST", "RESPONSE_RATE", "CREATED_AT"
            from AIRBNB.bronze.bronze_hosts__dbt_tmp
        )
/* {"app": "dbt", "dbt_version": "1.12.4", "profile_name": "aws_dbt_snowflake_project", "target_name": "dev", "node_id": "model.aws_dbt_snowflake_project.bronze_hosts"} */;
[0m15:19:44.162311 [debug] [Thread-2 (]: SQL status: SUCCESS 0 in 0.378 seconds
[0m15:19:44.162311 [debug] [Thread-2 (]: Using snowflake connection "model.aws_dbt_snowflake_project.bronze_hosts"
[0m15:19:44.162311 [debug] [Thread-2 (]: On model.aws_dbt_snowflake_project.bronze_hosts: COMMIT
/* {"app": "dbt", "dbt_version": "1.12.4", "profile_name": "aws_dbt_snowflake_project", "target_name": "dev", "node_id": "model.aws_dbt_snowflake_project.bronze_hosts"} */
[0m15:19:44.371328 [debug] [Thread-2 (]: SQL status: SUCCESS 1 in 0.205 seconds
[0m15:19:44.374347 [debug] [Thread-2 (]: Applying DROP to: AIRBNB.bronze.bronze_hosts__dbt_tmp
[0m15:19:44.375349 [debug] [Thread-2 (]: Using snowflake connection "model.aws_dbt_snowflake_project.bronze_hosts"
[0m15:19:44.375349 [debug] [Thread-2 (]: On model.aws_dbt_snowflake_project.bronze_hosts: drop view if exists AIRBNB.bronze.bronze_hosts__dbt_tmp cascade
/* {"app": "dbt", "dbt_version": "1.12.4", "profile_name": "aws_dbt_snowflake_project", "target_name": "dev", "node_id": "model.aws_dbt_snowflake_project.bronze_hosts"} */
[0m15:19:44.575621 [debug] [Thread-2 (]: SQL status: SUCCESS 1 in 0.202 seconds
[0m15:19:44.580672 [debug] [Thread-2 (]: Sending event: {'category': 'dbt', 'action': 'run_model', 'label': 'c0642f83-002f-455b-bab5-3bbfcefdb560', 'context': [<snowplow_tracker.self_describing_json.SelfDescribingJson object at 0x0000016B7E56E750>]}
[0m15:19:44.580672 [info ] [Thread-2 (]: 2 of 10 OK created sql incremental model bronze.bronze_hosts ................... [[32mSUCCESS 0[0m in 2.01s]
[0m15:19:44.580672 [debug] [Thread-2 (]: Finished running node model.aws_dbt_snowflake_project.bronze_hosts
[0m15:19:44.580672 [debug] [Thread-2 (]: Began running node model.aws_dbt_snowflake_project.bronze_listings
[0m15:19:44.585201 [info ] [Thread-2 (]: 3 of 10 START sql incremental model bronze.bronze_listings ..................... [RUN]
[0m15:19:44.586179 [debug] [Thread-2 (]: Re-using an available connection from the pool (formerly model.aws_dbt_snowflake_project.bronze_hosts, now model.aws_dbt_snowflake_project.bronze_listings)
[0m15:19:44.586179 [debug] [Thread-2 (]: Began compiling node model.aws_dbt_snowflake_project.bronze_listings
[0m15:19:44.591252 [debug] [Thread-2 (]: Writing injected SQL for node "model.aws_dbt_snowflake_project.bronze_listings"
[0m15:19:44.591252 [debug] [Thread-2 (]: Began executing node model.aws_dbt_snowflake_project.bronze_listings
[0m15:19:44.591252 [debug] [Thread-2 (]: Using snowflake connection "model.aws_dbt_snowflake_project.bronze_listings"
[0m15:19:44.596218 [debug] [Thread-2 (]: On model.aws_dbt_snowflake_project.bronze_listings: create or replace  temporary view AIRBNB.bronze.bronze_listings__dbt_tmp
  
  
  
  
  as (
    



SELECT *
FROM AIRBNB.staging.listings



WHERE CREATED_AT > (
    SELECT COALESCE(
        MAX(CREATED_AT),
        '1900-01-01'::date
    )
    FROM AIRBNB.bronze.bronze_listings
)


  )
/* {"app": "dbt", "dbt_version": "1.12.4", "profile_name": "aws_dbt_snowflake_project", "target_name": "dev", "node_id": "model.aws_dbt_snowflake_project.bronze_listings"} */;
[0m15:19:44.980711 [debug] [Thread-2 (]: SQL status: SUCCESS 1 in 0.388 seconds
[0m15:19:44.985663 [debug] [Thread-2 (]: Using snowflake connection "model.aws_dbt_snowflake_project.bronze_listings"
[0m15:19:44.985663 [debug] [Thread-2 (]: On model.aws_dbt_snowflake_project.bronze_listings: describe table AIRBNB.bronze.bronze_listings__dbt_tmp
/* {"app": "dbt", "dbt_version": "1.12.4", "profile_name": "aws_dbt_snowflake_project", "target_name": "dev", "node_id": "model.aws_dbt_snowflake_project.bronze_listings"} */
[0m15:19:45.159288 [debug] [Thread-2 (]: SQL status: SUCCESS 11 in 0.175 seconds
[0m15:19:45.164098 [debug] [Thread-2 (]: Using snowflake connection "model.aws_dbt_snowflake_project.bronze_listings"
[0m15:19:45.164098 [debug] [Thread-2 (]: On model.aws_dbt_snowflake_project.bronze_listings: describe table AIRBNB.bronze.bronze_listings
/* {"app": "dbt", "dbt_version": "1.12.4", "profile_name": "aws_dbt_snowflake_project", "target_name": "dev", "node_id": "model.aws_dbt_snowflake_project.bronze_listings"} */
[0m15:19:45.341153 [debug] [Thread-2 (]: SQL status: SUCCESS 11 in 0.175 seconds
[0m15:19:45.346221 [debug] [Thread-2 (]: Using snowflake connection "model.aws_dbt_snowflake_project.bronze_listings"
[0m15:19:45.346221 [debug] [Thread-2 (]: On model.aws_dbt_snowflake_project.bronze_listings: describe table "AIRBNB"."BRONZE"."BRONZE_LISTINGS"
/* {"app": "dbt", "dbt_version": "1.12.4", "profile_name": "aws_dbt_snowflake_project", "target_name": "dev", "node_id": "model.aws_dbt_snowflake_project.bronze_listings"} */
[0m15:19:45.509199 [debug] [Thread-2 (]: SQL status: SUCCESS 11 in 0.162 seconds
[0m15:19:45.514263 [debug] [Thread-2 (]: Writing runtime sql for node "model.aws_dbt_snowflake_project.bronze_listings"
[0m15:19:45.514263 [debug] [Thread-2 (]: Using snowflake connection "model.aws_dbt_snowflake_project.bronze_listings"
[0m15:19:45.514263 [debug] [Thread-2 (]: On model.aws_dbt_snowflake_project.bronze_listings: -- back compat for old kwarg name
  
  begin
/* {"app": "dbt", "dbt_version": "1.12.4", "profile_name": "aws_dbt_snowflake_project", "target_name": "dev", "node_id": "model.aws_dbt_snowflake_project.bronze_listings"} */;
[0m15:19:45.687745 [debug] [Thread-2 (]: SQL status: SUCCESS 1 in 0.170 seconds
[0m15:19:45.688275 [debug] [Thread-2 (]: Using snowflake connection "model.aws_dbt_snowflake_project.bronze_listings"
[0m15:19:45.688275 [debug] [Thread-2 (]: On model.aws_dbt_snowflake_project.bronze_listings: insert into AIRBNB.bronze.bronze_listings ("LISTING_ID", "HOST_ID", "PROPERTY_TYPE", "ROOM_TYPE", "CITY", "COUNTRY", "ACCOMMODATES", "BEDROOMS", "BATHROOMS", "PRICE_PER_NIGHT", "CREATED_AT")
        (
            select "LISTING_ID", "HOST_ID", "PROPERTY_TYPE", "ROOM_TYPE", "CITY", "COUNTRY", "ACCOMMODATES", "BEDROOMS", "BATHROOMS", "PRICE_PER_NIGHT", "CREATED_AT"
            from AIRBNB.bronze.bronze_listings__dbt_tmp
        )
/* {"app": "dbt", "dbt_version": "1.12.4", "profile_name": "aws_dbt_snowflake_project", "target_name": "dev", "node_id": "model.aws_dbt_snowflake_project.bronze_listings"} */;
[0m15:19:46.133981 [debug] [Thread-2 (]: SQL status: SUCCESS 0 in 0.444 seconds
[0m15:19:46.133981 [debug] [Thread-2 (]: Using snowflake connection "model.aws_dbt_snowflake_project.bronze_listings"
[0m15:19:46.134980 [debug] [Thread-2 (]: On model.aws_dbt_snowflake_project.bronze_listings: COMMIT
/* {"app": "dbt", "dbt_version": "1.12.4", "profile_name": "aws_dbt_snowflake_project", "target_name": "dev", "node_id": "model.aws_dbt_snowflake_project.bronze_listings"} */
[0m15:19:46.326436 [debug] [Thread-2 (]: SQL status: SUCCESS 1 in 0.191 seconds
[0m15:19:46.329433 [debug] [Thread-2 (]: Applying DROP to: AIRBNB.bronze.bronze_listings__dbt_tmp
[0m15:19:46.330433 [debug] [Thread-2 (]: Using snowflake connection "model.aws_dbt_snowflake_project.bronze_listings"
[0m15:19:46.331433 [debug] [Thread-2 (]: On model.aws_dbt_snowflake_project.bronze_listings: drop view if exists AIRBNB.bronze.bronze_listings__dbt_tmp cascade
/* {"app": "dbt", "dbt_version": "1.12.4", "profile_name": "aws_dbt_snowflake_project", "target_name": "dev", "node_id": "model.aws_dbt_snowflake_project.bronze_listings"} */
[0m15:19:46.517818 [debug] [Thread-2 (]: SQL status: SUCCESS 1 in 0.189 seconds
[0m15:19:46.522805 [debug] [Thread-2 (]: Sending event: {'category': 'dbt', 'action': 'run_model', 'label': 'c0642f83-002f-455b-bab5-3bbfcefdb560', 'context': [<snowplow_tracker.self_describing_json.SelfDescribingJson object at 0x0000016B738878F0>]}
[0m15:19:46.522805 [info ] [Thread-2 (]: 3 of 10 OK created sql incremental model bronze.bronze_listings ................ [[32mSUCCESS 0[0m in 1.94s]
[0m15:19:46.522805 [debug] [Thread-2 (]: Finished running node model.aws_dbt_snowflake_project.bronze_listings
[0m15:19:46.522805 [debug] [Thread-2 (]: Began running node model.aws_dbt_snowflake_project.silver_bookings
[0m15:19:46.527816 [info ] [Thread-2 (]: 4 of 10 START sql incremental model silver.silver_bookings ..................... [RUN]
[0m15:19:46.527816 [debug] [Thread-2 (]: Re-using an available connection from the pool (formerly model.aws_dbt_snowflake_project.bronze_listings, now model.aws_dbt_snowflake_project.silver_bookings)
[0m15:19:46.527816 [debug] [Thread-2 (]: Began compiling node model.aws_dbt_snowflake_project.silver_bookings
[0m15:19:46.534284 [debug] [Thread-2 (]: Writing injected SQL for node "model.aws_dbt_snowflake_project.silver_bookings"
[0m15:19:46.548028 [debug] [Thread-2 (]: Began executing node model.aws_dbt_snowflake_project.silver_bookings
[0m15:19:46.548028 [debug] [Thread-2 (]: Using snowflake connection "model.aws_dbt_snowflake_project.silver_bookings"
[0m15:19:46.548028 [debug] [Thread-2 (]: On model.aws_dbt_snowflake_project.silver_bookings: create or replace  temporary view AIRBNB.silver.silver_bookings__dbt_tmp
  
  
  
  
  as (
    

SELECT 
    BOOKING_ID,
    LISTING_ID,
    BOOKING_DATE,
    
    round(NIGHTS_BOOKED * BOOKING_AMOUNT, 2)
 + CLEANING_FEE + SERVICE_FEE AS TOTAL_AMOUNT,
    BOOKING_STATUS,
    CREATED_AT
FROM 
    AIRBNB.bronze.bronze_bookings
  )
/* {"app": "dbt", "dbt_version": "1.12.4", "profile_name": "aws_dbt_snowflake_project", "target_name": "dev", "node_id": "model.aws_dbt_snowflake_project.silver_bookings"} */;
[0m15:19:46.794022 [debug] [Thread-2 (]: SQL status: SUCCESS 1 in 0.242 seconds
[0m15:19:46.794022 [debug] [Thread-2 (]: Using snowflake connection "model.aws_dbt_snowflake_project.silver_bookings"
[0m15:19:46.794022 [debug] [Thread-2 (]: On model.aws_dbt_snowflake_project.silver_bookings: describe table AIRBNB.silver.silver_bookings__dbt_tmp
/* {"app": "dbt", "dbt_version": "1.12.4", "profile_name": "aws_dbt_snowflake_project", "target_name": "dev", "node_id": "model.aws_dbt_snowflake_project.silver_bookings"} */
[0m15:19:46.968052 [debug] [Thread-2 (]: SQL status: SUCCESS 6 in 0.172 seconds
[0m15:19:46.973080 [debug] [Thread-2 (]: Using snowflake connection "model.aws_dbt_snowflake_project.silver_bookings"
[0m15:19:46.973080 [debug] [Thread-2 (]: On model.aws_dbt_snowflake_project.silver_bookings: describe table AIRBNB.silver.silver_bookings
/* {"app": "dbt", "dbt_version": "1.12.4", "profile_name": "aws_dbt_snowflake_project", "target_name": "dev", "node_id": "model.aws_dbt_snowflake_project.silver_bookings"} */
[0m15:19:47.133819 [debug] [Thread-2 (]: SQL status: SUCCESS 6 in 0.158 seconds
[0m15:19:47.133819 [debug] [Thread-2 (]: Using snowflake connection "model.aws_dbt_snowflake_project.silver_bookings"
[0m15:19:47.133819 [debug] [Thread-2 (]: On model.aws_dbt_snowflake_project.silver_bookings: describe table "AIRBNB"."SILVER"."SILVER_BOOKINGS"
/* {"app": "dbt", "dbt_version": "1.12.4", "profile_name": "aws_dbt_snowflake_project", "target_name": "dev", "node_id": "model.aws_dbt_snowflake_project.silver_bookings"} */
[0m15:19:47.303275 [debug] [Thread-2 (]: SQL status: SUCCESS 6 in 0.165 seconds
[0m15:19:47.307304 [debug] [Thread-2 (]: Writing runtime sql for node "model.aws_dbt_snowflake_project.silver_bookings"
[0m15:19:47.310278 [debug] [Thread-2 (]: Using snowflake connection "model.aws_dbt_snowflake_project.silver_bookings"
[0m15:19:47.311295 [debug] [Thread-2 (]: On model.aws_dbt_snowflake_project.silver_bookings: -- back compat for old kwarg name
  
  begin
/* {"app": "dbt", "dbt_version": "1.12.4", "profile_name": "aws_dbt_snowflake_project", "target_name": "dev", "node_id": "model.aws_dbt_snowflake_project.silver_bookings"} */;
[0m15:19:47.482441 [debug] [Thread-2 (]: SQL status: SUCCESS 1 in 0.172 seconds
[0m15:19:47.482441 [debug] [Thread-2 (]: Using snowflake connection "model.aws_dbt_snowflake_project.silver_bookings"
[0m15:19:47.482441 [debug] [Thread-2 (]: On model.aws_dbt_snowflake_project.silver_bookings: insert into AIRBNB.silver.silver_bookings ("BOOKING_ID", "LISTING_ID", "BOOKING_DATE", "TOTAL_AMOUNT", "BOOKING_STATUS", "CREATED_AT")
        (
            select "BOOKING_ID", "LISTING_ID", "BOOKING_DATE", "TOTAL_AMOUNT", "BOOKING_STATUS", "CREATED_AT"
            from AIRBNB.silver.silver_bookings__dbt_tmp
        )
/* {"app": "dbt", "dbt_version": "1.12.4", "profile_name": "aws_dbt_snowflake_project", "target_name": "dev", "node_id": "model.aws_dbt_snowflake_project.silver_bookings"} */;
[0m15:19:48.228402 [debug] [Thread-2 (]: SQL status: SUCCESS 5000 in 0.744 seconds
[0m15:19:48.228402 [debug] [Thread-2 (]: Using snowflake connection "model.aws_dbt_snowflake_project.silver_bookings"
[0m15:19:48.228402 [debug] [Thread-2 (]: On model.aws_dbt_snowflake_project.silver_bookings: COMMIT
/* {"app": "dbt", "dbt_version": "1.12.4", "profile_name": "aws_dbt_snowflake_project", "target_name": "dev", "node_id": "model.aws_dbt_snowflake_project.silver_bookings"} */
[0m15:19:48.625676 [debug] [Thread-2 (]: SQL status: SUCCESS 1 in 0.398 seconds
[0m15:19:48.630721 [debug] [Thread-2 (]: Applying DROP to: AIRBNB.silver.silver_bookings__dbt_tmp
[0m15:19:48.630721 [debug] [Thread-2 (]: Using snowflake connection "model.aws_dbt_snowflake_project.silver_bookings"
[0m15:19:48.630721 [debug] [Thread-2 (]: On model.aws_dbt_snowflake_project.silver_bookings: drop view if exists AIRBNB.silver.silver_bookings__dbt_tmp cascade
/* {"app": "dbt", "dbt_version": "1.12.4", "profile_name": "aws_dbt_snowflake_project", "target_name": "dev", "node_id": "model.aws_dbt_snowflake_project.silver_bookings"} */
[0m15:19:48.815417 [debug] [Thread-2 (]: SQL status: SUCCESS 1 in 0.183 seconds
[0m15:19:48.819007 [debug] [Thread-2 (]: Sending event: {'category': 'dbt', 'action': 'run_model', 'label': 'c0642f83-002f-455b-bab5-3bbfcefdb560', 'context': [<snowplow_tracker.self_describing_json.SelfDescribingJson object at 0x0000016B764FB8F0>]}
[0m15:19:48.819007 [info ] [Thread-2 (]: 4 of 10 OK created sql incremental model silver.silver_bookings ................ [[32mSUCCESS 5000[0m in 2.29s]
[0m15:19:48.824051 [debug] [Thread-2 (]: Finished running node model.aws_dbt_snowflake_project.silver_bookings
[0m15:19:48.824051 [debug] [Thread-2 (]: Began running node model.aws_dbt_snowflake_project.silver_hosts
[0m15:19:48.824051 [info ] [Thread-2 (]: 5 of 10 START sql incremental model silver.silver_hosts ........................ [RUN]
[0m15:19:48.824051 [debug] [Thread-2 (]: Re-using an available connection from the pool (formerly model.aws_dbt_snowflake_project.silver_bookings, now model.aws_dbt_snowflake_project.silver_hosts)
[0m15:19:48.824051 [debug] [Thread-2 (]: Began compiling node model.aws_dbt_snowflake_project.silver_hosts
[0m15:19:48.829049 [debug] [Thread-2 (]: Writing injected SQL for node "model.aws_dbt_snowflake_project.silver_hosts"
[0m15:19:48.829049 [debug] [Thread-2 (]: Began executing node model.aws_dbt_snowflake_project.silver_hosts
[0m15:19:48.837219 [debug] [Thread-2 (]: Using snowflake connection "model.aws_dbt_snowflake_project.silver_hosts"
[0m15:19:48.838230 [debug] [Thread-2 (]: On model.aws_dbt_snowflake_project.silver_hosts: create or replace  temporary view AIRBNB.silver.silver_hosts__dbt_tmp
  
  
  
  
  as (
        

SELECT
    HOST_ID,
    
    INITCAP(TRIM(HOST_NAME))
 AS HOST_NAME,
    IS_SUPERHOST,
    RESPONSE_RATE,
    CREATED_AT
FROM 
    AIRBNB.bronze.bronze_hosts
  )
/* {"app": "dbt", "dbt_version": "1.12.4", "profile_name": "aws_dbt_snowflake_project", "target_name": "dev", "node_id": "model.aws_dbt_snowflake_project.silver_hosts"} */;
[0m15:19:49.078210 [debug] [Thread-2 (]: SQL status: SUCCESS 1 in 0.241 seconds
[0m15:19:49.153569 [debug] [Thread-2 (]: Using snowflake connection "model.aws_dbt_snowflake_project.silver_hosts"
[0m15:19:49.153569 [debug] [Thread-2 (]: On model.aws_dbt_snowflake_project.silver_hosts: describe table AIRBNB.silver.silver_hosts__dbt_tmp
/* {"app": "dbt", "dbt_version": "1.12.4", "profile_name": "aws_dbt_snowflake_project", "target_name": "dev", "node_id": "model.aws_dbt_snowflake_project.silver_hosts"} */
[0m15:19:49.329974 [debug] [Thread-2 (]: SQL status: SUCCESS 5 in 0.173 seconds
[0m15:19:49.329974 [debug] [Thread-2 (]: Using snowflake connection "model.aws_dbt_snowflake_project.silver_hosts"
[0m15:19:49.329974 [debug] [Thread-2 (]: On model.aws_dbt_snowflake_project.silver_hosts: describe table AIRBNB.silver.silver_hosts
/* {"app": "dbt", "dbt_version": "1.12.4", "profile_name": "aws_dbt_snowflake_project", "target_name": "dev", "node_id": "model.aws_dbt_snowflake_project.silver_hosts"} */
[0m15:19:49.512924 [debug] [Thread-2 (]: SQL status: SUCCESS 5 in 0.180 seconds
[0m15:19:49.517992 [debug] [Thread-2 (]: Using snowflake connection "model.aws_dbt_snowflake_project.silver_hosts"
[0m15:19:49.517992 [debug] [Thread-2 (]: On model.aws_dbt_snowflake_project.silver_hosts: describe table "AIRBNB"."SILVER"."SILVER_HOSTS"
/* {"app": "dbt", "dbt_version": "1.12.4", "profile_name": "aws_dbt_snowflake_project", "target_name": "dev", "node_id": "model.aws_dbt_snowflake_project.silver_hosts"} */
[0m15:19:49.687304 [debug] [Thread-2 (]: SQL status: SUCCESS 5 in 0.170 seconds
[0m15:19:49.692127 [debug] [Thread-2 (]: Writing runtime sql for node "model.aws_dbt_snowflake_project.silver_hosts"
[0m15:19:49.692127 [debug] [Thread-2 (]: Using snowflake connection "model.aws_dbt_snowflake_project.silver_hosts"
[0m15:19:49.692127 [debug] [Thread-2 (]: On model.aws_dbt_snowflake_project.silver_hosts: -- back compat for old kwarg name
  
  begin
/* {"app": "dbt", "dbt_version": "1.12.4", "profile_name": "aws_dbt_snowflake_project", "target_name": "dev", "node_id": "model.aws_dbt_snowflake_project.silver_hosts"} */;
[0m15:19:49.884179 [debug] [Thread-2 (]: SQL status: SUCCESS 1 in 0.189 seconds
[0m15:19:49.884179 [debug] [Thread-2 (]: Using snowflake connection "model.aws_dbt_snowflake_project.silver_hosts"
[0m15:19:49.884179 [debug] [Thread-2 (]: On model.aws_dbt_snowflake_project.silver_hosts: insert into AIRBNB.silver.silver_hosts ("HOST_ID", "HOST_NAME", "IS_SUPERHOST", "RESPONSE_RATE", "CREATED_AT")
        (
            select "HOST_ID", "HOST_NAME", "IS_SUPERHOST", "RESPONSE_RATE", "CREATED_AT"
            from AIRBNB.silver.silver_hosts__dbt_tmp
        )
/* {"app": "dbt", "dbt_version": "1.12.4", "profile_name": "aws_dbt_snowflake_project", "target_name": "dev", "node_id": "model.aws_dbt_snowflake_project.silver_hosts"} */;
[0m15:19:50.336919 [debug] [Thread-2 (]: SQL status: SUCCESS 200 in 0.450 seconds
[0m15:19:50.337901 [debug] [Thread-2 (]: Using snowflake connection "model.aws_dbt_snowflake_project.silver_hosts"
[0m15:19:50.337901 [debug] [Thread-2 (]: On model.aws_dbt_snowflake_project.silver_hosts: COMMIT
/* {"app": "dbt", "dbt_version": "1.12.4", "profile_name": "aws_dbt_snowflake_project", "target_name": "dev", "node_id": "model.aws_dbt_snowflake_project.silver_hosts"} */
[0m15:19:50.613472 [debug] [Thread-2 (]: SQL status: SUCCESS 1 in 0.277 seconds
[0m15:19:50.618518 [debug] [Thread-2 (]: Applying DROP to: AIRBNB.silver.silver_hosts__dbt_tmp
[0m15:19:50.618518 [debug] [Thread-2 (]: Using snowflake connection "model.aws_dbt_snowflake_project.silver_hosts"
[0m15:19:50.618518 [debug] [Thread-2 (]: On model.aws_dbt_snowflake_project.silver_hosts: drop view if exists AIRBNB.silver.silver_hosts__dbt_tmp cascade
/* {"app": "dbt", "dbt_version": "1.12.4", "profile_name": "aws_dbt_snowflake_project", "target_name": "dev", "node_id": "model.aws_dbt_snowflake_project.silver_hosts"} */
[0m15:19:50.827356 [debug] [Thread-2 (]: SQL status: SUCCESS 1 in 0.207 seconds
[0m15:19:50.827356 [debug] [Thread-2 (]: Sending event: {'category': 'dbt', 'action': 'run_model', 'label': 'c0642f83-002f-455b-bab5-3bbfcefdb560', 'context': [<snowplow_tracker.self_describing_json.SelfDescribingJson object at 0x0000016B7E3548F0>]}
[0m15:19:50.832354 [info ] [Thread-2 (]: 5 of 10 OK created sql incremental model silver.silver_hosts ................... [[32mSUCCESS 200[0m in 2.00s]
[0m15:19:50.832354 [debug] [Thread-2 (]: Finished running node model.aws_dbt_snowflake_project.silver_hosts
[0m15:19:50.832354 [debug] [Thread-2 (]: Began running node model.aws_dbt_snowflake_project.silver_listings
[0m15:19:50.832354 [info ] [Thread-2 (]: 6 of 10 START sql incremental model silver.silver_listings ..................... [RUN]
[0m15:19:50.832354 [debug] [Thread-2 (]: Re-using an available connection from the pool (formerly model.aws_dbt_snowflake_project.silver_hosts, now model.aws_dbt_snowflake_project.silver_listings)
[0m15:19:50.837351 [debug] [Thread-2 (]: Began compiling node model.aws_dbt_snowflake_project.silver_listings
[0m15:19:50.837351 [debug] [Thread-2 (]: Writing injected SQL for node "model.aws_dbt_snowflake_project.silver_listings"
[0m15:19:50.842363 [debug] [Thread-2 (]: Began executing node model.aws_dbt_snowflake_project.silver_listings
[0m15:19:50.842363 [debug] [Thread-2 (]: Using snowflake connection "model.aws_dbt_snowflake_project.silver_listings"
[0m15:19:50.847364 [debug] [Thread-2 (]: On model.aws_dbt_snowflake_project.silver_listings: create or replace  temporary view AIRBNB.silver.silver_listings__dbt_tmp
  
  
  
  
  as (
    

SELECT 
    LISTING_ID,
    HOST_ID,
    
    INITCAP(TRIM(PROPERTY_TYPE))
 AS PROPERTY_TYPE,
    ROOM_TYPE,
    CITY,
    COUNTRY,
    ACCOMMODATES,
    BEDROOMS,
    BATHROOMS,
    
   CASE
        WHEN PRICE_PER_NIGHT < 100 THEN 'low'
        WHEN PRICE_PER_NIGHT >= 100 AND PRICE_PER_NIGHT < 200 THEN 'medium'
        ELSE 'high'
    END
 AS PRICE_TAG,
    PRICE_PER_NIGHT,
    CREATED_AT
FROM 
    AIRBNB.bronze.bronze_listings
  )
/* {"app": "dbt", "dbt_version": "1.12.4", "profile_name": "aws_dbt_snowflake_project", "target_name": "dev", "node_id": "model.aws_dbt_snowflake_project.silver_listings"} */;
[0m15:19:51.124742 [debug] [Thread-2 (]: SQL status: SUCCESS 1 in 0.280 seconds
[0m15:19:51.129725 [debug] [Thread-2 (]: Using snowflake connection "model.aws_dbt_snowflake_project.silver_listings"
[0m15:19:51.129725 [debug] [Thread-2 (]: On model.aws_dbt_snowflake_project.silver_listings: describe table AIRBNB.silver.silver_listings__dbt_tmp
/* {"app": "dbt", "dbt_version": "1.12.4", "profile_name": "aws_dbt_snowflake_project", "target_name": "dev", "node_id": "model.aws_dbt_snowflake_project.silver_listings"} */
[0m15:19:51.317797 [debug] [Thread-2 (]: SQL status: SUCCESS 12 in 0.187 seconds
[0m15:19:51.322845 [debug] [Thread-2 (]: Using snowflake connection "model.aws_dbt_snowflake_project.silver_listings"
[0m15:19:51.322845 [debug] [Thread-2 (]: On model.aws_dbt_snowflake_project.silver_listings: describe table AIRBNB.silver.silver_listings
/* {"app": "dbt", "dbt_version": "1.12.4", "profile_name": "aws_dbt_snowflake_project", "target_name": "dev", "node_id": "model.aws_dbt_snowflake_project.silver_listings"} */
[0m15:19:51.506380 [debug] [Thread-2 (]: SQL status: SUCCESS 12 in 0.183 seconds
[0m15:19:51.511390 [debug] [Thread-2 (]: Using snowflake connection "model.aws_dbt_snowflake_project.silver_listings"
[0m15:19:51.511390 [debug] [Thread-2 (]: On model.aws_dbt_snowflake_project.silver_listings: describe table "AIRBNB"."SILVER"."SILVER_LISTINGS"
/* {"app": "dbt", "dbt_version": "1.12.4", "profile_name": "aws_dbt_snowflake_project", "target_name": "dev", "node_id": "model.aws_dbt_snowflake_project.silver_listings"} */
[0m15:19:51.677903 [debug] [Thread-2 (]: SQL status: SUCCESS 12 in 0.165 seconds
[0m15:19:51.677903 [debug] [Thread-2 (]: Writing runtime sql for node "model.aws_dbt_snowflake_project.silver_listings"
[0m15:19:51.683999 [debug] [Thread-2 (]: Using snowflake connection "model.aws_dbt_snowflake_project.silver_listings"
[0m15:19:51.683999 [debug] [Thread-2 (]: On model.aws_dbt_snowflake_project.silver_listings: -- back compat for old kwarg name
  
  begin
/* {"app": "dbt", "dbt_version": "1.12.4", "profile_name": "aws_dbt_snowflake_project", "target_name": "dev", "node_id": "model.aws_dbt_snowflake_project.silver_listings"} */;
[0m15:19:51.876077 [debug] [Thread-2 (]: SQL status: SUCCESS 1 in 0.190 seconds
[0m15:19:51.876077 [debug] [Thread-2 (]: Using snowflake connection "model.aws_dbt_snowflake_project.silver_listings"
[0m15:19:51.876077 [debug] [Thread-2 (]: On model.aws_dbt_snowflake_project.silver_listings: insert into AIRBNB.silver.silver_listings ("LISTING_ID", "HOST_ID", "PROPERTY_TYPE", "ROOM_TYPE", "CITY", "COUNTRY", "ACCOMMODATES", "BEDROOMS", "BATHROOMS", "PRICE_TAG", "PRICE_PER_NIGHT", "CREATED_AT")
        (
            select "LISTING_ID", "HOST_ID", "PROPERTY_TYPE", "ROOM_TYPE", "CITY", "COUNTRY", "ACCOMMODATES", "BEDROOMS", "BATHROOMS", "PRICE_TAG", "PRICE_PER_NIGHT", "CREATED_AT"
            from AIRBNB.silver.silver_listings__dbt_tmp
        )
/* {"app": "dbt", "dbt_version": "1.12.4", "profile_name": "aws_dbt_snowflake_project", "target_name": "dev", "node_id": "model.aws_dbt_snowflake_project.silver_listings"} */;
[0m15:19:52.366117 [debug] [Thread-2 (]: SQL status: SUCCESS 500 in 0.492 seconds
[0m15:19:52.366117 [debug] [Thread-2 (]: Using snowflake connection "model.aws_dbt_snowflake_project.silver_listings"
[0m15:19:52.370931 [debug] [Thread-2 (]: On model.aws_dbt_snowflake_project.silver_listings: COMMIT
/* {"app": "dbt", "dbt_version": "1.12.4", "profile_name": "aws_dbt_snowflake_project", "target_name": "dev", "node_id": "model.aws_dbt_snowflake_project.silver_listings"} */
[0m15:19:52.648169 [debug] [Thread-2 (]: SQL status: SUCCESS 1 in 0.278 seconds
[0m15:19:52.653213 [debug] [Thread-2 (]: Applying DROP to: AIRBNB.silver.silver_listings__dbt_tmp
[0m15:19:52.653213 [debug] [Thread-2 (]: Using snowflake connection "model.aws_dbt_snowflake_project.silver_listings"
[0m15:19:52.653213 [debug] [Thread-2 (]: On model.aws_dbt_snowflake_project.silver_listings: drop view if exists AIRBNB.silver.silver_listings__dbt_tmp cascade
/* {"app": "dbt", "dbt_version": "1.12.4", "profile_name": "aws_dbt_snowflake_project", "target_name": "dev", "node_id": "model.aws_dbt_snowflake_project.silver_listings"} */
[0m15:19:52.862254 [debug] [Thread-2 (]: SQL status: SUCCESS 1 in 0.209 seconds
[0m15:19:52.867306 [debug] [Thread-2 (]: Sending event: {'category': 'dbt', 'action': 'run_model', 'label': 'c0642f83-002f-455b-bab5-3bbfcefdb560', 'context': [<snowplow_tracker.self_describing_json.SelfDescribingJson object at 0x0000016B7E3345C0>]}
[0m15:19:52.867306 [info ] [Thread-2 (]: 6 of 10 OK created sql incremental model silver.silver_listings ................ [[32mSUCCESS 500[0m in 2.03s]
[0m15:19:52.867306 [debug] [Thread-2 (]: Finished running node model.aws_dbt_snowflake_project.silver_listings
[0m15:19:52.872297 [debug] [Thread-2 (]: Began running node model.aws_dbt_snowflake_project.obt
[0m15:19:52.872297 [info ] [Thread-2 (]: 7 of 10 START sql table model gold.obt ......................................... [RUN]
[0m15:19:52.872297 [debug] [Thread-2 (]: Re-using an available connection from the pool (formerly model.aws_dbt_snowflake_project.silver_listings, now model.aws_dbt_snowflake_project.obt)
[0m15:19:52.872297 [debug] [Thread-2 (]: Began compiling node model.aws_dbt_snowflake_project.obt
[0m15:19:52.880940 [debug] [Thread-2 (]: Writing injected SQL for node "model.aws_dbt_snowflake_project.obt"
[0m15:19:52.882415 [debug] [Thread-2 (]: Began executing node model.aws_dbt_snowflake_project.obt
[0m15:19:52.909782 [debug] [Thread-2 (]: Writing runtime sql for node "model.aws_dbt_snowflake_project.obt"
[0m15:19:52.909782 [debug] [Thread-2 (]: Using snowflake connection "model.aws_dbt_snowflake_project.obt"
[0m15:19:52.909782 [debug] [Thread-2 (]: On model.aws_dbt_snowflake_project.obt: create or replace transient table AIRBNB.gold.obt
    
    
    
    
    

    as (



SELECT
    
        b.*,
    
        l.HOST_ID, l.PROPERTY_TYPE, l.ROOM_TYPE, l.CITY, l.COUNTRY, l.ACCOMMODATES, l.BEDROOMS, l.BATHROOMS, l.PRICE_PER_NIGHT, l.PRICE_TAG, l.CREATED_AT AS LISTING_CREATED_AT,
    
        h.HOST_NAME, h.IS_SUPERHOST, h.RESPONSE_RATE, h.CREATED_AT AS HOST_CREATED_AT
    

FROM
    

        

            AIRBNB.silver.silver_bookings AS b

        

    

        

            LEFT JOIN AIRBNB.silver.silver_listings AS l
                ON b.LISTING_ID = l.LISTING_ID

        

    

        

            LEFT JOIN AIRBNB.silver.silver_hosts AS h
                ON l.HOST_ID = h.HOST_ID

        

    
    )

/* {"app": "dbt", "dbt_version": "1.12.4", "profile_name": "aws_dbt_snowflake_project", "target_name": "dev", "node_id": "model.aws_dbt_snowflake_project.obt"} */;
[0m15:19:55.518746 [debug] [Thread-2 (]: SQL status: SUCCESS 720000 in 2.607 seconds
[0m15:19:55.523814 [debug] [Thread-2 (]: Sending event: {'category': 'dbt', 'action': 'run_model', 'label': 'c0642f83-002f-455b-bab5-3bbfcefdb560', 'context': [<snowplow_tracker.self_describing_json.SelfDescribingJson object at 0x0000016B7CCE5AF0>]}
[0m15:19:55.523814 [info ] [Thread-2 (]: 7 of 10 OK created sql table model gold.obt .................................... [[32mSUCCESS 720000[0m in 2.65s]
[0m15:19:55.528787 [debug] [Thread-2 (]: Finished running node model.aws_dbt_snowflake_project.obt
[0m15:19:55.528787 [debug] [Thread-2 (]: Began running node model.aws_dbt_snowflake_project.bookings
[0m15:19:55.528787 [debug] [Thread-2 (]: Re-using an available connection from the pool (formerly model.aws_dbt_snowflake_project.obt, now model.aws_dbt_snowflake_project.bookings)
[0m15:19:55.528787 [debug] [Thread-2 (]: Began compiling node model.aws_dbt_snowflake_project.bookings
[0m15:19:55.533798 [debug] [Thread-2 (]: Writing injected SQL for node "model.aws_dbt_snowflake_project.bookings"
[0m15:19:55.548341 [debug] [Thread-2 (]: Finished running node model.aws_dbt_snowflake_project.bookings
[0m15:19:55.549346 [debug] [Thread-2 (]: Began running node model.aws_dbt_snowflake_project.hosts
[0m15:19:55.550348 [debug] [Thread-2 (]: Re-using an available connection from the pool (formerly model.aws_dbt_snowflake_project.bookings, now model.aws_dbt_snowflake_project.hosts)
[0m15:19:55.550348 [debug] [Thread-2 (]: Began compiling node model.aws_dbt_snowflake_project.hosts
[0m15:19:55.551942 [debug] [Thread-2 (]: Writing injected SQL for node "model.aws_dbt_snowflake_project.hosts"
[0m15:19:55.551942 [debug] [Thread-2 (]: Finished running node model.aws_dbt_snowflake_project.hosts
[0m15:19:55.551942 [debug] [Thread-2 (]: Began running node model.aws_dbt_snowflake_project.listings
[0m15:19:55.556969 [debug] [Thread-2 (]: Re-using an available connection from the pool (formerly model.aws_dbt_snowflake_project.hosts, now model.aws_dbt_snowflake_project.listings)
[0m15:19:55.557586 [debug] [Thread-2 (]: Began compiling node model.aws_dbt_snowflake_project.listings
[0m15:19:55.557586 [debug] [Thread-2 (]: Writing injected SQL for node "model.aws_dbt_snowflake_project.listings"
[0m15:19:55.561583 [debug] [Thread-2 (]: Finished running node model.aws_dbt_snowflake_project.listings
[0m15:19:55.562572 [debug] [Thread-2 (]: Began running node snapshot.aws_dbt_snowflake_project.dim_bookings
[0m15:19:55.562572 [info ] [Thread-2 (]: 8 of 10 START snapshot gold.dim_bookings ....................................... [RUN]
[0m15:19:55.562572 [debug] [Thread-2 (]: Re-using an available connection from the pool (formerly model.aws_dbt_snowflake_project.listings, now snapshot.aws_dbt_snowflake_project.dim_bookings)
[0m15:19:55.562572 [debug] [Thread-2 (]: Began compiling node snapshot.aws_dbt_snowflake_project.dim_bookings
[0m15:19:55.562572 [debug] [Thread-2 (]: Writing injected SQL for node "snapshot.aws_dbt_snowflake_project.dim_bookings"
[0m15:19:55.567586 [debug] [Thread-2 (]: Began executing node snapshot.aws_dbt_snowflake_project.dim_bookings
[0m15:19:55.606228 [debug] [Thread-2 (]: Using snowflake connection "snapshot.aws_dbt_snowflake_project.dim_bookings"
[0m15:19:55.606228 [debug] [Thread-2 (]: On snapshot.aws_dbt_snowflake_project.dim_bookings: describe table "AIRBNB"."GOLD"."DIM_BOOKINGS"
/* {"app": "dbt", "dbt_version": "1.12.4", "profile_name": "aws_dbt_snowflake_project", "target_name": "dev", "node_id": "snapshot.aws_dbt_snowflake_project.dim_bookings"} */
[0m15:19:55.774616 [debug] [Thread-2 (]: SQL status: SUCCESS 8 in 0.166 seconds
[0m15:19:55.819649 [debug] [Thread-2 (]: Using snowflake connection "snapshot.aws_dbt_snowflake_project.dim_bookings"
[0m15:19:55.824650 [debug] [Thread-2 (]: On snapshot.aws_dbt_snowflake_project.dim_bookings: create or replace temporary table "AIRBNB"."GOLD"."DIM_BOOKINGS__dbt_tmp"
as (
    
    
    with snapshot_query as (

        with __dbt__cte__bookings as (


WITH bookings AS 
(
    SELECT 
        BOOKING_ID,
        BOOKING_DATE,
        BOOKING_STATUS,
        CREATED_AT
    FROM 
        AIRBNB.gold.obt
)
SELECT * FROM bookings
) select * from __dbt__cte__bookings

    ),

    snapshotted_data as (

        select *, 
    
        BOOKING_ID as dbt_unique_key
    

        from "AIRBNB"."GOLD"."DIM_BOOKINGS"
        where
            
		
		

		
                ( (dbt_valid_to = to_date('9999-12-31')) or dbt_valid_to is null )
            

    ),

    insertions_source_data as (

        select *, 
    
        BOOKING_ID as dbt_unique_key
    
,
            CREATED_AT as dbt_updated_at,
            CREATED_AT as dbt_valid_from,
            
  
  coalesce(nullif(CREATED_AT, CREATED_AT), to_date('9999-12-31'))
  as dbt_valid_to
,
            md5(coalesce(cast(BOOKING_ID as varchar ), '')
         || '|' || coalesce(cast(CREATED_AT as varchar ), '')
        ) as dbt_scd_id

        from snapshot_query
    ),

    updates_source_data as (

        select *, 
    
        BOOKING_ID as dbt_unique_key
    
,
            CREATED_AT as dbt_updated_at,
            CREATED_AT as dbt_valid_from,
            CREATED_AT as dbt_valid_to

        from snapshot_query
    ),

    insertions as (

        select
            'insert' as dbt_change_type,
            source_data.*

        from insertions_source_data as source_data
        left outer join snapshotted_data
            on 
    
        snapshotted_data.dbt_unique_key = source_data.dbt_unique_key
    

            where 
    
        snapshotted_data.dbt_unique_key is null
    

            or (
    
        snapshotted_data.dbt_unique_key is not null
    
 and (
               (snapshotted_data.dbt_valid_from < source_data.CREATED_AT)
            )

        )

    ),

    updates as (

        select
            'update' as dbt_change_type,
            source_data.*,
            snapshotted_data.dbt_scd_id

        from updates_source_data as source_data
        join snapshotted_data
            on 
    
        snapshotted_data.dbt_unique_key = source_data.dbt_unique_key
    

        where (
            (snapshotted_data.dbt_valid_from < source_data.CREATED_AT)
        )
    )

    select * from insertions
    union all
    select * from updates

    )

/* {"app": "dbt", "dbt_version": "1.12.4", "profile_name": "aws_dbt_snowflake_project", "target_name": "dev", "node_id": "snapshot.aws_dbt_snowflake_project.dim_bookings"} */;
[0m15:19:56.948580 [debug] [Thread-2 (]: SQL status: SUCCESS 1 in 1.125 seconds
[0m15:19:56.953647 [debug] [Thread-2 (]: Using snowflake connection "snapshot.aws_dbt_snowflake_project.dim_bookings"
[0m15:19:56.953647 [debug] [Thread-2 (]: On snapshot.aws_dbt_snowflake_project.dim_bookings: describe table "AIRBNB"."GOLD"."DIM_BOOKINGS__dbt_tmp"
/* {"app": "dbt", "dbt_version": "1.12.4", "profile_name": "aws_dbt_snowflake_project", "target_name": "dev", "node_id": "snapshot.aws_dbt_snowflake_project.dim_bookings"} */
[0m15:19:57.135699 [debug] [Thread-2 (]: SQL status: SUCCESS 10 in 0.181 seconds
[0m15:19:57.139730 [debug] [Thread-2 (]: Using snowflake connection "snapshot.aws_dbt_snowflake_project.dim_bookings"
[0m15:19:57.139730 [debug] [Thread-2 (]: On snapshot.aws_dbt_snowflake_project.dim_bookings: describe table "AIRBNB"."GOLD"."DIM_BOOKINGS"
/* {"app": "dbt", "dbt_version": "1.12.4", "profile_name": "aws_dbt_snowflake_project", "target_name": "dev", "node_id": "snapshot.aws_dbt_snowflake_project.dim_bookings"} */
[0m15:19:57.291866 [debug] [Thread-2 (]: SQL status: SUCCESS 8 in 0.152 seconds
[0m15:19:57.296917 [debug] [Thread-2 (]: Using snowflake connection "snapshot.aws_dbt_snowflake_project.dim_bookings"
[0m15:19:57.296917 [debug] [Thread-2 (]: On snapshot.aws_dbt_snowflake_project.dim_bookings: describe table "AIRBNB"."GOLD"."DIM_BOOKINGS__dbt_tmp"
/* {"app": "dbt", "dbt_version": "1.12.4", "profile_name": "aws_dbt_snowflake_project", "target_name": "dev", "node_id": "snapshot.aws_dbt_snowflake_project.dim_bookings"} */
[0m15:19:57.468967 [debug] [Thread-2 (]: SQL status: SUCCESS 10 in 0.171 seconds
[0m15:19:57.472867 [debug] [Thread-2 (]: Using snowflake connection "snapshot.aws_dbt_snowflake_project.dim_bookings"
[0m15:19:57.473852 [debug] [Thread-2 (]: On snapshot.aws_dbt_snowflake_project.dim_bookings: describe table "AIRBNB"."GOLD"."DIM_BOOKINGS"
/* {"app": "dbt", "dbt_version": "1.12.4", "profile_name": "aws_dbt_snowflake_project", "target_name": "dev", "node_id": "snapshot.aws_dbt_snowflake_project.dim_bookings"} */
[0m15:19:57.656455 [debug] [Thread-2 (]: SQL status: SUCCESS 8 in 0.183 seconds
[0m15:19:57.666293 [debug] [Thread-2 (]: Using snowflake connection "snapshot.aws_dbt_snowflake_project.dim_bookings"
[0m15:19:57.668487 [debug] [Thread-2 (]: On snapshot.aws_dbt_snowflake_project.dim_bookings: describe table "AIRBNB"."GOLD"."DIM_BOOKINGS__dbt_tmp"
/* {"app": "dbt", "dbt_version": "1.12.4", "profile_name": "aws_dbt_snowflake_project", "target_name": "dev", "node_id": "snapshot.aws_dbt_snowflake_project.dim_bookings"} */
[0m15:19:57.831999 [debug] [Thread-2 (]: SQL status: SUCCESS 10 in 0.165 seconds
[0m15:19:57.857063 [debug] [Thread-2 (]: Using snowflake connection "snapshot.aws_dbt_snowflake_project.dim_bookings"
[0m15:19:57.857063 [debug] [Thread-2 (]: On snapshot.aws_dbt_snowflake_project.dim_bookings: select * from (
        
    
    with snapshot_query as (

        with __dbt__cte__bookings as (


WITH bookings AS 
(
    SELECT 
        BOOKING_ID,
        BOOKING_DATE,
        BOOKING_STATUS,
        CREATED_AT
    FROM 
        AIRBNB.gold.obt
)
SELECT * FROM bookings
) select * from __dbt__cte__bookings

    ),

    snapshotted_data as (

        select *, 
    
        BOOKING_ID as dbt_unique_key
    

        from "AIRBNB"."GOLD"."DIM_BOOKINGS"
        where
            
		
		

		
                ( (dbt_valid_to = to_date('9999-12-31')) or dbt_valid_to is null )
            

    ),

    insertions_source_data as (

        select *, 
    
        BOOKING_ID as dbt_unique_key
    
,
            CREATED_AT as dbt_updated_at,
            CREATED_AT as dbt_valid_from,
            
  
  coalesce(nullif(CREATED_AT, CREATED_AT), to_date('9999-12-31'))
  as dbt_valid_to
,
            md5(coalesce(cast(BOOKING_ID as varchar ), '')
         || '|' || coalesce(cast(CREATED_AT as varchar ), '')
        ) as dbt_scd_id

        from snapshot_query
    ),

    updates_source_data as (

        select *, 
    
        BOOKING_ID as dbt_unique_key
    
,
            CREATED_AT as dbt_updated_at,
            CREATED_AT as dbt_valid_from,
            CREATED_AT as dbt_valid_to

        from snapshot_query
    ),

    insertions as (

        select
            'insert' as dbt_change_type,
            source_data.*

        from insertions_source_data as source_data
        left outer join snapshotted_data
            on 
    
        snapshotted_data.dbt_unique_key = source_data.dbt_unique_key
    

            where 
    
        snapshotted_data.dbt_unique_key is null
    

            or (
    
        snapshotted_data.dbt_unique_key is not null
    
 and (
               (snapshotted_data.dbt_valid_from < source_data.CREATED_AT)
            )

        )

    ),

    updates as (

        select
            'update' as dbt_change_type,
            source_data.*,
            snapshotted_data.dbt_scd_id

        from updates_source_data as source_data
        join snapshotted_data
            on 
    
        snapshotted_data.dbt_unique_key = source_data.dbt_unique_key
    

        where (
            (snapshotted_data.dbt_valid_from < source_data.CREATED_AT)
        )
    )

    select * from insertions
    union all
    select * from updates

    ) as __dbt_sbq
    where false
    limit 0
/* {"app": "dbt", "dbt_version": "1.12.4", "profile_name": "aws_dbt_snowflake_project", "target_name": "dev", "node_id": "snapshot.aws_dbt_snowflake_project.dim_bookings"} */
/* {"app": "dbt", "dbt_version": "1.12.4", "profile_name": "aws_dbt_snowflake_project", "target_name": "dev", "node_id": "snapshot.aws_dbt_snowflake_project.dim_bookings"} */
[0m15:19:58.164630 [debug] [Thread-2 (]: SQL status: SUCCESS 0 in 0.303 seconds
[0m15:19:58.171629 [debug] [Thread-2 (]: Using snowflake connection "snapshot.aws_dbt_snowflake_project.dim_bookings"
[0m15:19:58.172629 [debug] [Thread-2 (]: On snapshot.aws_dbt_snowflake_project.dim_bookings: select * from (
        select to_timestamp_ntz(convert_timezone('UTC', current_timestamp())) as dbt_snapshot_time
    ) as __dbt_sbq
    where false
    limit 0
/* {"app": "dbt", "dbt_version": "1.12.4", "profile_name": "aws_dbt_snowflake_project", "target_name": "dev", "node_id": "snapshot.aws_dbt_snowflake_project.dim_bookings"} */
/* {"app": "dbt", "dbt_version": "1.12.4", "profile_name": "aws_dbt_snowflake_project", "target_name": "dev", "node_id": "snapshot.aws_dbt_snowflake_project.dim_bookings"} */
[0m15:19:58.321562 [debug] [Thread-2 (]: SQL status: SUCCESS 0 in 0.151 seconds
[0m15:19:58.321562 [debug] [Thread-2 (]: Writing runtime sql for node "snapshot.aws_dbt_snowflake_project.dim_bookings"
[0m15:19:58.326103 [debug] [Thread-2 (]: Using snowflake connection "snapshot.aws_dbt_snowflake_project.dim_bookings"
[0m15:19:58.326103 [debug] [Thread-2 (]: On snapshot.aws_dbt_snowflake_project.dim_bookings: BEGIN
/* {"app": "dbt", "dbt_version": "1.12.4", "profile_name": "aws_dbt_snowflake_project", "target_name": "dev", "node_id": "snapshot.aws_dbt_snowflake_project.dim_bookings"} */
[0m15:19:58.509113 [debug] [Thread-2 (]: SQL status: SUCCESS 1 in 0.181 seconds
[0m15:19:58.509113 [debug] [Thread-2 (]: Using snowflake connection "snapshot.aws_dbt_snowflake_project.dim_bookings"
[0m15:19:58.510107 [debug] [Thread-2 (]: On snapshot.aws_dbt_snowflake_project.dim_bookings: merge into "AIRBNB"."GOLD"."DIM_BOOKINGS" as DBT_INTERNAL_DEST
    using "AIRBNB"."GOLD"."DIM_BOOKINGS__dbt_tmp" as DBT_INTERNAL_SOURCE
    on DBT_INTERNAL_SOURCE.dbt_scd_id = DBT_INTERNAL_DEST.dbt_scd_id

    when matched
     
	
	
	and ((DBT_INTERNAL_DEST.dbt_valid_to = to_date('9999-12-31')) or DBT_INTERNAL_DEST.dbt_valid_to is null)

     
     and DBT_INTERNAL_SOURCE.dbt_change_type in ('update', 'delete')
        then update
        set dbt_valid_to = DBT_INTERNAL_SOURCE.dbt_valid_to

    when not matched
     and DBT_INTERNAL_SOURCE.dbt_change_type = 'insert'
        then insert ("BOOKING_ID", "BOOKING_DATE", "BOOKING_STATUS", "CREATED_AT", "DBT_UPDATED_AT", "DBT_VALID_FROM", "DBT_VALID_TO", "DBT_SCD_ID")
        values ("BOOKING_ID", "BOOKING_DATE", "BOOKING_STATUS", "CREATED_AT", "DBT_UPDATED_AT", "DBT_VALID_FROM", "DBT_VALID_TO", "DBT_SCD_ID")


/* {"app": "dbt", "dbt_version": "1.12.4", "profile_name": "aws_dbt_snowflake_project", "target_name": "dev", "node_id": "snapshot.aws_dbt_snowflake_project.dim_bookings"} */;
[0m15:19:58.872682 [debug] [Thread-2 (]: SQL status: SUCCESS 0 in 0.363 seconds
[0m15:19:58.872682 [debug] [Thread-2 (]: Using snowflake connection "snapshot.aws_dbt_snowflake_project.dim_bookings"
[0m15:19:58.872682 [debug] [Thread-2 (]: On snapshot.aws_dbt_snowflake_project.dim_bookings: COMMIT
/* {"app": "dbt", "dbt_version": "1.12.4", "profile_name": "aws_dbt_snowflake_project", "target_name": "dev", "node_id": "snapshot.aws_dbt_snowflake_project.dim_bookings"} */
[0m15:19:59.067531 [debug] [Thread-2 (]: SQL status: SUCCESS 1 in 0.194 seconds
[0m15:19:59.072566 [debug] [Thread-2 (]: Sending event: {'category': 'dbt', 'action': 'run_model', 'label': 'c0642f83-002f-455b-bab5-3bbfcefdb560', 'context': [<snowplow_tracker.self_describing_json.SelfDescribingJson object at 0x0000016B7E5FB950>]}
[0m15:19:59.072566 [info ] [Thread-2 (]: 8 of 10 OK snapshotted gold.dim_bookings ....................................... [[32mSUCCESS 0[0m in 3.51s]
[0m15:19:59.077557 [debug] [Thread-2 (]: Finished running node snapshot.aws_dbt_snowflake_project.dim_bookings
[0m15:19:59.077557 [debug] [Thread-2 (]: Began running node snapshot.aws_dbt_snowflake_project.dim_hosts
[0m15:19:59.077557 [info ] [Thread-2 (]: 9 of 10 START snapshot gold.dim_hosts .......................................... [RUN]
[0m15:19:59.077557 [debug] [Thread-2 (]: Re-using an available connection from the pool (formerly snapshot.aws_dbt_snowflake_project.dim_bookings, now snapshot.aws_dbt_snowflake_project.dim_hosts)
[0m15:19:59.082565 [debug] [Thread-2 (]: Began compiling node snapshot.aws_dbt_snowflake_project.dim_hosts
[0m15:19:59.085367 [debug] [Thread-2 (]: Writing injected SQL for node "snapshot.aws_dbt_snowflake_project.dim_hosts"
[0m15:19:59.086362 [debug] [Thread-2 (]: Began executing node snapshot.aws_dbt_snowflake_project.dim_hosts
[0m15:19:59.091590 [debug] [Thread-2 (]: Using snowflake connection "snapshot.aws_dbt_snowflake_project.dim_hosts"
[0m15:19:59.091590 [debug] [Thread-2 (]: On snapshot.aws_dbt_snowflake_project.dim_hosts: select * from (
        
    

    select *,
        md5(coalesce(cast(HOST_ID as varchar ), '')
         || '|' || coalesce(cast(HOST_CREATED_AT as varchar ), '')
        ) as dbt_scd_id,
        HOST_CREATED_AT as dbt_updated_at,
        HOST_CREATED_AT as dbt_valid_from,
        
  
  coalesce(nullif(HOST_CREATED_AT, HOST_CREATED_AT), to_date('9999-12-31'))
  as dbt_valid_to
from (
        with __dbt__cte__hosts as (


WITH hosts AS 
(
    SELECT 
        HOST_ID,
        HOST_NAME,
        IS_SUPERHOST,
        RESPONSE_RATE,
        HOST_CREATED_AT
    FROM 
        AIRBNB.gold.obt
)
SELECT * FROM hosts
) select * from __dbt__cte__hosts
    ) sbq



    ) as __dbt_sbq
    where false
    limit 0
/* {"app": "dbt", "dbt_version": "1.12.4", "profile_name": "aws_dbt_snowflake_project", "target_name": "dev", "node_id": "snapshot.aws_dbt_snowflake_project.dim_hosts"} */
/* {"app": "dbt", "dbt_version": "1.12.4", "profile_name": "aws_dbt_snowflake_project", "target_name": "dev", "node_id": "snapshot.aws_dbt_snowflake_project.dim_hosts"} */
[0m15:19:59.359385 [debug] [Thread-2 (]: SQL status: SUCCESS 0 in 0.264 seconds
[0m15:19:59.359385 [debug] [Thread-2 (]: Using snowflake connection "snapshot.aws_dbt_snowflake_project.dim_hosts"
[0m15:19:59.359385 [debug] [Thread-2 (]: On snapshot.aws_dbt_snowflake_project.dim_hosts: select * from (
        select to_timestamp_ntz(convert_timezone('UTC', current_timestamp())) as dbt_snapshot_time
    ) as __dbt_sbq
    where false
    limit 0
/* {"app": "dbt", "dbt_version": "1.12.4", "profile_name": "aws_dbt_snowflake_project", "target_name": "dev", "node_id": "snapshot.aws_dbt_snowflake_project.dim_hosts"} */
/* {"app": "dbt", "dbt_version": "1.12.4", "profile_name": "aws_dbt_snowflake_project", "target_name": "dev", "node_id": "snapshot.aws_dbt_snowflake_project.dim_hosts"} */
[0m15:19:59.524677 [debug] [Thread-2 (]: SQL status: SUCCESS 0 in 0.165 seconds
[0m15:19:59.524677 [debug] [Thread-2 (]: Writing runtime sql for node "snapshot.aws_dbt_snowflake_project.dim_hosts"
[0m15:19:59.529663 [debug] [Thread-2 (]: Using snowflake connection "snapshot.aws_dbt_snowflake_project.dim_hosts"
[0m15:19:59.529663 [debug] [Thread-2 (]: On snapshot.aws_dbt_snowflake_project.dim_hosts: create or replace transient table AIRBNB.gold.dim_hosts
    
    
    
    
    

    as (
    

    select *,
        md5(coalesce(cast(HOST_ID as varchar ), '')
         || '|' || coalesce(cast(HOST_CREATED_AT as varchar ), '')
        ) as dbt_scd_id,
        HOST_CREATED_AT as dbt_updated_at,
        HOST_CREATED_AT as dbt_valid_from,
        
  
  coalesce(nullif(HOST_CREATED_AT, HOST_CREATED_AT), to_date('9999-12-31'))
  as dbt_valid_to
from (
        with __dbt__cte__hosts as (


WITH hosts AS 
(
    SELECT 
        HOST_ID,
        HOST_NAME,
        IS_SUPERHOST,
        RESPONSE_RATE,
        HOST_CREATED_AT
    FROM 
        AIRBNB.gold.obt
)
SELECT * FROM hosts
) select * from __dbt__cte__hosts
    ) sbq



    )

/* {"app": "dbt", "dbt_version": "1.12.4", "profile_name": "aws_dbt_snowflake_project", "target_name": "dev", "node_id": "snapshot.aws_dbt_snowflake_project.dim_hosts"} */;
[0m15:20:00.906018 [debug] [Thread-2 (]: SQL status: SUCCESS 720000 in 1.375 seconds
[0m15:20:00.911033 [debug] [Thread-2 (]: Sending event: {'category': 'dbt', 'action': 'run_model', 'label': 'c0642f83-002f-455b-bab5-3bbfcefdb560', 'context': [<snowplow_tracker.self_describing_json.SelfDescribingJson object at 0x0000016B7CEE5C10>]}
[0m15:20:00.916035 [info ] [Thread-2 (]: 9 of 10 OK snapshotted gold.dim_hosts .......................................... [[32mSUCCESS 720000[0m in 1.83s]
[0m15:20:00.916035 [debug] [Thread-2 (]: Finished running node snapshot.aws_dbt_snowflake_project.dim_hosts
[0m15:20:00.916035 [debug] [Thread-2 (]: Began running node snapshot.aws_dbt_snowflake_project.dim_listings
[0m15:20:00.916035 [info ] [Thread-2 (]: 10 of 10 START snapshot gold.dim_listings ...................................... [RUN]
[0m15:20:00.921024 [debug] [Thread-2 (]: Re-using an available connection from the pool (formerly snapshot.aws_dbt_snowflake_project.dim_hosts, now snapshot.aws_dbt_snowflake_project.dim_listings)
[0m15:20:00.921024 [debug] [Thread-2 (]: Began compiling node snapshot.aws_dbt_snowflake_project.dim_listings
[0m15:20:00.921024 [debug] [Thread-2 (]: Writing injected SQL for node "snapshot.aws_dbt_snowflake_project.dim_listings"
[0m15:20:00.936019 [debug] [Thread-2 (]: Began executing node snapshot.aws_dbt_snowflake_project.dim_listings
[0m15:20:00.940988 [debug] [Thread-2 (]: Using snowflake connection "snapshot.aws_dbt_snowflake_project.dim_listings"
[0m15:20:00.940988 [debug] [Thread-2 (]: On snapshot.aws_dbt_snowflake_project.dim_listings: describe table "AIRBNB"."GOLD"."DIM_LISTINGS"
/* {"app": "dbt", "dbt_version": "1.12.4", "profile_name": "aws_dbt_snowflake_project", "target_name": "dev", "node_id": "snapshot.aws_dbt_snowflake_project.dim_listings"} */
[0m15:20:01.132343 [debug] [Thread-2 (]: SQL status: SUCCESS 11 in 0.191 seconds
[0m15:20:01.144711 [debug] [Thread-2 (]: Using snowflake connection "snapshot.aws_dbt_snowflake_project.dim_listings"
[0m15:20:01.144914 [debug] [Thread-2 (]: On snapshot.aws_dbt_snowflake_project.dim_listings: create or replace temporary table "AIRBNB"."GOLD"."DIM_LISTINGS__dbt_tmp"
as (
    
    
    with snapshot_query as (

        with __dbt__cte__listings as (


WITH listings AS 
(
    SELECT 
        LISTING_ID,
        PROPERTY_TYPE,
        ROOM_TYPE,
        CITY,
        COUNTRY,
        PRICE_TAG,
        LISTING_CREATED_AT
    FROM 
        AIRBNB.gold.obt
)
SELECT * FROM listings
) select * from __dbt__cte__listings

    ),

    snapshotted_data as (

        select *, 
    
        LISTING_ID as dbt_unique_key
    

        from "AIRBNB"."GOLD"."DIM_LISTINGS"
        where
            
		
		

		
                ( (dbt_valid_to = to_date('9999-12-31')) or dbt_valid_to is null )
            

    ),

    insertions_source_data as (

        select *, 
    
        LISTING_ID as dbt_unique_key
    
,
            LISTING_CREATED_AT as dbt_updated_at,
            LISTING_CREATED_AT as dbt_valid_from,
            
  
  coalesce(nullif(LISTING_CREATED_AT, LISTING_CREATED_AT), to_date('9999-12-31'))
  as dbt_valid_to
,
            md5(coalesce(cast(LISTING_ID as varchar ), '')
         || '|' || coalesce(cast(LISTING_CREATED_AT as varchar ), '')
        ) as dbt_scd_id

        from snapshot_query
    ),

    updates_source_data as (

        select *, 
    
        LISTING_ID as dbt_unique_key
    
,
            LISTING_CREATED_AT as dbt_updated_at,
            LISTING_CREATED_AT as dbt_valid_from,
            LISTING_CREATED_AT as dbt_valid_to

        from snapshot_query
    ),

    insertions as (

        select
            'insert' as dbt_change_type,
            source_data.*

        from insertions_source_data as source_data
        left outer join snapshotted_data
            on 
    
        snapshotted_data.dbt_unique_key = source_data.dbt_unique_key
    

            where 
    
        snapshotted_data.dbt_unique_key is null
    

            or (
    
        snapshotted_data.dbt_unique_key is not null
    
 and (
               (snapshotted_data.dbt_valid_from < source_data.LISTING_CREATED_AT)
            )

        )

    ),

    updates as (

        select
            'update' as dbt_change_type,
            source_data.*,
            snapshotted_data.dbt_scd_id

        from updates_source_data as source_data
        join snapshotted_data
            on 
    
        snapshotted_data.dbt_unique_key = source_data.dbt_unique_key
    

        where (
            (snapshotted_data.dbt_valid_from < source_data.LISTING_CREATED_AT)
        )
    )

    select * from insertions
    union all
    select * from updates

    )

/* {"app": "dbt", "dbt_version": "1.12.4", "profile_name": "aws_dbt_snowflake_project", "target_name": "dev", "node_id": "snapshot.aws_dbt_snowflake_project.dim_listings"} */;
[0m15:20:04.867193 [debug] [Thread-2 (]: SQL status: SUCCESS 1 in 3.724 seconds
[0m15:20:04.870412 [debug] [Thread-2 (]: Using snowflake connection "snapshot.aws_dbt_snowflake_project.dim_listings"
[0m15:20:04.870412 [debug] [Thread-2 (]: On snapshot.aws_dbt_snowflake_project.dim_listings: describe table "AIRBNB"."GOLD"."DIM_LISTINGS__dbt_tmp"
/* {"app": "dbt", "dbt_version": "1.12.4", "profile_name": "aws_dbt_snowflake_project", "target_name": "dev", "node_id": "snapshot.aws_dbt_snowflake_project.dim_listings"} */
[0m15:20:05.256859 [debug] [Thread-2 (]: SQL status: SUCCESS 13 in 0.387 seconds
[0m15:20:05.261453 [debug] [Thread-2 (]: Using snowflake connection "snapshot.aws_dbt_snowflake_project.dim_listings"
[0m15:20:05.261453 [debug] [Thread-2 (]: On snapshot.aws_dbt_snowflake_project.dim_listings: describe table "AIRBNB"."GOLD"."DIM_LISTINGS"
/* {"app": "dbt", "dbt_version": "1.12.4", "profile_name": "aws_dbt_snowflake_project", "target_name": "dev", "node_id": "snapshot.aws_dbt_snowflake_project.dim_listings"} */
[0m15:20:05.622593 [debug] [Thread-2 (]: SQL status: SUCCESS 11 in 0.361 seconds
[0m15:20:05.627630 [debug] [Thread-2 (]: Using snowflake connection "snapshot.aws_dbt_snowflake_project.dim_listings"
[0m15:20:05.627630 [debug] [Thread-2 (]: On snapshot.aws_dbt_snowflake_project.dim_listings: describe table "AIRBNB"."GOLD"."DIM_LISTINGS__dbt_tmp"
/* {"app": "dbt", "dbt_version": "1.12.4", "profile_name": "aws_dbt_snowflake_project", "target_name": "dev", "node_id": "snapshot.aws_dbt_snowflake_project.dim_listings"} */
[0m15:20:05.979903 [debug] [Thread-2 (]: SQL status: SUCCESS 13 in 0.349 seconds
[0m15:20:05.984968 [debug] [Thread-2 (]: Using snowflake connection "snapshot.aws_dbt_snowflake_project.dim_listings"
[0m15:20:05.984968 [debug] [Thread-2 (]: On snapshot.aws_dbt_snowflake_project.dim_listings: describe table "AIRBNB"."GOLD"."DIM_LISTINGS"
/* {"app": "dbt", "dbt_version": "1.12.4", "profile_name": "aws_dbt_snowflake_project", "target_name": "dev", "node_id": "snapshot.aws_dbt_snowflake_project.dim_listings"} */
[0m15:20:06.155863 [debug] [Thread-2 (]: SQL status: SUCCESS 11 in 0.168 seconds
[0m15:20:06.155863 [debug] [Thread-2 (]: Using snowflake connection "snapshot.aws_dbt_snowflake_project.dim_listings"
[0m15:20:06.155863 [debug] [Thread-2 (]: On snapshot.aws_dbt_snowflake_project.dim_listings: describe table "AIRBNB"."GOLD"."DIM_LISTINGS__dbt_tmp"
/* {"app": "dbt", "dbt_version": "1.12.4", "profile_name": "aws_dbt_snowflake_project", "target_name": "dev", "node_id": "snapshot.aws_dbt_snowflake_project.dim_listings"} */
[0m15:20:06.338820 [debug] [Thread-2 (]: SQL status: SUCCESS 13 in 0.178 seconds
[0m15:20:06.343845 [debug] [Thread-2 (]: Using snowflake connection "snapshot.aws_dbt_snowflake_project.dim_listings"
[0m15:20:06.343845 [debug] [Thread-2 (]: On snapshot.aws_dbt_snowflake_project.dim_listings: select * from (
        
    
    with snapshot_query as (

        with __dbt__cte__listings as (


WITH listings AS 
(
    SELECT 
        LISTING_ID,
        PROPERTY_TYPE,
        ROOM_TYPE,
        CITY,
        COUNTRY,
        PRICE_TAG,
        LISTING_CREATED_AT
    FROM 
        AIRBNB.gold.obt
)
SELECT * FROM listings
) select * from __dbt__cte__listings

    ),

    snapshotted_data as (

        select *, 
    
        LISTING_ID as dbt_unique_key
    

        from "AIRBNB"."GOLD"."DIM_LISTINGS"
        where
            
		
		

		
                ( (dbt_valid_to = to_date('9999-12-31')) or dbt_valid_to is null )
            

    ),

    insertions_source_data as (

        select *, 
    
        LISTING_ID as dbt_unique_key
    
,
            LISTING_CREATED_AT as dbt_updated_at,
            LISTING_CREATED_AT as dbt_valid_from,
            
  
  coalesce(nullif(LISTING_CREATED_AT, LISTING_CREATED_AT), to_date('9999-12-31'))
  as dbt_valid_to
,
            md5(coalesce(cast(LISTING_ID as varchar ), '')
         || '|' || coalesce(cast(LISTING_CREATED_AT as varchar ), '')
        ) as dbt_scd_id

        from snapshot_query
    ),

    updates_source_data as (

        select *, 
    
        LISTING_ID as dbt_unique_key
    
,
            LISTING_CREATED_AT as dbt_updated_at,
            LISTING_CREATED_AT as dbt_valid_from,
            LISTING_CREATED_AT as dbt_valid_to

        from snapshot_query
    ),

    insertions as (

        select
            'insert' as dbt_change_type,
            source_data.*

        from insertions_source_data as source_data
        left outer join snapshotted_data
            on 
    
        snapshotted_data.dbt_unique_key = source_data.dbt_unique_key
    

            where 
    
        snapshotted_data.dbt_unique_key is null
    

            or (
    
        snapshotted_data.dbt_unique_key is not null
    
 and (
               (snapshotted_data.dbt_valid_from < source_data.LISTING_CREATED_AT)
            )

        )

    ),

    updates as (

        select
            'update' as dbt_change_type,
            source_data.*,
            snapshotted_data.dbt_scd_id

        from updates_source_data as source_data
        join snapshotted_data
            on 
    
        snapshotted_data.dbt_unique_key = source_data.dbt_unique_key
    

        where (
            (snapshotted_data.dbt_valid_from < source_data.LISTING_CREATED_AT)
        )
    )

    select * from insertions
    union all
    select * from updates

    ) as __dbt_sbq
    where false
    limit 0
/* {"app": "dbt", "dbt_version": "1.12.4", "profile_name": "aws_dbt_snowflake_project", "target_name": "dev", "node_id": "snapshot.aws_dbt_snowflake_project.dim_listings"} */
/* {"app": "dbt", "dbt_version": "1.12.4", "profile_name": "aws_dbt_snowflake_project", "target_name": "dev", "node_id": "snapshot.aws_dbt_snowflake_project.dim_listings"} */
[0m15:20:06.780085 [debug] [Thread-2 (]: SQL status: SUCCESS 0 in 0.434 seconds
[0m15:20:06.780085 [debug] [Thread-2 (]: Using snowflake connection "snapshot.aws_dbt_snowflake_project.dim_listings"
[0m15:20:06.780085 [debug] [Thread-2 (]: On snapshot.aws_dbt_snowflake_project.dim_listings: select * from (
        select to_timestamp_ntz(convert_timezone('UTC', current_timestamp())) as dbt_snapshot_time
    ) as __dbt_sbq
    where false
    limit 0
/* {"app": "dbt", "dbt_version": "1.12.4", "profile_name": "aws_dbt_snowflake_project", "target_name": "dev", "node_id": "snapshot.aws_dbt_snowflake_project.dim_listings"} */
/* {"app": "dbt", "dbt_version": "1.12.4", "profile_name": "aws_dbt_snowflake_project", "target_name": "dev", "node_id": "snapshot.aws_dbt_snowflake_project.dim_listings"} */
[0m15:20:06.950183 [debug] [Thread-2 (]: SQL status: SUCCESS 0 in 0.167 seconds
[0m15:20:06.950183 [debug] [Thread-2 (]: Writing runtime sql for node "snapshot.aws_dbt_snowflake_project.dim_listings"
[0m15:20:06.955171 [debug] [Thread-2 (]: Using snowflake connection "snapshot.aws_dbt_snowflake_project.dim_listings"
[0m15:20:06.955171 [debug] [Thread-2 (]: On snapshot.aws_dbt_snowflake_project.dim_listings: BEGIN
/* {"app": "dbt", "dbt_version": "1.12.4", "profile_name": "aws_dbt_snowflake_project", "target_name": "dev", "node_id": "snapshot.aws_dbt_snowflake_project.dim_listings"} */
[0m15:20:07.141413 [debug] [Thread-2 (]: SQL status: SUCCESS 1 in 0.185 seconds
[0m15:20:07.141413 [debug] [Thread-2 (]: Using snowflake connection "snapshot.aws_dbt_snowflake_project.dim_listings"
[0m15:20:07.142427 [debug] [Thread-2 (]: On snapshot.aws_dbt_snowflake_project.dim_listings: merge into "AIRBNB"."GOLD"."DIM_LISTINGS" as DBT_INTERNAL_DEST
    using "AIRBNB"."GOLD"."DIM_LISTINGS__dbt_tmp" as DBT_INTERNAL_SOURCE
    on DBT_INTERNAL_SOURCE.dbt_scd_id = DBT_INTERNAL_DEST.dbt_scd_id

    when matched
     
	
	
	and ((DBT_INTERNAL_DEST.dbt_valid_to = to_date('9999-12-31')) or DBT_INTERNAL_DEST.dbt_valid_to is null)

     
     and DBT_INTERNAL_SOURCE.dbt_change_type in ('update', 'delete')
        then update
        set dbt_valid_to = DBT_INTERNAL_SOURCE.dbt_valid_to

    when not matched
     and DBT_INTERNAL_SOURCE.dbt_change_type = 'insert'
        then insert ("LISTING_ID", "PROPERTY_TYPE", "ROOM_TYPE", "CITY", "COUNTRY", "PRICE_TAG", "LISTING_CREATED_AT", "DBT_UPDATED_AT", "DBT_VALID_FROM", "DBT_VALID_TO", "DBT_SCD_ID")
        values ("LISTING_ID", "PROPERTY_TYPE", "ROOM_TYPE", "CITY", "COUNTRY", "PRICE_TAG", "LISTING_CREATED_AT", "DBT_UPDATED_AT", "DBT_VALID_FROM", "DBT_VALID_TO", "DBT_SCD_ID")


/* {"app": "dbt", "dbt_version": "1.12.4", "profile_name": "aws_dbt_snowflake_project", "target_name": "dev", "node_id": "snapshot.aws_dbt_snowflake_project.dim_listings"} */;
[0m15:20:07.489768 [debug] [Thread-2 (]: SQL status: SUCCESS 0 in 0.348 seconds
[0m15:20:07.489768 [debug] [Thread-2 (]: Using snowflake connection "snapshot.aws_dbt_snowflake_project.dim_listings"
[0m15:20:07.489768 [debug] [Thread-2 (]: On snapshot.aws_dbt_snowflake_project.dim_listings: COMMIT
/* {"app": "dbt", "dbt_version": "1.12.4", "profile_name": "aws_dbt_snowflake_project", "target_name": "dev", "node_id": "snapshot.aws_dbt_snowflake_project.dim_listings"} */
[0m15:20:07.680370 [debug] [Thread-2 (]: SQL status: SUCCESS 1 in 0.187 seconds
[0m15:20:07.683323 [debug] [Thread-2 (]: Sending event: {'category': 'dbt', 'action': 'run_model', 'label': 'c0642f83-002f-455b-bab5-3bbfcefdb560', 'context': [<snowplow_tracker.self_describing_json.SelfDescribingJson object at 0x0000016B7663DB50>]}
[0m15:20:07.683323 [info ] [Thread-2 (]: 10 of 10 OK snapshotted gold.dim_listings ...................................... [[32mSUCCESS 0[0m in 6.76s]
[0m15:20:07.683323 [debug] [Thread-2 (]: Finished running node snapshot.aws_dbt_snowflake_project.dim_listings
[0m15:20:07.683323 [debug] [MainThread]: Connection 'master' was properly closed.
[0m15:20:07.688336 [debug] [MainThread]: Connection 'list_AIRBNB' was left open.
[0m15:20:07.688336 [debug] [MainThread]: On list_AIRBNB: Close
[0m15:20:07.986658 [debug] [MainThread]: Connection 'list_AIRBNB_gold' was left open.
[0m15:20:07.986658 [debug] [MainThread]: On list_AIRBNB_gold: Close
[0m15:20:08.292915 [debug] [MainThread]: Connection 'snapshot.aws_dbt_snowflake_project.dim_listings' was left open.
[0m15:20:08.292915 [debug] [MainThread]: On snapshot.aws_dbt_snowflake_project.dim_listings: Close
[0m15:20:08.584522 [info ] [MainThread]: 
[0m15:20:08.584522 [info ] [MainThread]: Finished running 6 incremental models, 3 snapshots, 1 table model in 0 hours 0 minutes and 34.23 seconds (34.23s).
[0m15:20:08.584522 [debug] [MainThread]: Command end result
[0m15:20:08.633338 [debug] [MainThread]: Wrote artifact WritableManifest to C:\Users\Zaheer Alam\Desktop\all files\AWS_DBT_Snowflake\aws_dbt_snowflake_project\target\manifest.json
[0m15:20:08.638353 [debug] [MainThread]: Wrote artifact SemanticManifest to C:\Users\Zaheer Alam\Desktop\all files\AWS_DBT_Snowflake\aws_dbt_snowflake_project\target\semantic_manifest.json
[0m15:20:08.638353 [debug] [MainThread]: Wrote artifact OsiDocument to C:\Users\Zaheer Alam\Desktop\all files\AWS_DBT_Snowflake\aws_dbt_snowflake_project\target\osi_document.json
[0m15:20:08.649610 [debug] [MainThread]: Wrote artifact RunExecutionResult to C:\Users\Zaheer Alam\Desktop\all files\AWS_DBT_Snowflake\aws_dbt_snowflake_project\target\run_results.json
[0m15:20:08.650607 [info ] [MainThread]: 
[0m15:20:08.651605 [info ] [MainThread]: [32mCompleted successfully[0m
[0m15:20:08.651605 [info ] [MainThread]: 
[0m15:20:08.652609 [info ] [MainThread]: Done. PASS=10 WARN=0 ERROR=0 SKIP=0 NO-OP=0 REUSED=0 TOTAL=10
[0m15:20:08.653630 [debug] [MainThread]: Command `dbt build` succeeded at 15:20:08.653630 after 39.51 seconds
[0m15:20:08.653630 [debug] [MainThread]: Sending event: {'category': 'dbt', 'action': 'invocation', 'label': 'end', 'context': [<snowplow_tracker.self_describing_json.SelfDescribingJson object at 0x0000016B797B2B70>, <snowplow_tracker.self_describing_json.SelfDescribingJson object at 0x0000016B76F70560>, <snowplow_tracker.self_describing_json.SelfDescribingJson object at 0x0000016B7B65DDF0>]}
[0m15:20:08.654643 [debug] [MainThread]: Flushing usage events
[0m15:20:10.692790 [debug] [MainThread]: An error was encountered while trying to flush usage events
[0m15:27:17.313128 [debug] [MainThread]: Sending event: {'category': 'dbt', 'action': 'invocation', 'label': 'start', 'context': [<snowplow_tracker.self_describing_json.SelfDescribingJson object at 0x0000022C3EAD1550>, <snowplow_tracker.self_describing_json.SelfDescribingJson object at 0x0000022C3EAD2D50>, <snowplow_tracker.self_describing_json.SelfDescribingJson object at 0x0000022C3EAD2210>]}


============================== 15:27:17.317761 | d9ccdb5b-47d3-4ba2-be58-893bed4a9891 ==============================
[0m15:27:17.317761 [info ] [MainThread]: Running with dbt=1.12.4
[0m15:27:17.318776 [debug] [MainThread]: running dbt with arguments {'maximum_seed_size_mib': '1', 'no_print': 'None', 'version_check': 'True', 'warn_error_options': 'WarnErrorOptionsV2(error=[], warn=[], silence=[])', 'target_path': 'None', 'static_parser': 'True', 'printer_width': '80', 'write_json': 'True', 'introspect': 'True', 'log_cache_events': 'False', 'empty': 'None', 'cache_selected_only': 'False', 'log_format': 'default', 'debug': 'False', 'fail_fast': 'False', 'partial_parse': 'True', 'send_anonymous_usage_stats': 'True', 'quiet': 'False', 'warn_error': 'None', 'profiles_dir': 'C:\\Users\\Zaheer Alam\\.dbt', 'use_colors': 'True', 'hints_enabled': 'True', 'indirect_selection': 'eager', 'use_experimental_parser': 'False', 'invocation_command': 'dbt ', 'log_path': 'c:\\Users\\Zaheer Alam\\Desktop\\all files\\AWS_DBT_Snowflake\\aws_dbt_snowflake_project\\logs'}
[0m15:27:17.527394 [debug] [MainThread]: Sending event: {'category': 'dbt', 'action': 'project_id', 'label': 'd9ccdb5b-47d3-4ba2-be58-893bed4a9891', 'context': [<snowplow_tracker.self_describing_json.SelfDescribingJson object at 0x0000022C3EAABE30>]}
[0m15:27:17.605709 [info ] [MainThread]: Warning: No packages were found in packages.yml
[0m15:27:17.606711 [info ] [MainThread]: Warning: No packages were found in packages.yml
[0m15:27:17.608714 [debug] [MainThread]: Command `cli deps` succeeded at 15:27:17.608714 after 0.44 seconds
[0m15:27:17.608714 [debug] [MainThread]: Sending event: {'category': 'dbt', 'action': 'invocation', 'label': 'end', 'context': [<snowplow_tracker.self_describing_json.SelfDescribingJson object at 0x0000022C3C82CB30>, <snowplow_tracker.self_describing_json.SelfDescribingJson object at 0x0000022C3C82D580>, <snowplow_tracker.self_describing_json.SelfDescribingJson object at 0x0000022C3EDA2720>]}
[0m15:27:17.609711 [debug] [MainThread]: Flushing usage events
[0m15:27:19.483976 [debug] [MainThread]: An error was encountered while trying to flush usage events
[0m15:34:35.234897 [debug] [MainThread]: Sending event: {'category': 'dbt', 'action': 'invocation', 'label': 'start', 'context': [<snowplow_tracker.self_describing_json.SelfDescribingJson object at 0x000002305C0AC2F0>, <snowplow_tracker.self_describing_json.SelfDescribingJson object at 0x000002305B98D550>, <snowplow_tracker.self_describing_json.SelfDescribingJson object at 0x000002305B98D580>]}


============================== 15:34:35.240382 | 22a46aaa-982a-46b1-bcf5-a926d91946c9 ==============================
[0m15:34:35.240382 [info ] [MainThread]: Running with dbt=1.12.4
[0m15:34:35.240937 [debug] [MainThread]: running dbt with arguments {'maximum_seed_size_mib': '1', 'no_print': 'None', 'static_parser': 'True', 'warn_error_options': 'WarnErrorOptionsV2(error=[], warn=[], silence=[])', 'target_path': 'None', 'version_check': 'True', 'printer_width': '80', 'write_json': 'True', 'introspect': 'True', 'log_cache_events': 'False', 'empty': 'None', 'cache_selected_only': 'False', 'fail_fast': 'False', 'debug': 'False', 'log_format': 'default', 'partial_parse': 'True', 'send_anonymous_usage_stats': 'True', 'quiet': 'False', 'warn_error': 'None', 'profiles_dir': 'C:\\Users\\Zaheer Alam\\.dbt', 'invocation_command': 'dbt ', 'hints_enabled': 'True', 'indirect_selection': 'eager', 'use_experimental_parser': 'False', 'use_colors': 'True', 'log_path': 'c:\\Users\\Zaheer Alam\\Desktop\\all files\\AWS_DBT_Snowflake\\aws_dbt_snowflake_project\\logs'}
[0m15:34:35.382013 [debug] [MainThread]: Sending event: {'category': 'dbt', 'action': 'project_id', 'label': '22a46aaa-982a-46b1-bcf5-a926d91946c9', 'context': [<snowplow_tracker.self_describing_json.SelfDescribingJson object at 0x000002305CA9FC80>]}
[0m15:34:35.591874 [info ] [MainThread]: Warning: No packages were found in packages.yml
[0m15:34:35.593864 [info ] [MainThread]: Warning: No packages were found in packages.yml
[0m15:34:35.594863 [debug] [MainThread]: Command `cli deps` succeeded at 15:34:35.594863 after 0.52 seconds
[0m15:34:35.595862 [debug] [MainThread]: Sending event: {'category': 'dbt', 'action': 'invocation', 'label': 'end', 'context': [<snowplow_tracker.self_describing_json.SelfDescribingJson object at 0x000002305C065400>, <snowplow_tracker.self_describing_json.SelfDescribingJson object at 0x000002305DECFEC0>, <snowplow_tracker.self_describing_json.SelfDescribingJson object at 0x000002305B95CD10>]}
[0m15:34:35.595862 [debug] [MainThread]: Flushing usage events
[0m15:34:37.515902 [debug] [MainThread]: An error was encountered while trying to flush usage events
